id,actual_default_flag,days_past_due,balance,credit_limit,external_score,days_past_due_bin,days_past_due_woe,balance_bin,balance_woe,credit_limit_bin,credit_limit_woe,external_score_bin,external_score_woe
2856,0,2,17.19714288,600,546,"(1.5, 15.5]",-0.0406773138368468,"(-inf, 138.68]",0.3508536149625971,"(250.0, 1150.0]",0.34084726192349113,"(450.5, 623.5]",0.04047982904804176
1253,0,40,1309.348363,1400,842,"(30.5, 60.5]",2.1720634895446294,"(1121.69, inf]",-1.0359899775063022,"(1350.0, 1750.0]",-0.5494831152766727,"(702.5, inf]",-1.7446851744547323
2889,0,2,2256.716616,2600,994,"(1.5, 15.5]",-0.0406773138368468,"(1121.69, inf]",-1.0359899775063022,"(1750.0, inf]",-1.264675762282789,"(702.5, inf]",-1.7446851744547323
1821,0,0,659.4015246,700,607,"(-inf, 1.5]",-0.5795501057798665,"(138.68, 1121.69]",0.041654227303983424,"(250.0, 1150.0]",0.34084726192349113,"(450.5, 623.5]",0.04047982904804176
3725,1,0,356.8823433,1000,594,"(-inf, 1.5]",-0.5795501057798665,"(138.68, 1121.69]",0.041654227303983424,"(250.0, 1150.0]",0.34084726192349113,"(450.5, 623.5]",0.04047982904804176
3315,0,2,79.37166797,400,417,"(1.5, 15.5]",-0.0406773138368468,"(-inf, 138.68]",0.3508536149625971,"(250.0, 1150.0]",0.34084726192349113,"(191.5, 450.5]",0.4745183096002622
114,0,4,36.13134332,500,309,"(1.5, 15.5]",-0.0406773138368468,"(-inf, 138.68]",0.3508536149625971,"(250.0, 1150.0]",0.34084726192349113,"(191.5, 450.5]",0.4745183096002622
3337,0,0,630.3999245,1900,913,"(-inf, 1.5]",-0.5795501057798665,"(138.68, 1121.69]",0.041654227303983424,"(1750.0, inf]",-1.264675762282789,"(702.5, inf]",-1.7446851744547323
1689,0,11,221.4401712,500,474,"(1.5, 15.5]",-0.0406773138368468,"(138.68, 1121.69]",0.041654227303983424,"(250.0, 1150.0]",0.34084726192349113,"(450.5, 623.5]",0.04047982904804176
62,1,20,273.4471974,800,271,"(15.5, 30.5]",0.6686743240412198,"(138.68, 1121.69]",0.041654227303983424,"(250.0, 1150.0]",0.34084726192349113,"(191.5, 450.5]",0.4745183096002622
81,0,0,1133.635179,1300,803,"(-inf, 1.5]",-0.5795501057798665,"(1121.69, inf]",-1.0359899775063022,"(1150.0, 1350.0]",-0.2281076149142269,"(702.5, inf]",-1.7446851744547323
842,1,0,352.5346005,900,424,"(-inf, 1.5]",-0.5795501057798665,"(138.68, 1121.69]",0.041654227303983424,"(250.0, 1150.0]",0.34084726192349113,"(191.5, 450.5]",0.4745183096002622
391,0,2,638.662232,1000,781,"(1.5, 15.5]",-0.0406773138368468,"(138.68, 1121.69]",0.041654227303983424,"(250.0, 1150.0]",0.34084726192349113,"(702.5, inf]",-1.7446851744547323
4003,0,20,217.6124376,600,24,"(15.5, 30.5]",0.6686743240412198,"(138.68, 1121.69]",0.041654227303983424,"(250.0, 1150.0]",0.34084726192349113,"(-inf, 191.5]",1.1741703917563333
829,0,6,100.5674652,700,364,"(1.5, 15.5]",-0.0406773138368468,"(-inf, 138.68]",0.3508536149625971,"(250.0, 1150.0]",0.34084726192349113,"(191.5, 450.5]",0.4745183096002622
1898,0,5,752.7561814,1800,810,"(1.5, 15.5]",-0.0406773138368468,"(138.68, 1121.69]",0.041654227303983424,"(1750.0, inf]",-1.264675762282789,"(702.5, inf]",-1.7446851744547323
1742,0,0,188.3556448,500,395,"(-inf, 1.5]",-0.5795501057798665,"(138.68, 1121.69]",0.041654227303983424,"(250.0, 1150.0]",0.34084726192349113,"(191.5, 450.5]",0.4745183096002622
4233,0,0,676.4925197,700,302,"(-inf, 1.5]",-0.5795501057798665,"(138.68, 1121.69]",0.041654227303983424,"(250.0, 1150.0]",0.34084726192349113,"(191.5, 450.5]",0.4745183096002622
1927,0,5,1817.522136,2300,990,"(1.5, 15.5]",-0.0406773138368468,"(1121.69, inf]",-1.0359899775063022,"(1750.0, inf]",-1.264675762282789,"(702.5, inf]",-1.7446851744547323
3406,1,0,719.0303222,800,253,"(-inf, 1.5]",-0.5795501057798665,"(138.68, 1121.69]",0.041654227303983424,"(250.0, 1150.0]",0.34084726192349113,"(191.5, 450.5]",0.4745183096002622
1528,0,24,255.2746742,800,187,"(15.5, 30.5]",0.6686743240412198,"(138.68, 1121.69]",0.041654227303983424,"(250.0, 1150.0]",0.34084726192349113,"(-inf, 191.5]",1.1741703917563333
127,0,4,95.9015168,500,101,"(1.5, 15.5]",-0.0406773138368468,"(-inf, 138.68]",0.3508536149625971,"(250.0, 1150.0]",0.34084726192349113,"(-inf, 191.5]",1.1741703917563333
1649,1,2,302.8728731,1200,796,"(1.5, 15.5]",-0.0406773138368468,"(138.68, 1121.69]",0.041654227303983424,"(1150.0, 1350.0]",-0.2281076149142269,"(702.5, inf]",-1.7446851744547323
2302,0,6,170.1502186,200,193,"(1.5, 15.5]",-0.0406773138368468,"(138.68, 1121.69]",0.041654227303983424,"(-inf, 250.0]",0.6610277277346917,"(191.5, 450.5]",0.4745183096002622
3509,0,1,132.4553717,800,22,"(-inf, 1.5]",-0.5795501057798665,"(-inf, 138.68]",0.3508536149625971,"(250.0, 1150.0]",0.34084726192349113,"(-inf, 191.5]",1.1741703917563333
960,1,1,561.0404501,600,456,"(-inf, 1.5]",-0.5795501057798665,"(138.68, 1121.69]",0.041654227303983424,"(250.0, 1150.0]",0.34084726192349113,"(450.5, 623.5]",0.04047982904804176
130,0,1,54.41674922,700,310,"(-inf, 1.5]",-0.5795501057798665,"(-inf, 138.68]",0.3508536149625971,"(250.0, 1150.0]",0.34084726192349113,"(191.5, 450.5]",0.4745183096002622
3581,1,3,93.66922121,200,129,"(1.5, 15.5]",-0.0406773138368468,"(-inf, 138.68]",0.3508536149625971,"(-inf, 250.0]",0.6610277277346917,"(-inf, 191.5]",1.1741703917563333
1325,0,11,1014.454315,1500,845,"(1.5, 15.5]",-0.0406773138368468,"(138.68, 1121.69]",0.041654227303983424,"(1350.0, 1750.0]",-0.5494831152766727,"(702.5, inf]",-1.7446851744547323
4632,0,6,290.0138518,700,395,"(1.5, 15.5]",-0.0406773138368468,"(138.68, 1121.69]",0.041654227303983424,"(250.0, 1150.0]",0.34084726192349113,"(191.5, 450.5]",0.4745183096002622
4773,0,0,276.2873073,1600,995,"(-inf, 1.5]",-0.5795501057798665,"(138.68, 1121.69]",0.041654227303983424,"(1350.0, 1750.0]",-0.5494831152766727,"(702.5, inf]",-1.7446851744547323
3263,0,0,578.6106522,1800,909,"(-inf, 1.5]",-0.5795501057798665,"(138.68, 1121.69]",0.041654227303983424,"(1750.0, inf]",-1.264675762282789,"(702.5, inf]",-1.7446851744547323
1242,1,0,499.1596736,700,82,"(-inf, 1.5]",-0.5795501057798665,"(138.68, 1121.69]",0.041654227303983424,"(250.0, 1150.0]",0.34084726192349113,"(-inf, 191.5]",1.1741703917563333
3347,0,0,928.0544271,1400,759,"(-inf, 1.5]",-0.5795501057798665,"(138.68, 1121.69]",0.041654227303983424,"(1350.0, 1750.0]",-0.5494831152766727,"(702.5, inf]",-1.7446851744547323
2267,0,5,294.4934382,600,349,"(1.5, 15.5]",-0.0406773138368468,"(138.68, 1121.69]",0.041654227303983424,"(250.0, 1150.0]",0.34084726192349113,"(191.5, 450.5]",0.4745183096002622
472,1,3,1102.451459,1300,230,"(1.5, 15.5]",-0.0406773138368468,"(138.68, 1121.69]",0.041654227303983424,"(1150.0, 1350.0]",-0.2281076149142269,"(191.5, 450.5]",0.4745183096002622
1700,0,1,20.3233992,800,486,"(-inf, 1.5]",-0.5795501057798665,"(-inf, 138.68]",0.3508536149625971,"(250.0, 1150.0]",0.34084726192349113,"(450.5, 623.5]",0.04047982904804176
2964,1,1,271.5673069,1500,590,"(-inf, 1.5]",-0.5795501057798665,"(138.68, 1121.69]",0.041654227303983424,"(1350.0, 1750.0]",-0.5494831152766727,"(450.5, 623.5]",0.04047982904804176
975,0,0,1366.467132,1900,910,"(-inf, 1.5]",-0.5795501057798665,"(1121.69, inf]",-1.0359899775063022,"(1750.0, inf]",-1.264675762282789,"(702.5, inf]",-1.7446851744547323
2236,0,0,368.7551745,1800,739,"(-inf, 1.5]",-0.5795501057798665,"(138.68, 1121.69]",0.041654227303983424,"(1750.0, inf]",-1.264675762282789,"(702.5, inf]",-1.7446851744547323
1992,0,1,2470.049786,2700,879,"(-inf, 1.5]",-0.5795501057798665,"(1121.69, inf]",-1.0359899775063022,"(1750.0, inf]",-1.264675762282789,"(702.5, inf]",-1.7446851744547323
1487,0,1,1021.237031,1800,896,"(-inf, 1.5]",-0.5795501057798665,"(138.68, 1121.69]",0.041654227303983424,"(1750.0, inf]",-1.264675762282789,"(702.5, inf]",-1.7446851744547323
3439,0,4,1419.922085,2400,857,"(1.5, 15.5]",-0.0406773138368468,"(1121.69, inf]",-1.0359899775063022,"(1750.0, inf]",-1.264675762282789,"(702.5, inf]",-1.7446851744547323
1567,0,0,165.869227,1900,868,"(-inf, 1.5]",-0.5795501057798665,"(138.68, 1121.69]",0.041654227303983424,"(1750.0, inf]",-1.264675762282789,"(702.5, inf]",-1.7446851744547323
1294,1,4,275.9241245,500,448,"(1.5, 15.5]",-0.0406773138368468,"(138.68, 1121.69]",0.041654227303983424,"(250.0, 1150.0]",0.34084726192349113,"(191.5, 450.5]",0.4745183096002622
3470,0,0,252.039144,900,718,"(-inf, 1.5]",-0.5795501057798665,"(138.68, 1121.69]",0.041654227303983424,"(250.0, 1150.0]",0.34084726192349113,"(702.5, inf]",-1.7446851744547323
2005,0,0,1341.675341,2200,988,"(-inf, 1.5]",-0.5795501057798665,"(1121.69, inf]",-1.0359899775063022,"(1750.0, inf]",-1.264675762282789,"(702.5, inf]",-1.7446851744547323
3164,0,11,5.09298235,1800,677,"(1.5, 15.5]",-0.0406773138368468,"(-inf, 138.68]",0.3508536149625971,"(1750.0, inf]",-1.264675762282789,"(623.5, 702.5]",-0.563990054998142
344,0,0,1355.830089,1900,903,"(-inf, 1.5]",-0.5795501057798665,"(1121.69, inf]",-1.0359899775063022,"(1750.0, inf]",-1.264675762282789,"(702.5, inf]",-1.7446851744547323
2977,1,7,106.3559732,200,297,"(1.5, 15.5]",-0.0406773138368468,"(-inf, 138.68]",0.3508536149625971,"(-inf, 250.0]",0.6610277277346917,"(191.5, 450.5]",0.4745183096002622
3518,1,35,786.2656157,1400,849,"(30.5, 60.5]",2.1720634895446294,"(138.68, 1121.69]",0.041654227303983424,"(1350.0, 1750.0]",-0.5494831152766727,"(702.5, inf]",-1.7446851744547323
1698,1,8,329.9956227,1100,200,"(1.5, 15.5]",-0.0406773138368468,"(138.68, 1121.69]",0.041654227303983424,"(250.0, 1150.0]",0.34084726192349113,"(191.5, 450.5]",0.4745183096002622
3183,0,0,0.213646614,1800,716,"(-inf, 1.5]",-0.5795501057798665,"(-inf, 138.68]",0.3508536149625971,"(1750.0, inf]",-1.264675762282789,"(702.5, inf]",-1.7446851744547323
2935,0,0,908.6583625,1100,515,"(-inf, 1.5]",-0.5795501057798665,"(138.68, 1121.69]",0.041654227303983424,"(250.0, 1150.0]",0.34084726192349113,"(450.5, 623.5]",0.04047982904804176
1060,0,0,432.6293949,1200,521,"(-inf, 1.5]",-0.5795501057798665,"(138.68, 1121.69]",0.041654227303983424,"(1150.0, 1350.0]",-0.2281076149142269,"(450.5, 623.5]",0.04047982904804176
3121,1,0,605.2126386,700,386,"(-inf, 1.5]",-0.5795501057798665,"(138.68, 1121.69]",0.041654227303983424,"(250.0, 1150.0]",0.34084726192349113,"(191.5, 450.5]",0.4745183096002622
2634,1,57,99.72283233,600,206,"(30.5, 60.5]",2.1720634895446294,"(-inf, 138.68]",0.3508536149625971,"(250.0, 1150.0]",0.34084726192349113,"(191.5, 450.5]",0.4745183096002622
3428,0,1,744.5480008,1200,641,"(-inf, 1.5]",-0.5795501057798665,"(138.68, 1121.69]",0.041654227303983424,"(1150.0, 1350.0]",-0.2281076149142269,"(623.5, 702.5]",-0.563990054998142
1544,0,3,128.1973716,600,366,"(1.5, 15.5]",-0.0406773138368468,"(-inf, 138.68]",0.3508536149625971,"(250.0, 1150.0]",0.34084726192349113,"(191.5, 450.5]",0.4745183096002622
1292,0,0,1293.347668,1400,759,"(-inf, 1.5]",-0.5795501057798665,"(1121.69, inf]",-1.0359899775063022,"(1350.0, 1750.0]",-0.5494831152766727,"(702.5, inf]",-1.7446851744547323
3628,1,7,536.8481633,700,219,"(1.5, 15.5]",-0.0406773138368468,"(138.68, 1121.69]",0.041654227303983424,"(250.0, 1150.0]",0.34084726192349113,"(191.5, 450.5]",0.4745183096002622
4850,0,1,371.0902811,800,179,"(-inf, 1.5]",-0.5795501057798665,"(138.68, 1121.69]",0.041654227303983424,"(250.0, 1150.0]",0.34084726192349113,"(-inf, 191.5]",1.1741703917563333
1283,0,4,354.7574569,600,19,"(1.5, 15.5]",-0.0406773138368468,"(138.68, 1121.69]",0.041654227303983424,"(250.0, 1150.0]",0.34084726192349113,"(-inf, 191.5]",1.1741703917563333
3821,0,2,143.7906911,600,6,"(1.5, 15.5]",-0.0406773138368468,"(138.68, 1121.69]",0.041654227303983424,"(250.0, 1150.0]",0.34084726192349113,"(-inf, 191.5]",1.1741703917563333
448,0,12,696.0821159,900,590,"(1.5, 15.5]",-0.0406773138368468,"(138.68, 1121.69]",0.041654227303983424,"(250.0, 1150.0]",0.34084726192349113,"(450.5, 623.5]",0.04047982904804176
3300,0,9,1001.698901,1200,591,"(1.5, 15.5]",-0.0406773138368468,"(138.68, 1121.69]",0.041654227303983424,"(1150.0, 1350.0]",-0.2281076149142269,"(450.5, 623.5]",0.04047982904804176
7,1,13,270.4825637,300,117,"(1.5, 15.5]",-0.0406773138368468,"(138.68, 1121.69]",0.041654227303983424,"(250.0, 1150.0]",0.34084726192349113,"(-inf, 191.5]",1.1741703917563333
982,0,3,303.1588913,1200,813,"(1.5, 15.5]",-0.0406773138368468,"(138.68, 1121.69]",0.041654227303983424,"(1150.0, 1350.0]",-0.2281076149142269,"(702.5, inf]",-1.7446851744547323
469,0,1,183.6207962,1500,879,"(-inf, 1.5]",-0.5795501057798665,"(138.68, 1121.69]",0.041654227303983424,"(1350.0, 1750.0]",-0.5494831152766727,"(702.5, inf]",-1.7446851744547323
1383,0,2,650.4146683,1200,666,"(1.5, 15.5]",-0.0406773138368468,"(138.68, 1121.69]",0.041654227303983424,"(1150.0, 1350.0]",-0.2281076149142269,"(623.5, 702.5]",-0.563990054998142
3856,0,27,793.9636275,1200,666,"(15.5, 30.5]",0.6686743240412198,"(138.68, 1121.69]",0.041654227303983424,"(1150.0, 1350.0]",-0.2281076149142269,"(623.5, 702.5]",-0.563990054998142
4778,1,27,146.380932,500,345,"(15.5, 30.5]",0.6686743240412198,"(138.68, 1121.69]",0.041654227303983424,"(250.0, 1150.0]",0.34084726192349113,"(191.5, 450.5]",0.4745183096002622
2535,0,0,762.4081987,1700,832,"(-inf, 1.5]",-0.5795501057798665,"(138.68, 1121.69]",0.041654227303983424,"(1350.0, 1750.0]",-0.5494831152766727,"(702.5, inf]",-1.7446851744547323
3768,0,1,269.345856,600,430,"(-inf, 1.5]",-0.5795501057798665,"(138.68, 1121.69]",0.041654227303983424,"(250.0, 1150.0]",0.34084726192349113,"(191.5, 450.5]",0.4745183096002622
4639,0,1,708.2559097,800,587,"(-inf, 1.5]",-0.5795501057798665,"(138.68, 1121.69]",0.041654227303983424,"(250.0, 1150.0]",0.34084726192349113,"(450.5, 623.5]",0.04047982904804176
3818,0,4,1664.009598,2500,992,"(1.5, 15.5]",-0.0406773138368468,"(1121.69, inf]",-1.0359899775063022,"(1750.0, inf]",-1.264675762282789,"(702.5, inf]",-1.7446851744547323
2444,0,13,95.1739008,1000,602,"(1.5, 15.5]",-0.0406773138368468,"(-inf, 138.68]",0.3508536149625971,"(250.0, 1150.0]",0.34084726192349113,"(450.5, 623.5]",0.04047982904804176
3640,0,0,1205.242059,1300,194,"(-inf, 1.5]",-0.5795501057798665,"(1121.69, inf]",-1.0359899775063022,"(1150.0, 1350.0]",-0.2281076149142269,"(191.5, 450.5]",0.4745183096002622
2837,0,0,754.3538222,900,410,"(-inf, 1.5]",-0.5795501057798665,"(138.68, 1121.69]",0.041654227303983424,"(250.0, 1150.0]",0.34084726192349113,"(191.5, 450.5]",0.4745183096002622
4033,0,2,751.2687782,900,289,"(1.5, 15.5]",-0.0406773138368468,"(138.68, 1121.69]",0.041654227303983424,"(250.0, 1150.0]",0.34084726192349113,"(191.5, 450.5]",0.4745183096002622
4924,0,0,273.708421,600,757,"(-inf, 1.5]",-0.5795501057798665,"(138.68, 1121.69]",0.041654227303983424,"(250.0, 1150.0]",0.34084726192349113,"(702.5, inf]",-1.7446851744547323
3727,0,15,58.68969567,400,154,"(1.5, 15.5]",-0.0406773138368468,"(-inf, 138.68]",0.3508536149625971,"(250.0, 1150.0]",0.34084726192349113,"(-inf, 191.5]",1.1741703917563333
4659,0,26,364.4024422,800,213,"(15.5, 30.5]",0.6686743240412198,"(138.68, 1121.69]",0.041654227303983424,"(250.0, 1150.0]",0.34084726192349113,"(191.5, 450.5]",0.4745183096002622
204,0,2,165.4179327,1000,426,"(1.5, 15.5]",-0.0406773138368468,"(138.68, 1121.69]",0.041654227303983424,"(250.0, 1150.0]",0.34084726192349113,"(191.5, 450.5]",0.4745183096002622
1551,0,2,382.1486413,900,454,"(1.5, 15.5]",-0.0406773138368468,"(138.68, 1121.69]",0.041654227303983424,"(250.0, 1150.0]",0.34084726192349113,"(450.5, 623.5]",0.04047982904804176
4022,0,0,1305.95085,1800,887,"(-inf, 1.5]",-0.5795501057798665,"(1121.69, inf]",-1.0359899775063022,"(1750.0, inf]",-1.264675762282789,"(702.5, inf]",-1.7446851744547323
1276,0,1,266.7787978,900,416,"(-inf, 1.5]",-0.5795501057798665,"(138.68, 1121.69]",0.041654227303983424,"(250.0, 1150.0]",0.34084726192349113,"(191.5, 450.5]",0.4745183096002622
2723,0,10,632.5328202,2500,757,"(1.5, 15.5]",-0.0406773138368468,"(138.68, 1121.69]",0.041654227303983424,"(1750.0, inf]",-1.264675762282789,"(702.5, inf]",-1.7446851744547323
3869,0,0,364.8744878,800,402,"(-inf, 1.5]",-0.5795501057798665,"(138.68, 1121.69]",0.041654227303983424,"(250.0, 1150.0]",0.34084726192349113,"(191.5, 450.5]",0.4745183096002622
3536,0,0,471.258878,500,310,"(-inf, 1.5]",-0.5795501057798665,"(138.68, 1121.69]",0.041654227303983424,"(250.0, 1150.0]",0.34084726192349113,"(191.5, 450.5]",0.4745183096002622
2623,0,10,122.4192608,1000,559,"(1.5, 15.5]",-0.0406773138368468,"(-inf, 138.68]",0.3508536149625971,"(250.0, 1150.0]",0.34084726192349113,"(450.5, 623.5]",0.04047982904804176
4058,0,0,2016.464345,2200,838,"(-inf, 1.5]",-0.5795501057798665,"(1121.69, inf]",-1.0359899775063022,"(1750.0, inf]",-1.264675762282789,"(702.5, inf]",-1.7446851744547323
4594,0,0,738.0902766,1500,894,"(-inf, 1.5]",-0.5795501057798665,"(138.68, 1121.69]",0.041654227303983424,"(1350.0, 1750.0]",-0.5494831152766727,"(702.5, inf]",-1.7446851744547323
1191,1,5,318.8709752,400,2,"(1.5, 15.5]",-0.0406773138368468,"(138.68, 1121.69]",0.041654227303983424,"(250.0, 1150.0]",0.34084726192349113,"(-inf, 191.5]",1.1741703917563333
1538,0,0,1209.924963,1300,892,"(-inf, 1.5]",-0.5795501057798665,"(1121.69, inf]",-1.0359899775063022,"(1150.0, 1350.0]",-0.2281076149142269,"(702.5, inf]",-1.7446851744547323
4140,0,29,738.4638383,800,241,"(15.5, 30.5]",0.6686743240412198,"(138.68, 1121.69]",0.041654227303983424,"(250.0, 1150.0]",0.34084726192349113,"(191.5, 450.5]",0.4745183096002622
3496,0,30,257.8317882,800,205,"(15.5, 30.5]",0.6686743240412198,"(138.68, 1121.69]",0.041654227303983424,"(250.0, 1150.0]",0.34084726192349113,"(191.5, 450.5]",0.4745183096002622
2229,1,43,1010.116583,1100,402,"(30.5, 60.5]",2.1720634895446294,"(138.68, 1121.69]",0.041654227303983424,"(250.0, 1150.0]",0.34084726192349113,"(191.5, 450.5]",0.4745183096002622
1372,0,1,1151.82417,1700,711,"(-inf, 1.5]",-0.5795501057798665,"(1121.69, inf]",-1.0359899775063022,"(1350.0, 1750.0]",-0.5494831152766727,"(702.5, inf]",-1.7446851744547323
4111,0,22,420.5361206,1100,229,"(15.5, 30.5]",0.6686743240412198,"(138.68, 1121.69]",0.041654227303983424,"(250.0, 1150.0]",0.34084726192349113,"(191.5, 450.5]",0.4745183096002622
236,0,6,190.8289387,200,279,"(1.5, 15.5]",-0.0406773138368468,"(138.68, 1121.69]",0.041654227303983424,"(-inf, 250.0]",0.6610277277346917,"(191.5, 450.5]",0.4745183096002622
2377,0,8,648.7658935,700,410,"(1.5, 15.5]",-0.0406773138368468,"(138.68, 1121.69]",0.041654227303983424,"(250.0, 1150.0]",0.34084726192349113,"(191.5, 450.5]",0.4745183096002622
2172,1,63,54.10464323,600,312,"(60.5, inf]",4.147649406746059,"(-inf, 138.68]",0.3508536149625971,"(250.0, 1150.0]",0.34084726192349113,"(191.5, 450.5]",0.4745183096002622
606,0,0,767.587616,1000,409,"(-inf, 1.5]",-0.5795501057798665,"(138.68, 1121.69]",0.041654227303983424,"(250.0, 1150.0]",0.34084726192349113,"(191.5, 450.5]",0.4745183096002622
1304,0,2,1191.098763,2400,956,"(1.5, 15.5]",-0.0406773138368468,"(1121.69, inf]",-1.0359899775063022,"(1750.0, inf]",-1.264675762282789,"(702.5, inf]",-1.7446851744547323
3527,1,14,1292.785644,2100,603,"(1.5, 15.5]",-0.0406773138368468,"(1121.69, inf]",-1.0359899775063022,"(1750.0, inf]",-1.264675762282789,"(450.5, 623.5]",0.04047982904804176
1972,0,0,2126.486983,2200,963,"(-inf, 1.5]",-0.5795501057798665,"(1121.69, inf]",-1.0359899775063022,"(1750.0, inf]",-1.264675762282789,"(702.5, inf]",-1.7446851744547323
1405,0,28,817.7400348,1900,836,"(15.5, 30.5]",0.6686743240412198,"(138.68, 1121.69]",0.041654227303983424,"(1750.0, inf]",-1.264675762282789,"(702.5, inf]",-1.7446851744547323
3453,0,5,223.1637884,1000,487,"(1.5, 15.5]",-0.0406773138368468,"(138.68, 1121.69]",0.041654227303983424,"(250.0, 1150.0]",0.34084726192349113,"(450.5, 623.5]",0.04047982904804176
445,0,0,982.5499098,2400,738,"(-inf, 1.5]",-0.5795501057798665,"(138.68, 1121.69]",0.041654227303983424,"(1750.0, inf]",-1.264675762282789,"(702.5, inf]",-1.7446851744547323
3997,0,2,0.397912199,1000,606,"(1.5, 15.5]",-0.0406773138368468,"(-inf, 138.68]",0.3508536149625971,"(250.0, 1150.0]",0.34084726192349113,"(450.5, 623.5]",0.04047982904804176
1164,0,2,840.8191504,2500,701,"(1.5, 15.5]",-0.0406773138368468,"(138.68, 1121.69]",0.041654227303983424,"(1750.0, inf]",-1.264675762282789,"(623.5, 702.5]",-0.563990054998142
272,0,1,877.6194039,1900,931,"(-inf, 1.5]",-0.5795501057798665,"(138.68, 1121.69]",0.041654227303983424,"(1750.0, inf]",-1.264675762282789,"(702.5, inf]",-1.7446851744547323
314,1,18,272.9742417,2500,934,"(15.5, 30.5]",0.6686743240412198,"(138.68, 1121.69]",0.041654227303983424,"(1750.0, inf]",-1.264675762282789,"(702.5, inf]",-1.7446851744547323
2293,0,0,392.1991057,2100,844,"(-inf, 1.5]",-0.5795501057798665,"(138.68, 1121.69]",0.041654227303983424,"(1750.0, inf]",-1.264675762282789,"(702.5, inf]",-1.7446851744547323
2063,0,1,692.7074346,700,449,"(-inf, 1.5]",-0.5795501057798665,"(138.68, 1121.69]",0.041654227303983424,"(250.0, 1150.0]",0.34084726192349113,"(191.5, 450.5]",0.4745183096002622
3170,0,5,735.0550889,1800,600,"(1.5, 15.5]",-0.0406773138368468,"(138.68, 1121.69]",0.041654227303983424,"(1750.0, inf]",-1.264675762282789,"(450.5, 623.5]",0.04047982904804176
4636,1,5,603.6222205,1000,10,"(1.5, 15.5]",-0.0406773138368468,"(138.68, 1121.69]",0.041654227303983424,"(250.0, 1150.0]",0.34084726192349113,"(-inf, 191.5]",1.1741703917563333
4336,0,6,286.0497844,800,420,"(1.5, 15.5]",-0.0406773138368468,"(138.68, 1121.69]",0.041654227303983424,"(250.0, 1150.0]",0.34084726192349113,"(191.5, 450.5]",0.4745183096002622
1930,0,0,901.2640522,1900,980,"(-inf, 1.5]",-0.5795501057798665,"(138.68, 1121.69]",0.041654227303983424,"(1750.0, inf]",-1.264675762282789,"(702.5, inf]",-1.7446851744547323
1646,0,15,249.7845378,400,34,"(1.5, 15.5]",-0.0406773138368468,"(138.68, 1121.69]",0.041654227303983424,"(250.0, 1150.0]",0.34084726192349113,"(-inf, 191.5]",1.1741703917563333
4381,0,15,217.1511184,600,122,"(1.5, 15.5]",-0.0406773138368468,"(138.68, 1121.69]",0.041654227303983424,"(250.0, 1150.0]",0.34084726192349113,"(-inf, 191.5]",1.1741703917563333
4082,0,0,215.1830335,300,98,"(-inf, 1.5]",-0.5795501057798665,"(138.68, 1121.69]",0.041654227303983424,"(250.0, 1150.0]",0.34084726192349113,"(-inf, 191.5]",1.1741703917563333
752,0,0,1622.500213,1700,887,"(-inf, 1.5]",-0.5795501057798665,"(1121.69, inf]",-1.0359899775063022,"(1350.0, 1750.0]",-0.5494831152766727,"(702.5, inf]",-1.7446851744547323
3450,1,7,731.0048448,1300,624,"(1.5, 15.5]",-0.0406773138368468,"(138.68, 1121.69]",0.041654227303983424,"(1150.0, 1350.0]",-0.2281076149142269,"(623.5, 702.5]",-0.563990054998142
4892,0,3,494.3763917,700,466,"(1.5, 15.5]",-0.0406773138368468,"(138.68, 1121.69]",0.041654227303983424,"(250.0, 1150.0]",0.34084726192349113,"(450.5, 623.5]",0.04047982904804176
2967,0,17,271.3535675,600,208,"(15.5, 30.5]",0.6686743240412198,"(138.68, 1121.69]",0.041654227303983424,"(250.0, 1150.0]",0.34084726192349113,"(191.5, 450.5]",0.4745183096002622
3789,1,4,431.7868295,700,544,"(1.5, 15.5]",-0.0406773138368468,"(138.68, 1121.69]",0.041654227303983424,"(250.0, 1150.0]",0.34084726192349113,"(450.5, 623.5]",0.04047982904804176
1357,1,2,932.9335183,1100,733,"(1.5, 15.5]",-0.0406773138368468,"(138.68, 1121.69]",0.041654227303983424,"(250.0, 1150.0]",0.34084726192349113,"(702.5, inf]",-1.7446851744547323
479,1,1,154.2844349,700,223,"(-inf, 1.5]",-0.5795501057798665,"(138.68, 1121.69]",0.041654227303983424,"(250.0, 1150.0]",0.34084726192349113,"(191.5, 450.5]",0.4745183096002622
3929,0,3,549.800821,1200,688,"(1.5, 15.5]",-0.0406773138368468,"(138.68, 1121.69]",0.041654227303983424,"(1150.0, 1350.0]",-0.2281076149142269,"(623.5, 702.5]",-0.563990054998142
2492,0,0,279.0499683,2100,797,"(-inf, 1.5]",-0.5795501057798665,"(138.68, 1121.69]",0.041654227303983424,"(1750.0, inf]",-1.264675762282789,"(702.5, inf]",-1.7446851744547323
1011,1,0,824.7958818,900,35,"(-inf, 1.5]",-0.5795501057798665,"(138.68, 1121.69]",0.041654227303983424,"(250.0, 1150.0]",0.34084726192349113,"(-inf, 191.5]",1.1741703917563333
4274,1,0,311.9794393,800,35,"(-inf, 1.5]",-0.5795501057798665,"(138.68, 1121.69]",0.041654227303983424,"(250.0, 1150.0]",0.34084726192349113,"(-inf, 191.5]",1.1741703917563333
691,0,0,264.6475879,3200,848,"(-inf, 1.5]",-0.5795501057798665,"(138.68, 1121.69]",0.041654227303983424,"(1750.0, inf]",-1.264675762282789,"(702.5, inf]",-1.7446851744547323
4252,0,1,144.9273351,2200,985,"(-inf, 1.5]",-0.5795501057798665,"(138.68, 1121.69]",0.041654227303983424,"(1750.0, inf]",-1.264675762282789,"(702.5, inf]",-1.7446851744547323
4320,1,14,137.5211539,500,264,"(1.5, 15.5]",-0.0406773138368468,"(-inf, 138.68]",0.3508536149625971,"(250.0, 1150.0]",0.34084726192349113,"(191.5, 450.5]",0.4745183096002622
4323,0,8,59.7354236,1200,581,"(1.5, 15.5]",-0.0406773138368468,"(-inf, 138.68]",0.3508536149625971,"(1150.0, 1350.0]",-0.2281076149142269,"(450.5, 623.5]",0.04047982904804176
2658,0,2,1254.876579,1400,935,"(1.5, 15.5]",-0.0406773138368468,"(1121.69, inf]",-1.0359899775063022,"(1350.0, 1750.0]",-0.5494831152766727,"(702.5, inf]",-1.7446851744547323
2408,0,0,918.8908287,1200,530,"(-inf, 1.5]",-0.5795501057798665,"(138.68, 1121.69]",0.041654227303983424,"(1150.0, 1350.0]",-0.2281076149142269,"(450.5, 623.5]",0.04047982904804176
438,1,17,298.1608323,900,115,"(15.5, 30.5]",0.6686743240412198,"(138.68, 1121.69]",0.041654227303983424,"(250.0, 1150.0]",0.34084726192349113,"(-inf, 191.5]",1.1741703917563333
3235,0,1,82.45883376,600,359,"(-inf, 1.5]",-0.5795501057798665,"(-inf, 138.68]",0.3508536149625971,"(250.0, 1150.0]",0.34084726192349113,"(191.5, 450.5]",0.4745183096002622
2310,0,34,131.1994629,500,22,"(30.5, 60.5]",2.1720634895446294,"(-inf, 138.68]",0.3508536149625971,"(250.0, 1150.0]",0.34084726192349113,"(-inf, 191.5]",1.1741703917563333
2544,0,1,125.1479473,2100,822,"(-inf, 1.5]",-0.5795501057798665,"(-inf, 138.68]",0.3508536149625971,"(1750.0, inf]",-1.264675762282789,"(702.5, inf]",-1.7446851744547323
4316,1,25,460.0079393,700,640,"(15.5, 30.5]",0.6686743240412198,"(138.68, 1121.69]",0.041654227303983424,"(250.0, 1150.0]",0.34084726192349113,"(623.5, 702.5]",-0.563990054998142
2508,1,50,884.3831048,1500,138,"(30.5, 60.5]",2.1720634895446294,"(138.68, 1121.69]",0.041654227303983424,"(1350.0, 1750.0]",-0.5494831152766727,"(-inf, 191.5]",1.1741703917563333
4818,1,8,651.3275712,700,436,"(1.5, 15.5]",-0.0406773138368468,"(138.68, 1121.69]",0.041654227303983424,"(250.0, 1150.0]",0.34084726192349113,"(191.5, 450.5]",0.4745183096002622
4832,0,11,398.5326367,900,645,"(1.5, 15.5]",-0.0406773138368468,"(138.68, 1121.69]",0.041654227303983424,"(250.0, 1150.0]",0.34084726192349113,"(623.5, 702.5]",-0.563990054998142
4337,0,0,6.09617186,1200,787,"(-inf, 1.5]",-0.5795501057798665,"(-inf, 138.68]",0.3508536149625971,"(1150.0, 1350.0]",-0.2281076149142269,"(702.5, inf]",-1.7446851744547323
458,1,24,138.1980641,300,40,"(15.5, 30.5]",0.6686743240412198,"(-inf, 138.68]",0.3508536149625971,"(250.0, 1150.0]",0.34084726192349113,"(-inf, 191.5]",1.1741703917563333
3412,0,73,112.0453954,300,13,"(60.5, inf]",4.147649406746059,"(-inf, 138.68]",0.3508536149625971,"(250.0, 1150.0]",0.34084726192349113,"(-inf, 191.5]",1.1741703917563333
1440,0,4,109.4673978,600,484,"(1.5, 15.5]",-0.0406773138368468,"(-inf, 138.68]",0.3508536149625971,"(250.0, 1150.0]",0.34084726192349113,"(450.5, 623.5]",0.04047982904804176
2648,0,0,111.7658067,1200,622,"(-inf, 1.5]",-0.5795501057798665,"(-inf, 138.68]",0.3508536149625971,"(1150.0, 1350.0]",-0.2281076149142269,"(450.5, 623.5]",0.04047982904804176
2756,1,3,40.85737889,200,108,"(1.5, 15.5]",-0.0406773138368468,"(-inf, 138.68]",0.3508536149625971,"(-inf, 250.0]",0.6610277277346917,"(-inf, 191.5]",1.1741703917563333
1240,0,1,1367.766119,1400,826,"(-inf, 1.5]",-0.5795501057798665,"(1121.69, inf]",-1.0359899775063022,"(1350.0, 1750.0]",-0.5494831152766727,"(702.5, inf]",-1.7446851744547323
3974,1,10,627.0196898,1200,171,"(1.5, 15.5]",-0.0406773138368468,"(138.68, 1121.69]",0.041654227303983424,"(1150.0, 1350.0]",-0.2281076149142269,"(-inf, 191.5]",1.1741703917563333
1554,0,3,147.9120673,600,763,"(1.5, 15.5]",-0.0406773138368468,"(138.68, 1121.69]",0.041654227303983424,"(250.0, 1150.0]",0.34084726192349113,"(702.5, inf]",-1.7446851744547323
3045,1,12,427.9136871,700,524,"(1.5, 15.5]",-0.0406773138368468,"(138.68, 1121.69]",0.041654227303983424,"(250.0, 1150.0]",0.34084726192349113,"(450.5, 623.5]",0.04047982904804176
1819,0,0,291.0065979,700,384,"(-inf, 1.5]",-0.5795501057798665,"(138.68, 1121.69]",0.041654227303983424,"(250.0, 1150.0]",0.34084726192349113,"(191.5, 450.5]",0.4745183096002622
108,0,1,275.9330689,1100,655,"(-inf, 1.5]",-0.5795501057798665,"(138.68, 1121.69]",0.041654227303983424,"(250.0, 1150.0]",0.34084726192349113,"(623.5, 702.5]",-0.563990054998142
3864,0,25,604.5110024,700,287,"(15.5, 30.5]",0.6686743240412198,"(138.68, 1121.69]",0.041654227303983424,"(250.0, 1150.0]",0.34084726192349113,"(191.5, 450.5]",0.4745183096002622
2423,1,1,849.5347976,1100,428,"(-inf, 1.5]",-0.5795501057798665,"(138.68, 1121.69]",0.041654227303983424,"(250.0, 1150.0]",0.34084726192349113,"(191.5, 450.5]",0.4745183096002622
1331,0,31,100.557624,200,90,"(30.5, 60.5]",2.1720634895446294,"(-inf, 138.68]",0.3508536149625971,"(-inf, 250.0]",0.6610277277346917,"(-inf, 191.5]",1.1741703917563333
2789,0,0,411.1570033,1600,819,"(-inf, 1.5]",-0.5795501057798665,"(138.68, 1121.69]",0.041654227303983424,"(1350.0, 1750.0]",-0.5494831152766727,"(702.5, inf]",-1.7446851744547323
2068,1,20,352.0802476,500,92,"(15.5, 30.5]",0.6686743240412198,"(138.68, 1121.69]",0.041654227303983424,"(250.0, 1150.0]",0.34084726192349113,"(-inf, 191.5]",1.1741703917563333
2027,0,11,113.3438525,200,126,"(1.5, 15.5]",-0.0406773138368468,"(-inf, 138.68]",0.3508536149625971,"(-inf, 250.0]",0.6610277277346917,"(-inf, 191.5]",1.1741703917563333
4994,0,11,124.7588179,900,287,"(1.5, 15.5]",-0.0406773138368468,"(-inf, 138.68]",0.3508536149625971,"(250.0, 1150.0]",0.34084726192349113,"(191.5, 450.5]",0.4745183096002622
2656,0,0,4.211494175,700,581,"(-inf, 1.5]",-0.5795501057798665,"(-inf, 138.68]",0.3508536149625971,"(250.0, 1150.0]",0.34084726192349113,"(450.5, 623.5]",0.04047982904804176
4436,1,81,96.60173648,900,68,"(60.5, inf]",4.147649406746059,"(-inf, 138.68]",0.3508536149625971,"(250.0, 1150.0]",0.34084726192349113,"(-inf, 191.5]",1.1741703917563333
4983,1,79,6.542149608,400,333,"(60.5, inf]",4.147649406746059,"(-inf, 138.68]",0.3508536149625971,"(250.0, 1150.0]",0.34084726192349113,"(191.5, 450.5]",0.4745183096002622
2873,0,0,808.8151665,900,200,"(-inf, 1.5]",-0.5795501057798665,"(138.68, 1121.69]",0.041654227303983424,"(250.0, 1150.0]",0.34084726192349113,"(191.5, 450.5]",0.4745183096002622
4153,0,5,739.2155588,2000,877,"(1.5, 15.5]",-0.0406773138368468,"(138.68, 1121.69]",0.041654227303983424,"(1750.0, inf]",-1.264675762282789,"(702.5, inf]",-1.7446851744547323
1926,1,1,346.982457,500,41,"(-inf, 1.5]",-0.5795501057798665,"(138.68, 1121.69]",0.041654227303983424,"(250.0, 1150.0]",0.34084726192349113,"(-inf, 191.5]",1.1741703917563333
1663,1,3,9.786057014,800,379,"(1.5, 15.5]",-0.0406773138368468,"(-inf, 138.68]",0.3508536149625971,"(250.0, 1150.0]",0.34084726192349113,"(191.5, 450.5]",0.4745183096002622
4422,1,0,948.9694251,1900,722,"(-inf, 1.5]",-0.5795501057798665,"(138.68, 1121.69]",0.041654227303983424,"(1750.0, inf]",-1.264675762282789,"(702.5, inf]",-1.7446851744547323
4675,1,4,102.361086,600,320,"(1.5, 15.5]",-0.0406773138368468,"(-inf, 138.68]",0.3508536149625971,"(250.0, 1150.0]",0.34084726192349113,"(191.5, 450.5]",0.4745183096002622
1430,0,0,386.853966,2300,819,"(-inf, 1.5]",-0.5795501057798665,"(138.68, 1121.69]",0.041654227303983424,"(1750.0, inf]",-1.264675762282789,"(702.5, inf]",-1.7446851744547323
3958,0,0,1761.918899,2200,999,"(-inf, 1.5]",-0.5795501057798665,"(1121.69, inf]",-1.0359899775063022,"(1750.0, inf]",-1.264675762282789,"(702.5, inf]",-1.7446851744547323
4958,0,1,562.7252417,1400,713,"(-inf, 1.5]",-0.5795501057798665,"(138.68, 1121.69]",0.041654227303983424,"(1350.0, 1750.0]",-0.5494831152766727,"(702.5, inf]",-1.7446851744547323
4690,1,36,848.9408898,900,160,"(30.5, 60.5]",2.1720634895446294,"(138.68, 1121.69]",0.041654227303983424,"(250.0, 1150.0]",0.34084726192349113,"(-inf, 191.5]",1.1741703917563333
421,0,0,161.978038,300,88,"(-inf, 1.5]",-0.5795501057798665,"(138.68, 1121.69]",0.041654227303983424,"(250.0, 1150.0]",0.34084726192349113,"(-inf, 191.5]",1.1741703917563333
3338,0,0,987.5008113,1000,690,"(-inf, 1.5]",-0.5795501057798665,"(138.68, 1121.69]",0.041654227303983424,"(250.0, 1150.0]",0.34084726192349113,"(623.5, 702.5]",-0.563990054998142
1121,1,37,508.9638576,600,69,"(30.5, 60.5]",2.1720634895446294,"(138.68, 1121.69]",0.041654227303983424,"(250.0, 1150.0]",0.34084726192349113,"(-inf, 191.5]",1.1741703917563333
2292,0,0,148.0989659,400,611,"(-inf, 1.5]",-0.5795501057798665,"(138.68, 1121.69]",0.041654227303983424,"(250.0, 1150.0]",0.34084726192349113,"(450.5, 623.5]",0.04047982904804176
2707,0,0,1202.805956,1300,531,"(-inf, 1.5]",-0.5795501057798665,"(1121.69, inf]",-1.0359899775063022,"(1150.0, 1350.0]",-0.2281076149142269,"(450.5, 623.5]",0.04047982904804176
864,1,2,41.79226682,600,313,"(1.5, 15.5]",-0.0406773138368468,"(-inf, 138.68]",0.3508536149625971,"(250.0, 1150.0]",0.34084726192349113,"(191.5, 450.5]",0.4745183096002622
2039,0,2,232.5487445,1000,533,"(1.5, 15.5]",-0.0406773138368468,"(138.68, 1121.69]",0.041654227303983424,"(250.0, 1150.0]",0.34084726192349113,"(450.5, 623.5]",0.04047982904804176
1635,0,0,130.5376444,1400,371,"(-inf, 1.5]",-0.5795501057798665,"(-inf, 138.68]",0.3508536149625971,"(1350.0, 1750.0]",-0.5494831152766727,"(191.5, 450.5]",0.4745183096002622
3796,0,0,32.9140223,1500,859,"(-inf, 1.5]",-0.5795501057798665,"(-inf, 138.68]",0.3508536149625971,"(1350.0, 1750.0]",-0.5494831152766727,"(702.5, inf]",-1.7446851744547323
862,1,50,303.9508163,400,61,"(30.5, 60.5]",2.1720634895446294,"(138.68, 1121.69]",0.041654227303983424,"(250.0, 1150.0]",0.34084726192349113,"(-inf, 191.5]",1.1741703917563333
1655,0,1,381.3089296,1800,766,"(-inf, 1.5]",-0.5795501057798665,"(138.68, 1121.69]",0.041654227303983424,"(1750.0, inf]",-1.264675762282789,"(702.5, inf]",-1.7446851744547323
4911,1,0,922.2246573,1100,219,"(-inf, 1.5]",-0.5795501057798665,"(138.68, 1121.69]",0.041654227303983424,"(250.0, 1150.0]",0.34084726192349113,"(191.5, 450.5]",0.4745183096002622
4275,0,2,461.7141859,2300,827,"(1.5, 15.5]",-0.0406773138368468,"(138.68, 1121.69]",0.041654227303983424,"(1750.0, inf]",-1.264675762282789,"(702.5, inf]",-1.7446851744547323
406,0,2,245.7173466,400,627,"(1.5, 15.5]",-0.0406773138368468,"(138.68, 1121.69]",0.041654227303983424,"(250.0, 1150.0]",0.34084726192349113,"(623.5, 702.5]",-0.563990054998142
3675,0,14,55.09869794,200,177,"(1.5, 15.5]",-0.0406773138368468,"(-inf, 138.68]",0.3508536149625971,"(-inf, 250.0]",0.6610277277346917,"(-inf, 191.5]",1.1741703917563333
2227,0,4,558.714236,900,420,"(1.5, 15.5]",-0.0406773138368468,"(138.68, 1121.69]",0.041654227303983424,"(250.0, 1150.0]",0.34084726192349113,"(191.5, 450.5]",0.4745183096002622
4999,0,15,438.8085155,600,301,"(1.5, 15.5]",-0.0406773138368468,"(138.68, 1121.69]",0.041654227303983424,"(250.0, 1150.0]",0.34084726192349113,"(191.5, 450.5]",0.4745183096002622
2244,0,0,284.8771884,400,368,"(-inf, 1.5]",-0.5795501057798665,"(138.68, 1121.69]",0.041654227303983424,"(250.0, 1150.0]",0.34084726192349113,"(191.5, 450.5]",0.4745183096002622
4426,1,3,316.9931383,800,337,"(1.5, 15.5]",-0.0406773138368468,"(138.68, 1121.69]",0.041654227303983424,"(250.0, 1150.0]",0.34084726192349113,"(191.5, 450.5]",0.4745183096002622
4404,1,9,626.8513858,1500,800,"(1.5, 15.5]",-0.0406773138368468,"(138.68, 1121.69]",0.041654227303983424,"(1350.0, 1750.0]",-0.5494831152766727,"(702.5, inf]",-1.7446851744547323
911,0,0,1204.089221,1300,662,"(-inf, 1.5]",-0.5795501057798665,"(1121.69, inf]",-1.0359899775063022,"(1150.0, 1350.0]",-0.2281076149142269,"(623.5, 702.5]",-0.563990054998142
2921,1,49,743.5106891,1100,97,"(30.5, 60.5]",2.1720634895446294,"(138.68, 1121.69]",0.041654227303983424,"(250.0, 1150.0]",0.34084726192349113,"(-inf, 191.5]",1.1741703917563333
4104,0,11,278.1052979,700,694,"(1.5, 15.5]",-0.0406773138368468,"(138.68, 1121.69]",0.041654227303983424,"(250.0, 1150.0]",0.34084726192349113,"(623.5, 702.5]",-0.563990054998142
587,0,6,1191.811877,1400,875,"(1.5, 15.5]",-0.0406773138368468,"(1121.69, inf]",-1.0359899775063022,"(1350.0, 1750.0]",-0.5494831152766727,"(702.5, inf]",-1.7446851744547323
1223,1,14,128.6034991,1500,755,"(1.5, 15.5]",-0.0406773138368468,"(-inf, 138.68]",0.3508536149625971,"(1350.0, 1750.0]",-0.5494831152766727,"(702.5, inf]",-1.7446851744547323
1278,0,5,1251.900313,1700,950,"(1.5, 15.5]",-0.0406773138368468,"(1121.69, inf]",-1.0359899775063022,"(1350.0, 1750.0]",-0.5494831152766727,"(702.5, inf]",-1.7446851744547323
1806,0,6,405.0130595,500,379,"(1.5, 15.5]",-0.0406773138368468,"(138.68, 1121.69]",0.041654227303983424,"(250.0, 1150.0]",0.34084726192349113,"(191.5, 450.5]",0.4745183096002622
1910,1,45,435.7710224,800,81,"(30.5, 60.5]",2.1720634895446294,"(138.68, 1121.69]",0.041654227303983424,"(250.0, 1150.0]",0.34084726192349113,"(-inf, 191.5]",1.1741703917563333
51,1,5,203.9079243,500,13,"(1.5, 15.5]",-0.0406773138368468,"(138.68, 1121.69]",0.041654227303983424,"(250.0, 1150.0]",0.34084726192349113,"(-inf, 191.5]",1.1741703917563333
2300,1,13,417.1956657,1300,72,"(1.5, 15.5]",-0.0406773138368468,"(138.68, 1121.69]",0.041654227303983424,"(1150.0, 1350.0]",-0.2281076149142269,"(-inf, 191.5]",1.1741703917563333
2788,0,0,224.0353059,500,59,"(-inf, 1.5]",-0.5795501057798665,"(138.68, 1121.69]",0.041654227303983424,"(250.0, 1150.0]",0.34084726192349113,"(-inf, 191.5]",1.1741703917563333
688,0,6,1565.549344,1800,798,"(1.5, 15.5]",-0.0406773138368468,"(1121.69, inf]",-1.0359899775063022,"(1750.0, inf]",-1.264675762282789,"(702.5, inf]",-1.7446851744547323
790,0,0,518.7764579,1000,631,"(-inf, 1.5]",-0.5795501057798665,"(138.68, 1121.69]",0.041654227303983424,"(250.0, 1150.0]",0.34084726192349113,"(623.5, 702.5]",-0.563990054998142
1532,1,0,438.2401559,900,292,"(-inf, 1.5]",-0.5795501057798665,"(138.68, 1121.69]",0.041654227303983424,"(250.0, 1150.0]",0.34084726192349113,"(191.5, 450.5]",0.4745183096002622
4108,0,0,248.3471459,700,670,"(-inf, 1.5]",-0.5795501057798665,"(138.68, 1121.69]",0.041654227303983424,"(250.0, 1150.0]",0.34084726192349113,"(623.5, 702.5]",-0.563990054998142
1888,0,3,26.41934176,500,67,"(1.5, 15.5]",-0.0406773138368468,"(-inf, 138.68]",0.3508536149625971,"(250.0, 1150.0]",0.34084726192349113,"(-inf, 191.5]",1.1741703917563333
3326,1,5,386.6282832,800,367,"(1.5, 15.5]",-0.0406773138368468,"(138.68, 1121.69]",0.041654227303983424,"(250.0, 1150.0]",0.34084726192349113,"(191.5, 450.5]",0.4745183096002622
913,0,0,501.7588506,1900,912,"(-inf, 1.5]",-0.5795501057798665,"(138.68, 1121.69]",0.041654227303983424,"(1750.0, inf]",-1.264675762282789,"(702.5, inf]",-1.7446851744547323
794,0,16,550.0825413,700,297,"(15.5, 30.5]",0.6686743240412198,"(138.68, 1121.69]",0.041654227303983424,"(250.0, 1150.0]",0.34084726192349113,"(191.5, 450.5]",0.4745183096002622
97,0,0,865.2576756,1100,407,"(-inf, 1.5]",-0.5795501057798665,"(138.68, 1121.69]",0.041654227303983424,"(250.0, 1150.0]",0.34084726192349113,"(191.5, 450.5]",0.4745183096002622
2733,0,0,384.925178,1100,788,"(-inf, 1.5]",-0.5795501057798665,"(138.68, 1121.69]",0.041654227303983424,"(250.0, 1150.0]",0.34084726192349113,"(702.5, inf]",-1.7446851744547323
2999,0,0,233.1156594,700,223,"(-inf, 1.5]",-0.5795501057798665,"(138.68, 1121.69]",0.041654227303983424,"(250.0, 1150.0]",0.34084726192349113,"(191.5, 450.5]",0.4745183096002622
3501,0,0,724.0866098,1500,906,"(-inf, 1.5]",-0.5795501057798665,"(138.68, 1121.69]",0.041654227303983424,"(1350.0, 1750.0]",-0.5494831152766727,"(702.5, inf]",-1.7446851744547323
2547,0,14,151.808104,600,624,"(1.5, 15.5]",-0.0406773138368468,"(138.68, 1121.69]",0.041654227303983424,"(250.0, 1150.0]",0.34084726192349113,"(623.5, 702.5]",-0.563990054998142
1570,0,9,402.4717038,700,488,"(1.5, 15.5]",-0.0406773138368468,"(138.68, 1121.69]",0.041654227303983424,"(250.0, 1150.0]",0.34084726192349113,"(450.5, 623.5]",0.04047982904804176
4470,0,0,352.432813,1900,994,"(-inf, 1.5]",-0.5795501057798665,"(138.68, 1121.69]",0.041654227303983424,"(1750.0, inf]",-1.264675762282789,"(702.5, inf]",-1.7446851744547323
769,1,15,306.3272474,900,368,"(1.5, 15.5]",-0.0406773138368468,"(138.68, 1121.69]",0.041654227303983424,"(250.0, 1150.0]",0.34084726192349113,"(191.5, 450.5]",0.4745183096002622
2635,0,2,1449.641256,1800,733,"(1.5, 15.5]",-0.0406773138368468,"(1121.69, inf]",-1.0359899775063022,"(1750.0, inf]",-1.264675762282789,"(702.5, inf]",-1.7446851744547323
2401,1,0,678.0062122,700,347,"(-inf, 1.5]",-0.5795501057798665,"(138.68, 1121.69]",0.041654227303983424,"(250.0, 1150.0]",0.34084726192349113,"(191.5, 450.5]",0.4745183096002622
2176,0,0,582.7014374,1600,879,"(-inf, 1.5]",-0.5795501057798665,"(138.68, 1121.69]",0.041654227303983424,"(1350.0, 1750.0]",-0.5494831152766727,"(702.5, inf]",-1.7446851744547323
2137,1,84,34.6190117,500,221,"(60.5, inf]",4.147649406746059,"(-inf, 138.68]",0.3508536149625971,"(250.0, 1150.0]",0.34084726192349113,"(191.5, 450.5]",0.4745183096002622
3366,0,4,4.608610789,700,573,"(1.5, 15.5]",-0.0406773138368468,"(-inf, 138.68]",0.3508536149625971,"(250.0, 1150.0]",0.34084726192349113,"(450.5, 623.5]",0.04047982904804176
1171,0,1,150.9691699,1100,686,"(-inf, 1.5]",-0.5795501057798665,"(138.68, 1121.69]",0.041654227303983424,"(250.0, 1150.0]",0.34084726192349113,"(623.5, 702.5]",-0.563990054998142
3232,1,0,1200.263454,1300,563,"(-inf, 1.5]",-0.5795501057798665,"(1121.69, inf]",-1.0359899775063022,"(1150.0, 1350.0]",-0.2281076149142269,"(450.5, 623.5]",0.04047982904804176
4471,0,7,1100.053845,1800,861,"(1.5, 15.5]",-0.0406773138368468,"(138.68, 1121.69]",0.041654227303983424,"(1750.0, inf]",-1.264675762282789,"(702.5, inf]",-1.7446851744547323
4939,1,1,1467.406269,2300,809,"(-inf, 1.5]",-0.5795501057798665,"(1121.69, inf]",-1.0359899775063022,"(1750.0, inf]",-1.264675762282789,"(702.5, inf]",-1.7446851744547323
368,1,6,365.5426519,800,198,"(1.5, 15.5]",-0.0406773138368468,"(138.68, 1121.69]",0.041654227303983424,"(250.0, 1150.0]",0.34084726192349113,"(191.5, 450.5]",0.4745183096002622
4848,1,3,418.9407369,700,353,"(1.5, 15.5]",-0.0406773138368468,"(138.68, 1121.69]",0.041654227303983424,"(250.0, 1150.0]",0.34084726192349113,"(191.5, 450.5]",0.4745183096002622
3849,1,15,1110.857089,2200,657,"(1.5, 15.5]",-0.0406773138368468,"(138.68, 1121.69]",0.041654227303983424,"(1750.0, inf]",-1.264675762282789,"(623.5, 702.5]",-0.563990054998142
1596,1,0,139.4275479,400,90,"(-inf, 1.5]",-0.5795501057798665,"(138.68, 1121.69]",0.041654227303983424,"(250.0, 1150.0]",0.34084726192349113,"(-inf, 191.5]",1.1741703917563333
4678,0,0,183.2207064,200,687,"(-inf, 1.5]",-0.5795501057798665,"(138.68, 1121.69]",0.041654227303983424,"(-inf, 250.0]",0.6610277277346917,"(623.5, 702.5]",-0.563990054998142
611,0,17,475.4142546,600,568,"(15.5, 30.5]",0.6686743240412198,"(138.68, 1121.69]",0.041654227303983424,"(250.0, 1150.0]",0.34084726192349113,"(450.5, 623.5]",0.04047982904804176
80,1,0,104.947588,200,163,"(-inf, 1.5]",-0.5795501057798665,"(-inf, 138.68]",0.3508536149625971,"(-inf, 250.0]",0.6610277277346917,"(-inf, 191.5]",1.1741703917563333
1505,1,10,685.795121,900,395,"(1.5, 15.5]",-0.0406773138368468,"(138.68, 1121.69]",0.041654227303983424,"(250.0, 1150.0]",0.34084726192349113,"(191.5, 450.5]",0.4745183096002622
4455,0,2,940.2870403,2400,934,"(1.5, 15.5]",-0.0406773138368468,"(138.68, 1121.69]",0.041654227303983424,"(1750.0, inf]",-1.264675762282789,"(702.5, inf]",-1.7446851744547323
4430,0,6,656.8166457,700,78,"(1.5, 15.5]",-0.0406773138368468,"(138.68, 1121.69]",0.041654227303983424,"(250.0, 1150.0]",0.34084726192349113,"(-inf, 191.5]",1.1741703917563333
2668,0,6,32.58689002,1000,463,"(1.5, 15.5]",-0.0406773138368468,"(-inf, 138.68]",0.3508536149625971,"(250.0, 1150.0]",0.34084726192349113,"(450.5, 623.5]",0.04047982904804176
4952,0,1,319.1513573,400,493,"(-inf, 1.5]",-0.5795501057798665,"(138.68, 1121.69]",0.041654227303983424,"(250.0, 1150.0]",0.34084726192349113,"(450.5, 623.5]",0.04047982904804176
4099,1,0,673.9792537,800,469,"(-inf, 1.5]",-0.5795501057798665,"(138.68, 1121.69]",0.041654227303983424,"(250.0, 1150.0]",0.34084726192349113,"(450.5, 623.5]",0.04047982904804176
184,0,0,2070.879072,2100,928,"(-inf, 1.5]",-0.5795501057798665,"(1121.69, inf]",-1.0359899775063022,"(1750.0, inf]",-1.264675762282789,"(702.5, inf]",-1.7446851744547323
4467,1,6,688.8336122,800,316,"(1.5, 15.5]",-0.0406773138368468,"(138.68, 1121.69]",0.041654227303983424,"(250.0, 1150.0]",0.34084726192349113,"(191.5, 450.5]",0.4745183096002622
2447,1,1,172.4781558,1300,570,"(-inf, 1.5]",-0.5795501057798665,"(138.68, 1121.69]",0.041654227303983424,"(1150.0, 1350.0]",-0.2281076149142269,"(450.5, 623.5]",0.04047982904804176
1915,0,0,1034.842643,1400,678,"(-inf, 1.5]",-0.5795501057798665,"(138.68, 1121.69]",0.041654227303983424,"(1350.0, 1750.0]",-0.5494831152766727,"(623.5, 702.5]",-0.563990054998142
2719,0,2,247.3374671,1700,964,"(1.5, 15.5]",-0.0406773138368468,"(138.68, 1121.69]",0.041654227303983424,"(1350.0, 1750.0]",-0.5494831152766727,"(702.5, inf]",-1.7446851744547323
2726,0,1,220.6303831,800,569,"(-inf, 1.5]",-0.5795501057798665,"(138.68, 1121.69]",0.041654227303983424,"(250.0, 1150.0]",0.34084726192349113,"(450.5, 623.5]",0.04047982904804176
637,0,3,440.1291454,1300,796,"(1.5, 15.5]",-0.0406773138368468,"(138.68, 1121.69]",0.041654227303983424,"(1150.0, 1350.0]",-0.2281076149142269,"(702.5, inf]",-1.7446851744547323
3336,0,15,879.4326352,2000,751,"(1.5, 15.5]",-0.0406773138368468,"(138.68, 1121.69]",0.041654227303983424,"(1750.0, inf]",-1.264675762282789,"(702.5, inf]",-1.7446851744547323
27,1,0,208.7045413,400,474,"(-inf, 1.5]",-0.5795501057798665,"(138.68, 1121.69]",0.041654227303983424,"(250.0, 1150.0]",0.34084726192349113,"(450.5, 623.5]",0.04047982904804176
695,0,26,137.9908743,1000,660,"(15.5, 30.5]",0.6686743240412198,"(-inf, 138.68]",0.3508536149625971,"(250.0, 1150.0]",0.34084726192349113,"(623.5, 702.5]",-0.563990054998142
3202,0,2,979.7773985,1000,205,"(1.5, 15.5]",-0.0406773138368468,"(138.68, 1121.69]",0.041654227303983424,"(250.0, 1150.0]",0.34084726192349113,"(191.5, 450.5]",0.4745183096002622
4251,1,51,40.83154655,800,431,"(30.5, 60.5]",2.1720634895446294,"(-inf, 138.68]",0.3508536149625971,"(250.0, 1150.0]",0.34084726192349113,"(191.5, 450.5]",0.4745183096002622
179,0,2,586.6002288,1000,524,"(1.5, 15.5]",-0.0406773138368468,"(138.68, 1121.69]",0.041654227303983424,"(250.0, 1150.0]",0.34084726192349113,"(450.5, 623.5]",0.04047982904804176
1695,0,0,1192.470609,3100,886,"(-inf, 1.5]",-0.5795501057798665,"(1121.69, inf]",-1.0359899775063022,"(1750.0, inf]",-1.264675762282789,"(702.5, inf]",-1.7446851744547323
467,1,77,515.0179942,800,209,"(60.5, inf]",4.147649406746059,"(138.68, 1121.69]",0.041654227303983424,"(250.0, 1150.0]",0.34084726192349113,"(191.5, 450.5]",0.4745183096002622
351,0,0,327.8770001,2200,893,"(-inf, 1.5]",-0.5795501057798665,"(138.68, 1121.69]",0.041654227303983424,"(1750.0, inf]",-1.264675762282789,"(702.5, inf]",-1.7446851744547323
2998,0,0,13.60732284,600,346,"(-inf, 1.5]",-0.5795501057798665,"(-inf, 138.68]",0.3508536149625971,"(250.0, 1150.0]",0.34084726192349113,"(191.5, 450.5]",0.4745183096002622
1531,1,63,619.7655912,1000,376,"(60.5, inf]",4.147649406746059,"(138.68, 1121.69]",0.041654227303983424,"(250.0, 1150.0]",0.34084726192349113,"(191.5, 450.5]",0.4745183096002622
364,0,30,531.6252018,600,241,"(15.5, 30.5]",0.6686743240412198,"(138.68, 1121.69]",0.041654227303983424,"(250.0, 1150.0]",0.34084726192349113,"(191.5, 450.5]",0.4745183096002622
4205,0,1,523.7053416,900,637,"(-inf, 1.5]",-0.5795501057798665,"(138.68, 1121.69]",0.041654227303983424,"(250.0, 1150.0]",0.34084726192349113,"(623.5, 702.5]",-0.563990054998142
4245,1,12,358.9134735,1400,695,"(1.5, 15.5]",-0.0406773138368468,"(138.68, 1121.69]",0.041654227303983424,"(1350.0, 1750.0]",-0.5494831152766727,"(623.5, 702.5]",-0.563990054998142
1147,0,6,192.2886184,200,219,"(1.5, 15.5]",-0.0406773138368468,"(138.68, 1121.69]",0.041654227303983424,"(-inf, 250.0]",0.6610277277346917,"(191.5, 450.5]",0.4745183096002622
510,1,0,899.0170659,1100,176,"(-inf, 1.5]",-0.5795501057798665,"(138.68, 1121.69]",0.041654227303983424,"(250.0, 1150.0]",0.34084726192349113,"(-inf, 191.5]",1.1741703917563333
767,1,4,124.1032805,200,158,"(1.5, 15.5]",-0.0406773138368468,"(-inf, 138.68]",0.3508536149625971,"(-inf, 250.0]",0.6610277277346917,"(-inf, 191.5]",1.1741703917563333
3641,0,1,259.3055709,1700,940,"(-inf, 1.5]",-0.5795501057798665,"(138.68, 1121.69]",0.041654227303983424,"(1350.0, 1750.0]",-0.5494831152766727,"(702.5, inf]",-1.7446851744547323
1030,0,2,757.0309519,1200,480,"(1.5, 15.5]",-0.0406773138368468,"(138.68, 1121.69]",0.041654227303983424,"(1150.0, 1350.0]",-0.2281076149142269,"(450.5, 623.5]",0.04047982904804176
1802,0,6,260.8015039,500,119,"(1.5, 15.5]",-0.0406773138368468,"(138.68, 1121.69]",0.041654227303983424,"(250.0, 1150.0]",0.34084726192349113,"(-inf, 191.5]",1.1741703917563333
3976,1,1,190.4595469,200,38,"(-inf, 1.5]",-0.5795501057798665,"(138.68, 1121.69]",0.041654227303983424,"(-inf, 250.0]",0.6610277277346917,"(-inf, 191.5]",1.1741703917563333
1545,1,25,138.2905888,200,62,"(15.5, 30.5]",0.6686743240412198,"(-inf, 138.68]",0.3508536149625971,"(-inf, 250.0]",0.6610277277346917,"(-inf, 191.5]",1.1741703917563333
1291,0,2,453.8330752,900,459,"(1.5, 15.5]",-0.0406773138368468,"(138.68, 1121.69]",0.041654227303983424,"(250.0, 1150.0]",0.34084726192349113,"(450.5, 623.5]",0.04047982904804176
2025,1,0,455.2825486,500,393,"(-inf, 1.5]",-0.5795501057798665,"(138.68, 1121.69]",0.041654227303983424,"(250.0, 1150.0]",0.34084726192349113,"(191.5, 450.5]",0.4745183096002622
1369,0,0,1952.034157,2000,880,"(-inf, 1.5]",-0.5795501057798665,"(1121.69, inf]",-1.0359899775063022,"(1750.0, inf]",-1.264675762282789,"(702.5, inf]",-1.7446851744547323
2890,0,1,52.38125105,2000,935,"(-inf, 1.5]",-0.5795501057798665,"(-inf, 138.68]",0.3508536149625971,"(1750.0, inf]",-1.264675762282789,"(702.5, inf]",-1.7446851744547323
4607,0,1,823.6520786,1800,908,"(-inf, 1.5]",-0.5795501057798665,"(138.68, 1121.69]",0.041654227303983424,"(1750.0, inf]",-1.264675762282789,"(702.5, inf]",-1.7446851744547323
697,0,19,30.24114512,500,252,"(15.5, 30.5]",0.6686743240412198,"(-inf, 138.68]",0.3508536149625971,"(250.0, 1150.0]",0.34084726192349113,"(191.5, 450.5]",0.4745183096002622
2422,1,5,272.6253919,400,19,"(1.5, 15.5]",-0.0406773138368468,"(138.68, 1121.69]",0.041654227303983424,"(250.0, 1150.0]",0.34084726192349113,"(-inf, 191.5]",1.1741703917563333
2696,0,0,385.0339616,500,386,"(-inf, 1.5]",-0.5795501057798665,"(138.68, 1121.69]",0.041654227303983424,"(250.0, 1150.0]",0.34084726192349113,"(191.5, 450.5]",0.4745183096002622
4877,1,16,104.1958426,200,95,"(15.5, 30.5]",0.6686743240412198,"(-inf, 138.68]",0.3508536149625971,"(-inf, 250.0]",0.6610277277346917,"(-inf, 191.5]",1.1741703917563333
3679,1,5,672.7314883,800,319,"(1.5, 15.5]",-0.0406773138368468,"(138.68, 1121.69]",0.041654227303983424,"(250.0, 1150.0]",0.34084726192349113,"(191.5, 450.5]",0.4745183096002622
4476,1,8,267.6551353,600,183,"(1.5, 15.5]",-0.0406773138368468,"(138.68, 1121.69]",0.041654227303983424,"(250.0, 1150.0]",0.34084726192349113,"(-inf, 191.5]",1.1741703917563333
4227,0,0,175.0178717,300,192,"(-inf, 1.5]",-0.5795501057798665,"(138.68, 1121.69]",0.041654227303983424,"(250.0, 1150.0]",0.34084726192349113,"(191.5, 450.5]",0.4745183096002622
2092,0,0,1176.668152,1800,821,"(-inf, 1.5]",-0.5795501057798665,"(1121.69, inf]",-1.0359899775063022,"(1750.0, inf]",-1.264675762282789,"(702.5, inf]",-1.7446851744547323
4746,0,0,1660.974923,1800,887,"(-inf, 1.5]",-0.5795501057798665,"(1121.69, inf]",-1.0359899775063022,"(1750.0, inf]",-1.264675762282789,"(702.5, inf]",-1.7446851744547323
2982,1,9,686.8730777,2000,517,"(1.5, 15.5]",-0.0406773138368468,"(138.68, 1121.69]",0.041654227303983424,"(1750.0, inf]",-1.264675762282789,"(450.5, 623.5]",0.04047982904804176
3739,0,54,82.26739369,200,119,"(30.5, 60.5]",2.1720634895446294,"(-inf, 138.68]",0.3508536149625971,"(-inf, 250.0]",0.6610277277346917,"(-inf, 191.5]",1.1741703917563333
3467,0,0,1742.450856,2200,859,"(-inf, 1.5]",-0.5795501057798665,"(1121.69, inf]",-1.0359899775063022,"(1750.0, inf]",-1.264675762282789,"(702.5, inf]",-1.7446851744547323
3511,0,2,766.2471255,900,349,"(1.5, 15.5]",-0.0406773138368468,"(138.68, 1121.69]",0.041654227303983424,"(250.0, 1150.0]",0.34084726192349113,"(191.5, 450.5]",0.4745183096002622
2328,0,18,283.2154748,300,21,"(15.5, 30.5]",0.6686743240412198,"(138.68, 1121.69]",0.041654227303983424,"(250.0, 1150.0]",0.34084726192349113,"(-inf, 191.5]",1.1741703917563333
3080,0,1,828.0910274,1700,990,"(-inf, 1.5]",-0.5795501057798665,"(138.68, 1121.69]",0.041654227303983424,"(1350.0, 1750.0]",-0.5494831152766727,"(702.5, inf]",-1.7446851744547323
1346,0,0,410.5745774,600,297,"(-inf, 1.5]",-0.5795501057798665,"(138.68, 1121.69]",0.041654227303983424,"(250.0, 1150.0]",0.34084726192349113,"(191.5, 450.5]",0.4745183096002622
4646,0,0,138.922681,500,201,"(-inf, 1.5]",-0.5795501057798665,"(138.68, 1121.69]",0.041654227303983424,"(250.0, 1150.0]",0.34084726192349113,"(191.5, 450.5]",0.4745183096002622
2969,0,7,602.9612592,2600,759,"(1.5, 15.5]",-0.0406773138368468,"(138.68, 1121.69]",0.041654227303983424,"(1750.0, inf]",-1.264675762282789,"(702.5, inf]",-1.7446851744547323
1705,0,7,1259.705098,1300,971,"(1.5, 15.5]",-0.0406773138368468,"(1121.69, inf]",-1.0359899775063022,"(1150.0, 1350.0]",-0.2281076149142269,"(702.5, inf]",-1.7446851744547323
1867,0,4,1256.130366,1900,982,"(1.5, 15.5]",-0.0406773138368468,"(1121.69, inf]",-1.0359899775063022,"(1750.0, inf]",-1.264675762282789,"(702.5, inf]",-1.7446851744547323
4100,0,0,101.2513489,200,673,"(-inf, 1.5]",-0.5795501057798665,"(-inf, 138.68]",0.3508536149625971,"(-inf, 250.0]",0.6610277277346917,"(623.5, 702.5]",-0.563990054998142
4169,0,4,166.9499258,200,1,"(1.5, 15.5]",-0.0406773138368468,"(138.68, 1121.69]",0.041654227303983424,"(-inf, 250.0]",0.6610277277346917,"(-inf, 191.5]",1.1741703917563333
2739,0,9,474.38143,1000,639,"(1.5, 15.5]",-0.0406773138368468,"(138.68, 1121.69]",0.041654227303983424,"(250.0, 1150.0]",0.34084726192349113,"(623.5, 702.5]",-0.563990054998142
71,0,4,422.3856079,1300,419,"(1.5, 15.5]",-0.0406773138368468,"(138.68, 1121.69]",0.041654227303983424,"(1150.0, 1350.0]",-0.2281076149142269,"(191.5, 450.5]",0.4745183096002622
2503,0,7,778.3590393,800,676,"(1.5, 15.5]",-0.0406773138368468,"(138.68, 1121.69]",0.041654227303983424,"(250.0, 1150.0]",0.34084726192349113,"(623.5, 702.5]",-0.563990054998142
2899,1,3,794.4029528,800,166,"(1.5, 15.5]",-0.0406773138368468,"(138.68, 1121.69]",0.041654227303983424,"(250.0, 1150.0]",0.34084726192349113,"(-inf, 191.5]",1.1741703917563333
235,0,39,205.1881418,300,288,"(30.5, 60.5]",2.1720634895446294,"(138.68, 1121.69]",0.041654227303983424,"(250.0, 1150.0]",0.34084726192349113,"(191.5, 450.5]",0.4745183096002622
4131,0,1,599.7426472,2500,938,"(-inf, 1.5]",-0.5795501057798665,"(138.68, 1121.69]",0.041654227303983424,"(1750.0, inf]",-1.264675762282789,"(702.5, inf]",-1.7446851744547323
2125,1,0,372.714993,400,298,"(-inf, 1.5]",-0.5795501057798665,"(138.68, 1121.69]",0.041654227303983424,"(250.0, 1150.0]",0.34084726192349113,"(191.5, 450.5]",0.4745183096002622
4071,1,20,116.5850115,300,131,"(15.5, 30.5]",0.6686743240412198,"(-inf, 138.68]",0.3508536149625971,"(250.0, 1150.0]",0.34084726192349113,"(-inf, 191.5]",1.1741703917563333
1293,0,0,138.7828087,900,455,"(-inf, 1.5]",-0.5795501057798665,"(138.68, 1121.69]",0.041654227303983424,"(250.0, 1150.0]",0.34084726192349113,"(450.5, 623.5]",0.04047982904804176
3484,0,0,10.02372189,1000,291,"(-inf, 1.5]",-0.5795501057798665,"(-inf, 138.68]",0.3508536149625971,"(250.0, 1150.0]",0.34084726192349113,"(191.5, 450.5]",0.4745183096002622
93,0,0,266.8413308,1300,827,"(-inf, 1.5]",-0.5795501057798665,"(138.68, 1121.69]",0.041654227303983424,"(1150.0, 1350.0]",-0.2281076149142269,"(702.5, inf]",-1.7446851744547323
2545,0,0,352.981881,600,903,"(-inf, 1.5]",-0.5795501057798665,"(138.68, 1121.69]",0.041654227303983424,"(250.0, 1150.0]",0.34084726192349113,"(702.5, inf]",-1.7446851744547323
2777,1,8,313.2210285,600,474,"(1.5, 15.5]",-0.0406773138368468,"(138.68, 1121.69]",0.041654227303983424,"(250.0, 1150.0]",0.34084726192349113,"(450.5, 623.5]",0.04047982904804176
3356,0,1,148.9206371,300,316,"(-inf, 1.5]",-0.5795501057798665,"(138.68, 1121.69]",0.041654227303983424,"(250.0, 1150.0]",0.34084726192349113,"(191.5, 450.5]",0.4745183096002622
4174,1,32,1053.800713,1200,392,"(30.5, 60.5]",2.1720634895446294,"(138.68, 1121.69]",0.041654227303983424,"(1150.0, 1350.0]",-0.2281076149142269,"(191.5, 450.5]",0.4745183096002622
4375,0,0,1270.190624,1700,833,"(-inf, 1.5]",-0.5795501057798665,"(1121.69, inf]",-1.0359899775063022,"(1350.0, 1750.0]",-0.5494831152766727,"(702.5, inf]",-1.7446851744547323
4760,0,6,1121.875218,1400,670,"(1.5, 15.5]",-0.0406773138368468,"(1121.69, inf]",-1.0359899775063022,"(1350.0, 1750.0]",-0.5494831152766727,"(623.5, 702.5]",-0.563990054998142
4061,0,0,155.4885031,600,493,"(-inf, 1.5]",-0.5795501057798665,"(138.68, 1121.69]",0.041654227303983424,"(250.0, 1150.0]",0.34084726192349113,"(450.5, 623.5]",0.04047982904804176
1934,0,1,320.1747135,900,398,"(-inf, 1.5]",-0.5795501057798665,"(138.68, 1121.69]",0.041654227303983424,"(250.0, 1150.0]",0.34084726192349113,"(191.5, 450.5]",0.4745183096002622
4560,1,1,144.8961305,200,3,"(-inf, 1.5]",-0.5795501057798665,"(138.68, 1121.69]",0.041654227303983424,"(-inf, 250.0]",0.6610277277346917,"(-inf, 191.5]",1.1741703917563333
4243,1,59,500.5131281,700,447,"(30.5, 60.5]",2.1720634895446294,"(138.68, 1121.69]",0.041654227303983424,"(250.0, 1150.0]",0.34084726192349113,"(191.5, 450.5]",0.4745183096002622
3236,0,1,633.8348704,2000,940,"(-inf, 1.5]",-0.5795501057798665,"(138.68, 1121.69]",0.041654227303983424,"(1750.0, inf]",-1.264675762282789,"(702.5, inf]",-1.7446851744547323
1205,1,16,136.3434998,200,179,"(15.5, 30.5]",0.6686743240412198,"(-inf, 138.68]",0.3508536149625971,"(-inf, 250.0]",0.6610277277346917,"(-inf, 191.5]",1.1741703917563333
422,0,10,20.99547327,800,283,"(1.5, 15.5]",-0.0406773138368468,"(-inf, 138.68]",0.3508536149625971,"(250.0, 1150.0]",0.34084726192349113,"(191.5, 450.5]",0.4745183096002622
4287,0,0,80.40222719,500,671,"(-inf, 1.5]",-0.5795501057798665,"(-inf, 138.68]",0.3508536149625971,"(250.0, 1150.0]",0.34084726192349113,"(623.5, 702.5]",-0.563990054998142
3270,0,0,502.2027036,1200,480,"(-inf, 1.5]",-0.5795501057798665,"(138.68, 1121.69]",0.041654227303983424,"(1150.0, 1350.0]",-0.2281076149142269,"(450.5, 623.5]",0.04047982904804176
3740,0,23,1090.2224,1400,602,"(15.5, 30.5]",0.6686743240412198,"(138.68, 1121.69]",0.041654227303983424,"(1350.0, 1750.0]",-0.5494831152766727,"(450.5, 623.5]",0.04047982904804176
4305,1,3,154.7947206,200,50,"(1.5, 15.5]",-0.0406773138368468,"(138.68, 1121.69]",0.041654227303983424,"(-inf, 250.0]",0.6610277277346917,"(-inf, 191.5]",1.1741703917563333
3795,0,15,586.987322,900,322,"(1.5, 15.5]",-0.0406773138368468,"(138.68, 1121.69]",0.041654227303983424,"(250.0, 1150.0]",0.34084726192349113,"(191.5, 450.5]",0.4745183096002622
1474,1,1,116.7329625,200,44,"(-inf, 1.5]",-0.5795501057798665,"(-inf, 138.68]",0.3508536149625971,"(-inf, 250.0]",0.6610277277346917,"(-inf, 191.5]",1.1741703917563333
1744,0,6,1686.941323,1900,735,"(1.5, 15.5]",-0.0406773138368468,"(1121.69, inf]",-1.0359899775063022,"(1750.0, inf]",-1.264675762282789,"(702.5, inf]",-1.7446851744547323
3279,1,35,230.2973838,1300,543,"(30.5, 60.5]",2.1720634895446294,"(138.68, 1121.69]",0.041654227303983424,"(1150.0, 1350.0]",-0.2281076149142269,"(450.5, 623.5]",0.04047982904804176
1155,0,6,516.7818288,600,302,"(1.5, 15.5]",-0.0406773138368468,"(138.68, 1121.69]",0.041654227303983424,"(250.0, 1150.0]",0.34084726192349113,"(191.5, 450.5]",0.4745183096002622
3879,1,2,20.59731159,200,87,"(1.5, 15.5]",-0.0406773138368468,"(-inf, 138.68]",0.3508536149625971,"(-inf, 250.0]",0.6610277277346917,"(-inf, 191.5]",1.1741703917563333
1832,0,0,432.5041635,1100,312,"(-inf, 1.5]",-0.5795501057798665,"(138.68, 1121.69]",0.041654227303983424,"(250.0, 1150.0]",0.34084726192349113,"(191.5, 450.5]",0.4745183096002622
1422,0,0,254.0823475,2300,867,"(-inf, 1.5]",-0.5795501057798665,"(138.68, 1121.69]",0.041654227303983424,"(1750.0, inf]",-1.264675762282789,"(702.5, inf]",-1.7446851744547323
4500,0,3,1654.604662,1900,940,"(1.5, 15.5]",-0.0406773138368468,"(1121.69, inf]",-1.0359899775063022,"(1750.0, inf]",-1.264675762282789,"(702.5, inf]",-1.7446851744547323
1033,0,0,1617.384922,1700,843,"(-inf, 1.5]",-0.5795501057798665,"(1121.69, inf]",-1.0359899775063022,"(1350.0, 1750.0]",-0.5494831152766727,"(702.5, inf]",-1.7446851744547323
301,0,0,312.036933,500,316,"(-inf, 1.5]",-0.5795501057798665,"(138.68, 1121.69]",0.041654227303983424,"(250.0, 1150.0]",0.34084726192349113,"(191.5, 450.5]",0.4745183096002622
1826,0,43,214.1557239,1400,592,"(30.5, 60.5]",2.1720634895446294,"(138.68, 1121.69]",0.041654227303983424,"(1350.0, 1750.0]",-0.5494831152766727,"(450.5, 623.5]",0.04047982904804176
1367,0,0,246.9326634,300,389,"(-inf, 1.5]",-0.5795501057798665,"(138.68, 1121.69]",0.041654227303983424,"(250.0, 1150.0]",0.34084726192349113,"(191.5, 450.5]",0.4745183096002622
2197,0,3,415.7292516,1100,531,"(1.5, 15.5]",-0.0406773138368468,"(138.68, 1121.69]",0.041654227303983424,"(250.0, 1150.0]",0.34084726192349113,"(450.5, 623.5]",0.04047982904804176
948,1,3,47.22947852,200,20,"(1.5, 15.5]",-0.0406773138368468,"(-inf, 138.68]",0.3508536149625971,"(-inf, 250.0]",0.6610277277346917,"(-inf, 191.5]",1.1741703917563333
3842,1,0,626.249705,900,235,"(-inf, 1.5]",-0.5795501057798665,"(138.68, 1121.69]",0.041654227303983424,"(250.0, 1150.0]",0.34084726192349113,"(191.5, 450.5]",0.4745183096002622
3946,1,9,578.3426388,600,352,"(1.5, 15.5]",-0.0406773138368468,"(138.68, 1121.69]",0.041654227303983424,"(250.0, 1150.0]",0.34084726192349113,"(191.5, 450.5]",0.4745183096002622
87,0,0,1540.458313,1900,772,"(-inf, 1.5]",-0.5795501057798665,"(1121.69, inf]",-1.0359899775063022,"(1750.0, inf]",-1.264675762282789,"(702.5, inf]",-1.7446851744547323
2389,1,9,750.8722507,900,333,"(1.5, 15.5]",-0.0406773138368468,"(138.68, 1121.69]",0.041654227303983424,"(250.0, 1150.0]",0.34084726192349113,"(191.5, 450.5]",0.4745183096002622
3601,0,0,1602.572365,2000,640,"(-inf, 1.5]",-0.5795501057798665,"(1121.69, inf]",-1.0359899775063022,"(1750.0, inf]",-1.264675762282789,"(623.5, 702.5]",-0.563990054998142
646,0,0,444.9833138,800,734,"(-inf, 1.5]",-0.5795501057798665,"(138.68, 1121.69]",0.041654227303983424,"(250.0, 1150.0]",0.34084726192349113,"(702.5, inf]",-1.7446851744547323
3778,0,13,614.9613556,1300,766,"(1.5, 15.5]",-0.0406773138368468,"(138.68, 1121.69]",0.041654227303983424,"(1150.0, 1350.0]",-0.2281076149142269,"(702.5, inf]",-1.7446851744547323
3429,0,10,1336.524261,1500,937,"(1.5, 15.5]",-0.0406773138368468,"(1121.69, inf]",-1.0359899775063022,"(1350.0, 1750.0]",-0.5494831152766727,"(702.5, inf]",-1.7446851744547323
2475,0,3,554.3055434,600,197,"(1.5, 15.5]",-0.0406773138368468,"(138.68, 1121.69]",0.041654227303983424,"(250.0, 1150.0]",0.34084726192349113,"(191.5, 450.5]",0.4745183096002622
451,1,1,668.2652303,1000,436,"(-inf, 1.5]",-0.5795501057798665,"(138.68, 1121.69]",0.041654227303983424,"(250.0, 1150.0]",0.34084726192349113,"(191.5, 450.5]",0.4745183096002622
4341,0,18,149.3228407,800,678,"(15.5, 30.5]",0.6686743240412198,"(138.68, 1121.69]",0.041654227303983424,"(250.0, 1150.0]",0.34084726192349113,"(623.5, 702.5]",-0.563990054998142
4543,1,8,299.5585905,400,111,"(1.5, 15.5]",-0.0406773138368468,"(138.68, 1121.69]",0.041654227303983424,"(250.0, 1150.0]",0.34084726192349113,"(-inf, 191.5]",1.1741703917563333
4045,0,0,31.23730855,1000,306,"(-inf, 1.5]",-0.5795501057798665,"(-inf, 138.68]",0.3508536149625971,"(250.0, 1150.0]",0.34084726192349113,"(191.5, 450.5]",0.4745183096002622
1648,1,26,161.8012408,800,607,"(15.5, 30.5]",0.6686743240412198,"(138.68, 1121.69]",0.041654227303983424,"(250.0, 1150.0]",0.34084726192349113,"(450.5, 623.5]",0.04047982904804176
3241,0,7,683.6222788,2000,974,"(1.5, 15.5]",-0.0406773138368468,"(138.68, 1121.69]",0.041654227303983424,"(1750.0, inf]",-1.264675762282789,"(702.5, inf]",-1.7446851744547323
4125,0,3,1166.603272,1200,595,"(1.5, 15.5]",-0.0406773138368468,"(1121.69, inf]",-1.0359899775063022,"(1150.0, 1350.0]",-0.2281076149142269,"(450.5, 623.5]",0.04047982904804176
3681,0,0,248.3818504,600,56,"(-inf, 1.5]",-0.5795501057798665,"(138.68, 1121.69]",0.041654227303983424,"(250.0, 1150.0]",0.34084726192349113,"(-inf, 191.5]",1.1741703917563333
885,0,0,676.0723868,2300,872,"(-inf, 1.5]",-0.5795501057798665,"(138.68, 1121.69]",0.041654227303983424,"(1750.0, inf]",-1.264675762282789,"(702.5, inf]",-1.7446851744547323
531,0,0,839.8965761,900,285,"(-inf, 1.5]",-0.5795501057798665,"(138.68, 1121.69]",0.041654227303983424,"(250.0, 1150.0]",0.34084726192349113,"(191.5, 450.5]",0.4745183096002622
644,0,15,2170.966176,2500,893,"(1.5, 15.5]",-0.0406773138368468,"(1121.69, inf]",-1.0359899775063022,"(1750.0, inf]",-1.264675762282789,"(702.5, inf]",-1.7446851744547323
147,1,0,6.744289532,1100,124,"(-inf, 1.5]",-0.5795501057798665,"(-inf, 138.68]",0.3508536149625971,"(250.0, 1150.0]",0.34084726192349113,"(-inf, 191.5]",1.1741703917563333
581,1,9,127.9877323,700,244,"(1.5, 15.5]",-0.0406773138368468,"(-inf, 138.68]",0.3508536149625971,"(250.0, 1150.0]",0.34084726192349113,"(191.5, 450.5]",0.4745183096002622
590,0,23,614.8461987,1000,174,"(15.5, 30.5]",0.6686743240412198,"(138.68, 1121.69]",0.041654227303983424,"(250.0, 1150.0]",0.34084726192349113,"(-inf, 191.5]",1.1741703917563333
937,0,0,1292.715425,2700,705,"(-inf, 1.5]",-0.5795501057798665,"(1121.69, inf]",-1.0359899775063022,"(1750.0, inf]",-1.264675762282789,"(702.5, inf]",-1.7446851744547323
1453,0,0,1067.459566,1900,931,"(-inf, 1.5]",-0.5795501057798665,"(138.68, 1121.69]",0.041654227303983424,"(1750.0, inf]",-1.264675762282789,"(702.5, inf]",-1.7446851744547323
1710,0,0,286.6755094,700,828,"(-inf, 1.5]",-0.5795501057798665,"(138.68, 1121.69]",0.041654227303983424,"(250.0, 1150.0]",0.34084726192349113,"(702.5, inf]",-1.7446851744547323
3559,0,0,812.7227558,1200,570,"(-inf, 1.5]",-0.5795501057798665,"(138.68, 1121.69]",0.041654227303983424,"(1150.0, 1350.0]",-0.2281076149142269,"(450.5, 623.5]",0.04047982904804176
2826,0,0,216.0013179,2000,906,"(-inf, 1.5]",-0.5795501057798665,"(138.68, 1121.69]",0.041654227303983424,"(1750.0, inf]",-1.264675762282789,"(702.5, inf]",-1.7446851744547323
231,1,0,507.6611611,700,37,"(-inf, 1.5]",-0.5795501057798665,"(138.68, 1121.69]",0.041654227303983424,"(250.0, 1150.0]",0.34084726192349113,"(-inf, 191.5]",1.1741703917563333
3408,1,0,179.3193145,400,190,"(-inf, 1.5]",-0.5795501057798665,"(138.68, 1121.69]",0.041654227303983424,"(250.0, 1150.0]",0.34084726192349113,"(-inf, 191.5]",1.1741703917563333
1991,0,0,1744.730737,2000,614,"(-inf, 1.5]",-0.5795501057798665,"(1121.69, inf]",-1.0359899775063022,"(1750.0, inf]",-1.264675762282789,"(450.5, 623.5]",0.04047982904804176
1852,0,12,595.1652069,1000,453,"(1.5, 15.5]",-0.0406773138368468,"(138.68, 1121.69]",0.041654227303983424,"(250.0, 1150.0]",0.34084726192349113,"(450.5, 623.5]",0.04047982904804176
1200,0,6,1128.691445,1900,862,"(1.5, 15.5]",-0.0406773138368468,"(1121.69, inf]",-1.0359899775063022,"(1750.0, inf]",-1.264675762282789,"(702.5, inf]",-1.7446851744547323
220,0,4,2391.431646,2700,985,"(1.5, 15.5]",-0.0406773138368468,"(1121.69, inf]",-1.0359899775063022,"(1750.0, inf]",-1.264675762282789,"(702.5, inf]",-1.7446851744547323
3066,1,0,446.8999241,1000,576,"(-inf, 1.5]",-0.5795501057798665,"(138.68, 1121.69]",0.041654227303983424,"(250.0, 1150.0]",0.34084726192349113,"(450.5, 623.5]",0.04047982904804176
2470,0,21,289.5740111,300,489,"(15.5, 30.5]",0.6686743240412198,"(138.68, 1121.69]",0.041654227303983424,"(250.0, 1150.0]",0.34084726192349113,"(450.5, 623.5]",0.04047982904804176
1882,0,0,301.3309435,1600,926,"(-inf, 1.5]",-0.5795501057798665,"(138.68, 1121.69]",0.041654227303983424,"(1350.0, 1750.0]",-0.5494831152766727,"(702.5, inf]",-1.7446851744547323
2489,1,8,210.2768946,1100,348,"(1.5, 15.5]",-0.0406773138368468,"(138.68, 1121.69]",0.041654227303983424,"(250.0, 1150.0]",0.34084726192349113,"(191.5, 450.5]",0.4745183096002622
582,0,0,609.8027519,1400,819,"(-inf, 1.5]",-0.5795501057798665,"(138.68, 1121.69]",0.041654227303983424,"(1350.0, 1750.0]",-0.5494831152766727,"(702.5, inf]",-1.7446851744547323
1500,0,2,181.2063936,800,384,"(1.5, 15.5]",-0.0406773138368468,"(138.68, 1121.69]",0.041654227303983424,"(250.0, 1150.0]",0.34084726192349113,"(191.5, 450.5]",0.4745183096002622
2997,0,1,946.4354574,1400,549,"(-inf, 1.5]",-0.5795501057798665,"(138.68, 1121.69]",0.041654227303983424,"(1350.0, 1750.0]",-0.5494831152766727,"(450.5, 623.5]",0.04047982904804176
2892,0,0,181.6853326,200,610,"(-inf, 1.5]",-0.5795501057798665,"(138.68, 1121.69]",0.041654227303983424,"(-inf, 250.0]",0.6610277277346917,"(450.5, 623.5]",0.04047982904804176
3469,0,3,115.898671,700,204,"(1.5, 15.5]",-0.0406773138368468,"(-inf, 138.68]",0.3508536149625971,"(250.0, 1150.0]",0.34084726192349113,"(191.5, 450.5]",0.4745183096002622
998,0,1,177.9851021,2100,820,"(-inf, 1.5]",-0.5795501057798665,"(138.68, 1121.69]",0.041654227303983424,"(1750.0, inf]",-1.264675762282789,"(702.5, inf]",-1.7446851744547323
1737,0,6,1729.779717,2300,665,"(1.5, 15.5]",-0.0406773138368468,"(1121.69, inf]",-1.0359899775063022,"(1750.0, inf]",-1.264675762282789,"(623.5, 702.5]",-0.563990054998142
3303,0,2,1156.048862,1600,772,"(1.5, 15.5]",-0.0406773138368468,"(1121.69, inf]",-1.0359899775063022,"(1350.0, 1750.0]",-0.5494831152766727,"(702.5, inf]",-1.7446851744547323
4959,1,2,222.0253641,600,249,"(1.5, 15.5]",-0.0406773138368468,"(138.68, 1121.69]",0.041654227303983424,"(250.0, 1150.0]",0.34084726192349113,"(191.5, 450.5]",0.4745183096002622
563,0,0,609.0357479,1700,837,"(-inf, 1.5]",-0.5795501057798665,"(138.68, 1121.69]",0.041654227303983424,"(1350.0, 1750.0]",-0.5494831152766727,"(702.5, inf]",-1.7446851744547323
4631,0,0,948.6127363,1100,179,"(-inf, 1.5]",-0.5795501057798665,"(138.68, 1121.69]",0.041654227303983424,"(250.0, 1150.0]",0.34084726192349113,"(-inf, 191.5]",1.1741703917563333
3127,0,3,1152.479471,1300,699,"(1.5, 15.5]",-0.0406773138368468,"(1121.69, inf]",-1.0359899775063022,"(1150.0, 1350.0]",-0.2281076149142269,"(623.5, 702.5]",-0.563990054998142
3720,0,0,999.5485657,1000,575,"(-inf, 1.5]",-0.5795501057798665,"(138.68, 1121.69]",0.041654227303983424,"(250.0, 1150.0]",0.34084726192349113,"(450.5, 623.5]",0.04047982904804176
3248,0,11,2192.571122,2500,793,"(1.5, 15.5]",-0.0406773138368468,"(1121.69, inf]",-1.0359899775063022,"(1750.0, inf]",-1.264675762282789,"(702.5, inf]",-1.7446851744547323
1685,0,1,206.0736335,1400,723,"(-inf, 1.5]",-0.5795501057798665,"(138.68, 1121.69]",0.041654227303983424,"(1350.0, 1750.0]",-0.5494831152766727,"(702.5, inf]",-1.7446851744547323
4371,1,23,1118.06165,1400,529,"(15.5, 30.5]",0.6686743240412198,"(138.68, 1121.69]",0.041654227303983424,"(1350.0, 1750.0]",-0.5494831152766727,"(450.5, 623.5]",0.04047982904804176
674,1,2,330.7541143,600,409,"(1.5, 15.5]",-0.0406773138368468,"(138.68, 1121.69]",0.041654227303983424,"(250.0, 1150.0]",0.34084726192349113,"(191.5, 450.5]",0.4745183096002622
4839,0,0,1078.481788,1200,549,"(-inf, 1.5]",-0.5795501057798665,"(138.68, 1121.69]",0.041654227303983424,"(1150.0, 1350.0]",-0.2281076149142269,"(450.5, 623.5]",0.04047982904804176
1875,0,0,780.6145848,1000,257,"(-inf, 1.5]",-0.5795501057798665,"(138.68, 1121.69]",0.041654227303983424,"(250.0, 1150.0]",0.34084726192349113,"(191.5, 450.5]",0.4745183096002622
1021,0,0,708.7551994,1400,713,"(-inf, 1.5]",-0.5795501057798665,"(138.68, 1121.69]",0.041654227303983424,"(1350.0, 1750.0]",-0.5494831152766727,"(702.5, inf]",-1.7446851744547323
1,0,2,159.0140807,700,963,"(1.5, 15.5]",-0.0406773138368468,"(138.68, 1121.69]",0.041654227303983424,"(250.0, 1150.0]",0.34084726192349113,"(702.5, inf]",-1.7446851744547323
3317,0,1,956.2049717,1800,868,"(-inf, 1.5]",-0.5795501057798665,"(138.68, 1121.69]",0.041654227303983424,"(1750.0, inf]",-1.264675762282789,"(702.5, inf]",-1.7446851744547323
4000,0,2,777.7734688,800,371,"(1.5, 15.5]",-0.0406773138368468,"(138.68, 1121.69]",0.041654227303983424,"(250.0, 1150.0]",0.34084726192349113,"(191.5, 450.5]",0.4745183096002622
4908,0,0,1259.804663,2000,858,"(-inf, 1.5]",-0.5795501057798665,"(1121.69, inf]",-1.0359899775063022,"(1750.0, inf]",-1.264675762282789,"(702.5, inf]",-1.7446851744547323
3858,0,0,831.5401487,1300,521,"(-inf, 1.5]",-0.5795501057798665,"(138.68, 1121.69]",0.041654227303983424,"(1150.0, 1350.0]",-0.2281076149142269,"(450.5, 623.5]",0.04047982904804176
2346,1,0,633.3977599,1000,498,"(-inf, 1.5]",-0.5795501057798665,"(138.68, 1121.69]",0.041654227303983424,"(250.0, 1150.0]",0.34084726192349113,"(450.5, 623.5]",0.04047982904804176
1969,1,3,213.1297335,400,56,"(1.5, 15.5]",-0.0406773138368468,"(138.68, 1121.69]",0.041654227303983424,"(250.0, 1150.0]",0.34084726192349113,"(-inf, 191.5]",1.1741703917563333
262,0,0,469.4204211,2000,818,"(-inf, 1.5]",-0.5795501057798665,"(138.68, 1121.69]",0.041654227303983424,"(1750.0, inf]",-1.264675762282789,"(702.5, inf]",-1.7446851744547323
2416,1,1,235.6139553,600,365,"(-inf, 1.5]",-0.5795501057798665,"(138.68, 1121.69]",0.041654227303983424,"(250.0, 1150.0]",0.34084726192349113,"(191.5, 450.5]",0.4745183096002622
2771,0,14,626.7857468,700,342,"(1.5, 15.5]",-0.0406773138368468,"(138.68, 1121.69]",0.041654227303983424,"(250.0, 1150.0]",0.34084726192349113,"(191.5, 450.5]",0.4745183096002622
1148,0,0,878.8779713,1400,602,"(-inf, 1.5]",-0.5795501057798665,"(138.68, 1121.69]",0.041654227303983424,"(1350.0, 1750.0]",-0.5494831152766727,"(450.5, 623.5]",0.04047982904804176
3506,1,4,291.1296004,400,157,"(1.5, 15.5]",-0.0406773138368468,"(138.68, 1121.69]",0.041654227303983424,"(250.0, 1150.0]",0.34084726192349113,"(-inf, 191.5]",1.1741703917563333
3422,0,6,954.6392782,2700,912,"(1.5, 15.5]",-0.0406773138368468,"(138.68, 1121.69]",0.041654227303983424,"(1750.0, inf]",-1.264675762282789,"(702.5, inf]",-1.7446851744547323
4183,0,25,326.2696504,1000,554,"(15.5, 30.5]",0.6686743240412198,"(138.68, 1121.69]",0.041654227303983424,"(250.0, 1150.0]",0.34084726192349113,"(450.5, 623.5]",0.04047982904804176
306,0,0,1089.001371,1800,817,"(-inf, 1.5]",-0.5795501057798665,"(138.68, 1121.69]",0.041654227303983424,"(1750.0, inf]",-1.264675762282789,"(702.5, inf]",-1.7446851744547323
980,1,39,430.0257742,700,20,"(30.5, 60.5]",2.1720634895446294,"(138.68, 1121.69]",0.041654227303983424,"(250.0, 1150.0]",0.34084726192349113,"(-inf, 191.5]",1.1741703917563333
3806,0,6,754.2225341,1100,597,"(1.5, 15.5]",-0.0406773138368468,"(138.68, 1121.69]",0.041654227303983424,"(250.0, 1150.0]",0.34084726192349113,"(450.5, 623.5]",0.04047982904804176
4944,0,7,601.5663571,1100,447,"(1.5, 15.5]",-0.0406773138368468,"(138.68, 1121.69]",0.041654227303983424,"(250.0, 1150.0]",0.34084726192349113,"(191.5, 450.5]",0.4745183096002622
3863,0,0,1293.603308,1600,919,"(-inf, 1.5]",-0.5795501057798665,"(1121.69, inf]",-1.0359899775063022,"(1350.0, 1750.0]",-0.5494831152766727,"(702.5, inf]",-1.7446851744547323
2962,0,11,857.4811564,1100,789,"(1.5, 15.5]",-0.0406773138368468,"(138.68, 1121.69]",0.041654227303983424,"(250.0, 1150.0]",0.34084726192349113,"(702.5, inf]",-1.7446851744547323
4069,0,0,27.36567669,1800,901,"(-inf, 1.5]",-0.5795501057798665,"(-inf, 138.68]",0.3508536149625971,"(1750.0, inf]",-1.264675762282789,"(702.5, inf]",-1.7446851744547323
289,0,0,64.00714972,2000,738,"(-inf, 1.5]",-0.5795501057798665,"(-inf, 138.68]",0.3508536149625971,"(1750.0, inf]",-1.264675762282789,"(702.5, inf]",-1.7446851744547323
4991,1,56,20.58251199,1100,50,"(30.5, 60.5]",2.1720634895446294,"(-inf, 138.68]",0.3508536149625971,"(250.0, 1150.0]",0.34084726192349113,"(-inf, 191.5]",1.1741703917563333
4373,1,79,1148.550234,2100,702,"(60.5, inf]",4.147649406746059,"(1121.69, inf]",-1.0359899775063022,"(1750.0, inf]",-1.264675762282789,"(623.5, 702.5]",-0.563990054998142
3393,0,0,274.5437868,900,583,"(-inf, 1.5]",-0.5795501057798665,"(138.68, 1121.69]",0.041654227303983424,"(250.0, 1150.0]",0.34084726192349113,"(450.5, 623.5]",0.04047982904804176
295,1,11,1876.688278,1900,699,"(1.5, 15.5]",-0.0406773138368468,"(1121.69, inf]",-1.0359899775063022,"(1750.0, inf]",-1.264675762282789,"(623.5, 702.5]",-0.563990054998142
1004,1,22,1266.093989,2000,139,"(15.5, 30.5]",0.6686743240412198,"(1121.69, inf]",-1.0359899775063022,"(1750.0, inf]",-1.264675762282789,"(-inf, 191.5]",1.1741703917563333
3254,0,0,864.4875268,1400,984,"(-inf, 1.5]",-0.5795501057798665,"(138.68, 1121.69]",0.041654227303983424,"(1350.0, 1750.0]",-0.5494831152766727,"(702.5, inf]",-1.7446851744547323
3728,0,18,89.72209768,700,97,"(15.5, 30.5]",0.6686743240412198,"(-inf, 138.68]",0.3508536149625971,"(250.0, 1150.0]",0.34084726192349113,"(-inf, 191.5]",1.1741703917563333
3175,0,9,1944.62995,2000,714,"(1.5, 15.5]",-0.0406773138368468,"(1121.69, inf]",-1.0359899775063022,"(1750.0, inf]",-1.264675762282789,"(702.5, inf]",-1.7446851744547323
2255,0,0,95.18178618,600,652,"(-inf, 1.5]",-0.5795501057798665,"(-inf, 138.68]",0.3508536149625971,"(250.0, 1150.0]",0.34084726192349113,"(623.5, 702.5]",-0.563990054998142
4261,0,0,1295.121377,2100,995,"(-inf, 1.5]",-0.5795501057798665,"(1121.69, inf]",-1.0359899775063022,"(1750.0, inf]",-1.264675762282789,"(702.5, inf]",-1.7446851744547323
3709,1,0,460.1450458,800,264,"(-inf, 1.5]",-0.5795501057798665,"(138.68, 1121.69]",0.041654227303983424,"(250.0, 1150.0]",0.34084726192349113,"(191.5, 450.5]",0.4745183096002622
4188,0,0,29.49149531,1500,737,"(-inf, 1.5]",-0.5795501057798665,"(-inf, 138.68]",0.3508536149625971,"(1350.0, 1750.0]",-0.5494831152766727,"(702.5, inf]",-1.7446851744547323
4768,1,2,286.6417002,400,26,"(1.5, 15.5]",-0.0406773138368468,"(138.68, 1121.69]",0.041654227303983424,"(250.0, 1150.0]",0.34084726192349113,"(-inf, 191.5]",1.1741703917563333
1785,0,0,164.9954657,700,349,"(-inf, 1.5]",-0.5795501057798665,"(138.68, 1121.69]",0.041654227303983424,"(250.0, 1150.0]",0.34084726192349113,"(191.5, 450.5]",0.4745183096002622
4718,1,4,520.888234,900,491,"(1.5, 15.5]",-0.0406773138368468,"(138.68, 1121.69]",0.041654227303983424,"(250.0, 1150.0]",0.34084726192349113,"(450.5, 623.5]",0.04047982904804176
3655,1,39,15.46885389,200,174,"(30.5, 60.5]",2.1720634895446294,"(-inf, 138.68]",0.3508536149625971,"(-inf, 250.0]",0.6610277277346917,"(-inf, 191.5]",1.1741703917563333
3757,0,2,441.0224732,900,266,"(1.5, 15.5]",-0.0406773138368468,"(138.68, 1121.69]",0.041654227303983424,"(250.0, 1150.0]",0.34084726192349113,"(191.5, 450.5]",0.4745183096002622
3342,1,8,23.27928268,800,410,"(1.5, 15.5]",-0.0406773138368468,"(-inf, 138.68]",0.3508536149625971,"(250.0, 1150.0]",0.34084726192349113,"(191.5, 450.5]",0.4745183096002622
2204,0,0,1409.031742,1500,655,"(-inf, 1.5]",-0.5795501057798665,"(1121.69, inf]",-1.0359899775063022,"(1350.0, 1750.0]",-0.5494831152766727,"(623.5, 702.5]",-0.563990054998142
161,1,4,285.8221032,300,62,"(1.5, 15.5]",-0.0406773138368468,"(138.68, 1121.69]",0.041654227303983424,"(250.0, 1150.0]",0.34084726192349113,"(-inf, 191.5]",1.1741703917563333
2769,1,0,610.9660429,1300,66,"(-inf, 1.5]",-0.5795501057798665,"(138.68, 1121.69]",0.041654227303983424,"(1150.0, 1350.0]",-0.2281076149142269,"(-inf, 191.5]",1.1741703917563333
1039,0,3,967.5148022,1000,602,"(1.5, 15.5]",-0.0406773138368468,"(138.68, 1121.69]",0.041654227303983424,"(250.0, 1150.0]",0.34084726192349113,"(450.5, 623.5]",0.04047982904804176
3848,0,9,1873.425163,2500,744,"(1.5, 15.5]",-0.0406773138368468,"(1121.69, inf]",-1.0359899775063022,"(1750.0, inf]",-1.264675762282789,"(702.5, inf]",-1.7446851744547323
2086,0,0,708.1198665,1700,844,"(-inf, 1.5]",-0.5795501057798665,"(138.68, 1121.69]",0.041654227303983424,"(1350.0, 1750.0]",-0.5494831152766727,"(702.5, inf]",-1.7446851744547323
4105,0,3,527.6459578,900,559,"(1.5, 15.5]",-0.0406773138368468,"(138.68, 1121.69]",0.041654227303983424,"(250.0, 1150.0]",0.34084726192349113,"(450.5, 623.5]",0.04047982904804176
4784,0,0,529.7064054,1000,493,"(-inf, 1.5]",-0.5795501057798665,"(138.68, 1121.69]",0.041654227303983424,"(250.0, 1150.0]",0.34084726192349113,"(450.5, 623.5]",0.04047982904804176
1035,0,0,93.11610947,500,436,"(-inf, 1.5]",-0.5795501057798665,"(-inf, 138.68]",0.3508536149625971,"(250.0, 1150.0]",0.34084726192349113,"(191.5, 450.5]",0.4745183096002622
4325,0,4,320.0557928,1300,600,"(1.5, 15.5]",-0.0406773138368468,"(138.68, 1121.69]",0.041654227303983424,"(1150.0, 1350.0]",-0.2281076149142269,"(450.5, 623.5]",0.04047982904804176
1843,1,4,557.6802657,800,303,"(1.5, 15.5]",-0.0406773138368468,"(138.68, 1121.69]",0.041654227303983424,"(250.0, 1150.0]",0.34084726192349113,"(191.5, 450.5]",0.4745183096002622
4107,1,41,844.0555715,1100,476,"(30.5, 60.5]",2.1720634895446294,"(138.68, 1121.69]",0.041654227303983424,"(250.0, 1150.0]",0.34084726192349113,"(450.5, 623.5]",0.04047982904804176
3186,1,34,402.3382617,1500,686,"(30.5, 60.5]",2.1720634895446294,"(138.68, 1121.69]",0.041654227303983424,"(1350.0, 1750.0]",-0.5494831152766727,"(623.5, 702.5]",-0.563990054998142
3052,0,2,181.4011512,500,372,"(1.5, 15.5]",-0.0406773138368468,"(138.68, 1121.69]",0.041654227303983424,"(250.0, 1150.0]",0.34084726192349113,"(191.5, 450.5]",0.4745183096002622
992,0,37,742.33393,800,423,"(30.5, 60.5]",2.1720634895446294,"(138.68, 1121.69]",0.041654227303983424,"(250.0, 1150.0]",0.34084726192349113,"(191.5, 450.5]",0.4745183096002622
2846,1,0,299.0117518,500,136,"(-inf, 1.5]",-0.5795501057798665,"(138.68, 1121.69]",0.041654227303983424,"(250.0, 1150.0]",0.34084726192349113,"(-inf, 191.5]",1.1741703917563333
3401,0,2,140.1799382,800,424,"(1.5, 15.5]",-0.0406773138368468,"(138.68, 1121.69]",0.041654227303983424,"(250.0, 1150.0]",0.34084726192349113,"(191.5, 450.5]",0.4745183096002622
1476,0,0,57.31875583,700,209,"(-inf, 1.5]",-0.5795501057798665,"(-inf, 138.68]",0.3508536149625971,"(250.0, 1150.0]",0.34084726192349113,"(191.5, 450.5]",0.4745183096002622
1678,1,4,628.3064251,800,370,"(1.5, 15.5]",-0.0406773138368468,"(138.68, 1121.69]",0.041654227303983424,"(250.0, 1150.0]",0.34084726192349113,"(191.5, 450.5]",0.4745183096002622
221,1,44,1494.63101,1700,522,"(30.5, 60.5]",2.1720634895446294,"(1121.69, inf]",-1.0359899775063022,"(1350.0, 1750.0]",-0.5494831152766727,"(450.5, 623.5]",0.04047982904804176
3696,0,0,1359.373901,2100,800,"(-inf, 1.5]",-0.5795501057798665,"(1121.69, inf]",-1.0359899775063022,"(1750.0, inf]",-1.264675762282789,"(702.5, inf]",-1.7446851744547323
1534,1,31,1076.75511,1600,681,"(30.5, 60.5]",2.1720634895446294,"(138.68, 1121.69]",0.041654227303983424,"(1350.0, 1750.0]",-0.5494831152766727,"(623.5, 702.5]",-0.563990054998142
1590,0,4,332.1050112,800,423,"(1.5, 15.5]",-0.0406773138368468,"(138.68, 1121.69]",0.041654227303983424,"(250.0, 1150.0]",0.34084726192349113,"(191.5, 450.5]",0.4745183096002622
1471,0,0,702.1415429,900,731,"(-inf, 1.5]",-0.5795501057798665,"(138.68, 1121.69]",0.041654227303983424,"(250.0, 1150.0]",0.34084726192349113,"(702.5, inf]",-1.7446851744547323
280,0,2,38.02981639,1900,605,"(1.5, 15.5]",-0.0406773138368468,"(-inf, 138.68]",0.3508536149625971,"(1750.0, inf]",-1.264675762282789,"(450.5, 623.5]",0.04047982904804176
4985,1,4,612.4808608,800,433,"(1.5, 15.5]",-0.0406773138368468,"(138.68, 1121.69]",0.041654227303983424,"(250.0, 1150.0]",0.34084726192349113,"(191.5, 450.5]",0.4745183096002622
1580,0,7,175.3907691,700,872,"(1.5, 15.5]",-0.0406773138368468,"(138.68, 1121.69]",0.041654227303983424,"(250.0, 1150.0]",0.34084726192349113,"(702.5, inf]",-1.7446851744547323
739,0,4,253.9994061,1000,663,"(1.5, 15.5]",-0.0406773138368468,"(138.68, 1121.69]",0.041654227303983424,"(250.0, 1150.0]",0.34084726192349113,"(623.5, 702.5]",-0.563990054998142
2107,0,0,476.7941571,1900,757,"(-inf, 1.5]",-0.5795501057798665,"(138.68, 1121.69]",0.041654227303983424,"(1750.0, inf]",-1.264675762282789,"(702.5, inf]",-1.7446851744547323
679,0,2,148.7520563,900,636,"(1.5, 15.5]",-0.0406773138368468,"(138.68, 1121.69]",0.041654227303983424,"(250.0, 1150.0]",0.34084726192349113,"(623.5, 702.5]",-0.563990054998142
4942,0,2,919.4451552,1000,594,"(1.5, 15.5]",-0.0406773138368468,"(138.68, 1121.69]",0.041654227303983424,"(250.0, 1150.0]",0.34084726192349113,"(450.5, 623.5]",0.04047982904804176
1481,1,3,272.7798378,1000,560,"(1.5, 15.5]",-0.0406773138368468,"(138.68, 1121.69]",0.041654227303983424,"(250.0, 1150.0]",0.34084726192349113,"(450.5, 623.5]",0.04047982904804176
2845,0,0,140.6030636,1200,740,"(-inf, 1.5]",-0.5795501057798665,"(138.68, 1121.69]",0.041654227303983424,"(1150.0, 1350.0]",-0.2281076149142269,"(702.5, inf]",-1.7446851744547323
979,0,0,128.4578581,800,816,"(-inf, 1.5]",-0.5795501057798665,"(-inf, 138.68]",0.3508536149625971,"(250.0, 1150.0]",0.34084726192349113,"(702.5, inf]",-1.7446851744547323
4711,0,1,1045.891632,1600,766,"(-inf, 1.5]",-0.5795501057798665,"(138.68, 1121.69]",0.041654227303983424,"(1350.0, 1750.0]",-0.5494831152766727,"(702.5, inf]",-1.7446851744547323
205,1,1,1416.375726,1500,517,"(-inf, 1.5]",-0.5795501057798665,"(1121.69, inf]",-1.0359899775063022,"(1350.0, 1750.0]",-0.5494831152766727,"(450.5, 623.5]",0.04047982904804176
2711,1,21,1068.020855,2000,903,"(15.5, 30.5]",0.6686743240412198,"(138.68, 1121.69]",0.041654227303983424,"(1750.0, inf]",-1.264675762282789,"(702.5, inf]",-1.7446851744547323
3955,0,0,785.0851796,1400,798,"(-inf, 1.5]",-0.5795501057798665,"(138.68, 1121.69]",0.041654227303983424,"(1350.0, 1750.0]",-0.5494831152766727,"(702.5, inf]",-1.7446851744547323
4864,0,2,526.9399985,1700,635,"(1.5, 15.5]",-0.0406773138368468,"(138.68, 1121.69]",0.041654227303983424,"(1350.0, 1750.0]",-0.5494831152766727,"(623.5, 702.5]",-0.563990054998142
1957,0,0,136.9142856,700,289,"(-inf, 1.5]",-0.5795501057798665,"(-inf, 138.68]",0.3508536149625971,"(250.0, 1150.0]",0.34084726192349113,"(191.5, 450.5]",0.4745183096002622
1913,1,35,83.28260616,900,163,"(30.5, 60.5]",2.1720634895446294,"(-inf, 138.68]",0.3508536149625971,"(250.0, 1150.0]",0.34084726192349113,"(-inf, 191.5]",1.1741703917563333
4870,0,0,394.4626989,700,619,"(-inf, 1.5]",-0.5795501057798665,"(138.68, 1121.69]",0.041654227303983424,"(250.0, 1150.0]",0.34084726192349113,"(450.5, 623.5]",0.04047982904804176
261,1,44,100.6653453,200,99,"(30.5, 60.5]",2.1720634895446294,"(-inf, 138.68]",0.3508536149625971,"(-inf, 250.0]",0.6610277277346917,"(-inf, 191.5]",1.1741703917563333
4280,0,2,670.5731102,800,498,"(1.5, 15.5]",-0.0406773138368468,"(138.68, 1121.69]",0.041654227303983424,"(250.0, 1150.0]",0.34084726192349113,"(450.5, 623.5]",0.04047982904804176
1850,0,0,664.4662636,1300,965,"(-inf, 1.5]",-0.5795501057798665,"(138.68, 1121.69]",0.041654227303983424,"(1150.0, 1350.0]",-0.2281076149142269,"(702.5, inf]",-1.7446851744547323
4869,1,0,360.5953992,700,475,"(-inf, 1.5]",-0.5795501057798665,"(138.68, 1121.69]",0.041654227303983424,"(250.0, 1150.0]",0.34084726192349113,"(450.5, 623.5]",0.04047982904804176
2720,1,31,190.4642008,500,138,"(30.5, 60.5]",2.1720634895446294,"(138.68, 1121.69]",0.041654227303983424,"(250.0, 1150.0]",0.34084726192349113,"(-inf, 191.5]",1.1741703917563333
973,0,0,457.1772349,2400,981,"(-inf, 1.5]",-0.5795501057798665,"(138.68, 1121.69]",0.041654227303983424,"(1750.0, inf]",-1.264675762282789,"(702.5, inf]",-1.7446851744547323
4967,0,2,149.9927819,700,206,"(1.5, 15.5]",-0.0406773138368468,"(138.68, 1121.69]",0.041654227303983424,"(250.0, 1150.0]",0.34084726192349113,"(191.5, 450.5]",0.4745183096002622
1250,1,62,942.8200177,1600,833,"(60.5, inf]",4.147649406746059,"(138.68, 1121.69]",0.041654227303983424,"(1350.0, 1750.0]",-0.5494831152766727,"(702.5, inf]",-1.7446851744547323
284,0,0,298.2603225,1800,815,"(-inf, 1.5]",-0.5795501057798665,"(138.68, 1121.69]",0.041654227303983424,"(1750.0, inf]",-1.264675762282789,"(702.5, inf]",-1.7446851744547323
706,1,6,791.5953632,900,227,"(1.5, 15.5]",-0.0406773138368468,"(138.68, 1121.69]",0.041654227303983424,"(250.0, 1150.0]",0.34084726192349113,"(191.5, 450.5]",0.4745183096002622
1639,0,1,892.2111262,1300,733,"(-inf, 1.5]",-0.5795501057798665,"(138.68, 1121.69]",0.041654227303983424,"(1150.0, 1350.0]",-0.2281076149142269,"(702.5, inf]",-1.7446851744547323
4018,0,3,1619.414076,2200,830,"(1.5, 15.5]",-0.0406773138368468,"(1121.69, inf]",-1.0359899775063022,"(1750.0, inf]",-1.264675762282789,"(702.5, inf]",-1.7446851744547323
4028,1,37,115.9963235,800,162,"(30.5, 60.5]",2.1720634895446294,"(-inf, 138.68]",0.3508536149625971,"(250.0, 1150.0]",0.34084726192349113,"(-inf, 191.5]",1.1741703917563333
2770,0,2,429.0553799,700,546,"(1.5, 15.5]",-0.0406773138368468,"(138.68, 1121.69]",0.041654227303983424,"(250.0, 1150.0]",0.34084726192349113,"(450.5, 623.5]",0.04047982904804176
3431,0,9,342.4930664,400,213,"(1.5, 15.5]",-0.0406773138368468,"(138.68, 1121.69]",0.041654227303983424,"(250.0, 1150.0]",0.34084726192349113,"(191.5, 450.5]",0.4745183096002622
3146,0,1,771.2973359,900,333,"(-inf, 1.5]",-0.5795501057798665,"(138.68, 1121.69]",0.041654227303983424,"(250.0, 1150.0]",0.34084726192349113,"(191.5, 450.5]",0.4745183096002622
3585,0,3,158.7828912,1300,953,"(1.5, 15.5]",-0.0406773138368468,"(138.68, 1121.69]",0.041654227303983424,"(1150.0, 1350.0]",-0.2281076149142269,"(702.5, inf]",-1.7446851744547323
2011,0,0,2186.225213,2400,970,"(-inf, 1.5]",-0.5795501057798665,"(1121.69, inf]",-1.0359899775063022,"(1750.0, inf]",-1.264675762282789,"(702.5, inf]",-1.7446851744547323
4448,0,1,473.8672589,1700,951,"(-inf, 1.5]",-0.5795501057798665,"(138.68, 1121.69]",0.041654227303983424,"(1350.0, 1750.0]",-0.5494831152766727,"(702.5, inf]",-1.7446851744547323
4824,0,1,487.5527274,1400,551,"(-inf, 1.5]",-0.5795501057798665,"(138.68, 1121.69]",0.041654227303983424,"(1350.0, 1750.0]",-0.5494831152766727,"(450.5, 623.5]",0.04047982904804176
3420,1,18,412.5310957,1000,511,"(15.5, 30.5]",0.6686743240412198,"(138.68, 1121.69]",0.041654227303983424,"(250.0, 1150.0]",0.34084726192349113,"(450.5, 623.5]",0.04047982904804176
683,1,40,60.66551769,1600,683,"(30.5, 60.5]",2.1720634895446294,"(-inf, 138.68]",0.3508536149625971,"(1350.0, 1750.0]",-0.5494831152766727,"(623.5, 702.5]",-0.563990054998142
575,0,6,1040.794281,1400,579,"(1.5, 15.5]",-0.0406773138368468,"(138.68, 1121.69]",0.041654227303983424,"(1350.0, 1750.0]",-0.5494831152766727,"(450.5, 623.5]",0.04047982904804176
4369,1,2,552.1431604,800,427,"(1.5, 15.5]",-0.0406773138368468,"(138.68, 1121.69]",0.041654227303983424,"(250.0, 1150.0]",0.34084726192349113,"(191.5, 450.5]",0.4745183096002622
3726,1,47,339.9031552,400,143,"(30.5, 60.5]",2.1720634895446294,"(138.68, 1121.69]",0.041654227303983424,"(250.0, 1150.0]",0.34084726192349113,"(-inf, 191.5]",1.1741703917563333
2459,0,4,502.648348,1200,588,"(1.5, 15.5]",-0.0406773138368468,"(138.68, 1121.69]",0.041654227303983424,"(1150.0, 1350.0]",-0.2281076149142269,"(450.5, 623.5]",0.04047982904804176
4020,1,2,164.8631694,1000,95,"(1.5, 15.5]",-0.0406773138368468,"(138.68, 1121.69]",0.041654227303983424,"(250.0, 1150.0]",0.34084726192349113,"(-inf, 191.5]",1.1741703917563333
3565,1,0,325.7445911,1000,257,"(-inf, 1.5]",-0.5795501057798665,"(138.68, 1121.69]",0.041654227303983424,"(250.0, 1150.0]",0.34084726192349113,"(191.5, 450.5]",0.4745183096002622
274,0,4,75.99682881,1100,526,"(1.5, 15.5]",-0.0406773138368468,"(-inf, 138.68]",0.3508536149625971,"(250.0, 1150.0]",0.34084726192349113,"(450.5, 623.5]",0.04047982904804176
2844,1,21,191.6975528,200,106,"(15.5, 30.5]",0.6686743240412198,"(138.68, 1121.69]",0.041654227303983424,"(-inf, 250.0]",0.6610277277346917,"(-inf, 191.5]",1.1741703917563333
2260,0,11,361.6236959,1000,216,"(1.5, 15.5]",-0.0406773138368468,"(138.68, 1121.69]",0.041654227303983424,"(250.0, 1150.0]",0.34084726192349113,"(191.5, 450.5]",0.4745183096002622
4423,1,12,159.1079562,1000,270,"(1.5, 15.5]",-0.0406773138368468,"(138.68, 1121.69]",0.041654227303983424,"(250.0, 1150.0]",0.34084726192349113,"(191.5, 450.5]",0.4745183096002622
2016,1,0,1219.20852,1300,412,"(-inf, 1.5]",-0.5795501057798665,"(1121.69, inf]",-1.0359899775063022,"(1150.0, 1350.0]",-0.2281076149142269,"(191.5, 450.5]",0.4745183096002622
977,0,0,1150.811022,1500,501,"(-inf, 1.5]",-0.5795501057798665,"(1121.69, inf]",-1.0359899775063022,"(1350.0, 1750.0]",-0.5494831152766727,"(450.5, 623.5]",0.04047982904804176
645,0,1,226.8663838,1100,505,"(-inf, 1.5]",-0.5795501057798665,"(138.68, 1121.69]",0.041654227303983424,"(250.0, 1150.0]",0.34084726192349113,"(450.5, 623.5]",0.04047982904804176
1626,1,0,91.10362649,200,182,"(-inf, 1.5]",-0.5795501057798665,"(-inf, 138.68]",0.3508536149625971,"(-inf, 250.0]",0.6610277277346917,"(-inf, 191.5]",1.1741703917563333
1080,0,9,39.78131067,300,40,"(1.5, 15.5]",-0.0406773138368468,"(-inf, 138.68]",0.3508536149625971,"(250.0, 1150.0]",0.34084726192349113,"(-inf, 191.5]",1.1741703917563333
4156,1,2,456.9802102,700,327,"(1.5, 15.5]",-0.0406773138368468,"(138.68, 1121.69]",0.041654227303983424,"(250.0, 1150.0]",0.34084726192349113,"(191.5, 450.5]",0.4745183096002622
1215,0,7,99.54979631,1100,310,"(1.5, 15.5]",-0.0406773138368468,"(-inf, 138.68]",0.3508536149625971,"(250.0, 1150.0]",0.34084726192349113,"(191.5, 450.5]",0.4745183096002622
232,0,1,630.9653757,800,688,"(-inf, 1.5]",-0.5795501057798665,"(138.68, 1121.69]",0.041654227303983424,"(250.0, 1150.0]",0.34084726192349113,"(623.5, 702.5]",-0.563990054998142
4462,0,1,510.11698,700,480,"(-inf, 1.5]",-0.5795501057798665,"(138.68, 1121.69]",0.041654227303983424,"(250.0, 1150.0]",0.34084726192349113,"(450.5, 623.5]",0.04047982904804176
516,1,20,541.4909889,1300,545,"(15.5, 30.5]",0.6686743240412198,"(138.68, 1121.69]",0.041654227303983424,"(1150.0, 1350.0]",-0.2281076149142269,"(450.5, 623.5]",0.04047982904804176
4351,1,8,80.0728948,500,434,"(1.5, 15.5]",-0.0406773138368468,"(-inf, 138.68]",0.3508536149625971,"(250.0, 1150.0]",0.34084726192349113,"(191.5, 450.5]",0.4745183096002622
1998,0,0,46.07938246,600,724,"(-inf, 1.5]",-0.5795501057798665,"(-inf, 138.68]",0.3508536149625971,"(250.0, 1150.0]",0.34084726192349113,"(702.5, inf]",-1.7446851744547323
1734,1,3,473.025715,600,292,"(1.5, 15.5]",-0.0406773138368468,"(138.68, 1121.69]",0.041654227303983424,"(250.0, 1150.0]",0.34084726192349113,"(191.5, 450.5]",0.4745183096002622
4989,0,0,1005.744835,1400,606,"(-inf, 1.5]",-0.5795501057798665,"(138.68, 1121.69]",0.041654227303983424,"(1350.0, 1750.0]",-0.5494831152766727,"(450.5, 623.5]",0.04047982904804176
273,0,0,188.0947641,1200,690,"(-inf, 1.5]",-0.5795501057798665,"(138.68, 1121.69]",0.041654227303983424,"(1150.0, 1350.0]",-0.2281076149142269,"(623.5, 702.5]",-0.563990054998142
4248,1,1,700.0026569,800,314,"(-inf, 1.5]",-0.5795501057798665,"(138.68, 1121.69]",0.041654227303983424,"(250.0, 1150.0]",0.34084726192349113,"(191.5, 450.5]",0.4745183096002622
411,1,0,192.7137336,1100,516,"(-inf, 1.5]",-0.5795501057798665,"(138.68, 1121.69]",0.041654227303983424,"(250.0, 1150.0]",0.34084726192349113,"(450.5, 623.5]",0.04047982904804176
894,1,0,1078.847768,1300,36,"(-inf, 1.5]",-0.5795501057798665,"(138.68, 1121.69]",0.041654227303983424,"(1150.0, 1350.0]",-0.2281076149142269,"(-inf, 191.5]",1.1741703917563333
3782,0,17,98.72431152,500,524,"(15.5, 30.5]",0.6686743240412198,"(-inf, 138.68]",0.3508536149625971,"(250.0, 1150.0]",0.34084726192349113,"(450.5, 623.5]",0.04047982904804176
2530,0,5,408.2614052,1000,520,"(1.5, 15.5]",-0.0406773138368468,"(138.68, 1121.69]",0.041654227303983424,"(250.0, 1150.0]",0.34084726192349113,"(450.5, 623.5]",0.04047982904804176
3032,0,1,124.9076318,500,354,"(-inf, 1.5]",-0.5795501057798665,"(-inf, 138.68]",0.3508536149625971,"(250.0, 1150.0]",0.34084726192349113,"(191.5, 450.5]",0.4745183096002622
1555,0,2,103.3344772,1100,649,"(1.5, 15.5]",-0.0406773138368468,"(-inf, 138.68]",0.3508536149625971,"(250.0, 1150.0]",0.34084726192349113,"(623.5, 702.5]",-0.563990054998142
4214,0,1,833.3339391,1200,523,"(-inf, 1.5]",-0.5795501057798665,"(138.68, 1121.69]",0.041654227303983424,"(1150.0, 1350.0]",-0.2281076149142269,"(450.5, 623.5]",0.04047982904804176
3977,0,6,206.0332448,800,331,"(1.5, 15.5]",-0.0406773138368468,"(138.68, 1121.69]",0.041654227303983424,"(250.0, 1150.0]",0.34084726192349113,"(191.5, 450.5]",0.4745183096002622
586,1,25,143.2334096,200,157,"(15.5, 30.5]",0.6686743240412198,"(138.68, 1121.69]",0.041654227303983424,"(-inf, 250.0]",0.6610277277346917,"(-inf, 191.5]",1.1741703917563333
1301,0,0,834.2560452,2100,919,"(-inf, 1.5]",-0.5795501057798665,"(138.68, 1121.69]",0.041654227303983424,"(1750.0, inf]",-1.264675762282789,"(702.5, inf]",-1.7446851744547323
1188,1,2,999.6794212,1000,195,"(1.5, 15.5]",-0.0406773138368468,"(138.68, 1121.69]",0.041654227303983424,"(250.0, 1150.0]",0.34084726192349113,"(191.5, 450.5]",0.4745183096002622
2598,0,0,2081.254954,2300,956,"(-inf, 1.5]",-0.5795501057798665,"(1121.69, inf]",-1.0359899775063022,"(1750.0, inf]",-1.264675762282789,"(702.5, inf]",-1.7446851744547323
2070,0,21,21.9354357,300,494,"(15.5, 30.5]",0.6686743240412198,"(-inf, 138.68]",0.3508536149625971,"(250.0, 1150.0]",0.34084726192349113,"(450.5, 623.5]",0.04047982904804176
3935,0,0,849.7095525,1500,947,"(-inf, 1.5]",-0.5795501057798665,"(138.68, 1121.69]",0.041654227303983424,"(1350.0, 1750.0]",-0.5494831152766727,"(702.5, inf]",-1.7446851744547323
4178,0,0,650.8972296,800,302,"(-inf, 1.5]",-0.5795501057798665,"(138.68, 1121.69]",0.041654227303983424,"(250.0, 1150.0]",0.34084726192349113,"(191.5, 450.5]",0.4745183096002622
3752,0,13,441.8617198,800,372,"(1.5, 15.5]",-0.0406773138368468,"(138.68, 1121.69]",0.041654227303983424,"(250.0, 1150.0]",0.34084726192349113,"(191.5, 450.5]",0.4745183096002622
4855,0,11,87.80841893,400,295,"(1.5, 15.5]",-0.0406773138368468,"(-inf, 138.68]",0.3508536149625971,"(250.0, 1150.0]",0.34084726192349113,"(191.5, 450.5]",0.4745183096002622
1154,0,7,464.0679733,1800,987,"(1.5, 15.5]",-0.0406773138368468,"(138.68, 1121.69]",0.041654227303983424,"(1750.0, inf]",-1.264675762282789,"(702.5, inf]",-1.7446851744547323
1704,0,0,190.9833714,200,49,"(-inf, 1.5]",-0.5795501057798665,"(138.68, 1121.69]",0.041654227303983424,"(-inf, 250.0]",0.6610277277346917,"(-inf, 191.5]",1.1741703917563333
4294,0,1,287.0395535,500,701,"(-inf, 1.5]",-0.5795501057798665,"(138.68, 1121.69]",0.041654227303983424,"(250.0, 1150.0]",0.34084726192349113,"(623.5, 702.5]",-0.563990054998142
2514,0,0,265.1482946,2100,868,"(-inf, 1.5]",-0.5795501057798665,"(138.68, 1121.69]",0.041654227303983424,"(1750.0, inf]",-1.264675762282789,"(702.5, inf]",-1.7446851744547323
1390,0,12,779.2453145,1600,576,"(1.5, 15.5]",-0.0406773138368468,"(138.68, 1121.69]",0.041654227303983424,"(1350.0, 1750.0]",-0.5494831152766727,"(450.5, 623.5]",0.04047982904804176
2285,0,0,428.1476323,800,308,"(-inf, 1.5]",-0.5795501057798665,"(138.68, 1121.69]",0.041654227303983424,"(250.0, 1150.0]",0.34084726192349113,"(191.5, 450.5]",0.4745183096002622
538,1,0,162.6327219,400,109,"(-inf, 1.5]",-0.5795501057798665,"(138.68, 1121.69]",0.041654227303983424,"(250.0, 1150.0]",0.34084726192349113,"(-inf, 191.5]",1.1741703917563333
4168,1,0,649.4787739,800,197,"(-inf, 1.5]",-0.5795501057798665,"(138.68, 1121.69]",0.041654227303983424,"(250.0, 1150.0]",0.34084726192349113,"(191.5, 450.5]",0.4745183096002622
8,0,0,885.7309977,1000,222,"(-inf, 1.5]",-0.5795501057798665,"(138.68, 1121.69]",0.041654227303983424,"(250.0, 1150.0]",0.34084726192349113,"(191.5, 450.5]",0.4745183096002622
1693,0,10,878.6578224,1600,950,"(1.5, 15.5]",-0.0406773138368468,"(138.68, 1121.69]",0.041654227303983424,"(1350.0, 1750.0]",-0.5494831152766727,"(702.5, inf]",-1.7446851744547323
283,0,5,587.1148722,900,725,"(1.5, 15.5]",-0.0406773138368468,"(138.68, 1121.69]",0.041654227303983424,"(250.0, 1150.0]",0.34084726192349113,"(702.5, inf]",-1.7446851744547323
3662,0,9,449.3010319,1100,176,"(1.5, 15.5]",-0.0406773138368468,"(138.68, 1121.69]",0.041654227303983424,"(250.0, 1150.0]",0.34084726192349113,"(-inf, 191.5]",1.1741703917563333
4971,0,0,1035.118212,1100,750,"(-inf, 1.5]",-0.5795501057798665,"(138.68, 1121.69]",0.041654227303983424,"(250.0, 1150.0]",0.34084726192349113,"(702.5, inf]",-1.7446851744547323
4930,0,3,785.5874742,2100,928,"(1.5, 15.5]",-0.0406773138368468,"(138.68, 1121.69]",0.041654227303983424,"(1750.0, inf]",-1.264675762282789,"(702.5, inf]",-1.7446851744547323
748,1,12,18.05876787,200,16,"(1.5, 15.5]",-0.0406773138368468,"(-inf, 138.68]",0.3508536149625971,"(-inf, 250.0]",0.6610277277346917,"(-inf, 191.5]",1.1741703917563333
4638,0,7,186.8880448,1600,782,"(1.5, 15.5]",-0.0406773138368468,"(138.68, 1121.69]",0.041654227303983424,"(1350.0, 1750.0]",-0.5494831152766727,"(702.5, inf]",-1.7446851744547323
1527,1,0,194.8422341,500,12,"(-inf, 1.5]",-0.5795501057798665,"(138.68, 1121.69]",0.041654227303983424,"(250.0, 1150.0]",0.34084726192349113,"(-inf, 191.5]",1.1741703917563333
3825,0,21,817.3271424,1100,328,"(15.5, 30.5]",0.6686743240412198,"(138.68, 1121.69]",0.041654227303983424,"(250.0, 1150.0]",0.34084726192349113,"(191.5, 450.5]",0.4745183096002622
402,0,1,169.8938086,600,356,"(-inf, 1.5]",-0.5795501057798665,"(138.68, 1121.69]",0.041654227303983424,"(250.0, 1150.0]",0.34084726192349113,"(191.5, 450.5]",0.4745183096002622
4098,0,2,12.3140086,800,271,"(1.5, 15.5]",-0.0406773138368468,"(-inf, 138.68]",0.3508536149625971,"(250.0, 1150.0]",0.34084726192349113,"(191.5, 450.5]",0.4745183096002622
1909,0,14,32.67747891,700,246,"(1.5, 15.5]",-0.0406773138368468,"(-inf, 138.68]",0.3508536149625971,"(250.0, 1150.0]",0.34084726192349113,"(191.5, 450.5]",0.4745183096002622
2495,1,0,18.05895781,1100,257,"(-inf, 1.5]",-0.5795501057798665,"(-inf, 138.68]",0.3508536149625971,"(250.0, 1150.0]",0.34084726192349113,"(191.5, 450.5]",0.4745183096002622
715,0,0,658.8390918,1600,761,"(-inf, 1.5]",-0.5795501057798665,"(138.68, 1121.69]",0.041654227303983424,"(1350.0, 1750.0]",-0.5494831152766727,"(702.5, inf]",-1.7446851744547323
817,1,48,529.1472023,800,693,"(30.5, 60.5]",2.1720634895446294,"(138.68, 1121.69]",0.041654227303983424,"(250.0, 1150.0]",0.34084726192349113,"(623.5, 702.5]",-0.563990054998142
3832,1,2,273.0236958,1000,278,"(1.5, 15.5]",-0.0406773138368468,"(138.68, 1121.69]",0.041654227303983424,"(250.0, 1150.0]",0.34084726192349113,"(191.5, 450.5]",0.4745183096002622
1065,0,0,200.6668474,500,468,"(-inf, 1.5]",-0.5795501057798665,"(138.68, 1121.69]",0.041654227303983424,"(250.0, 1150.0]",0.34084726192349113,"(450.5, 623.5]",0.04047982904804176
2727,1,2,118.933675,1400,690,"(1.5, 15.5]",-0.0406773138368468,"(-inf, 138.68]",0.3508536149625971,"(1350.0, 1750.0]",-0.5494831152766727,"(623.5, 702.5]",-0.563990054998142
3081,0,0,1070.358139,1200,866,"(-inf, 1.5]",-0.5795501057798665,"(138.68, 1121.69]",0.041654227303983424,"(1150.0, 1350.0]",-0.2281076149142269,"(702.5, inf]",-1.7446851744547323
2379,0,0,273.3584831,500,459,"(-inf, 1.5]",-0.5795501057798665,"(138.68, 1121.69]",0.041654227303983424,"(250.0, 1150.0]",0.34084726192349113,"(450.5, 623.5]",0.04047982904804176
2095,0,0,138.7657345,1200,551,"(-inf, 1.5]",-0.5795501057798665,"(138.68, 1121.69]",0.041654227303983424,"(1150.0, 1350.0]",-0.2281076149142269,"(450.5, 623.5]",0.04047982904804176
4286,0,0,60.07810886,600,417,"(-inf, 1.5]",-0.5795501057798665,"(-inf, 138.68]",0.3508536149625971,"(250.0, 1150.0]",0.34084726192349113,"(191.5, 450.5]",0.4745183096002622
4039,1,0,192.5944434,1100,103,"(-inf, 1.5]",-0.5795501057798665,"(138.68, 1121.69]",0.041654227303983424,"(250.0, 1150.0]",0.34084726192349113,"(-inf, 191.5]",1.1741703917563333
1876,1,0,855.3730723,1300,1,"(-inf, 1.5]",-0.5795501057798665,"(138.68, 1121.69]",0.041654227303983424,"(1150.0, 1350.0]",-0.2281076149142269,"(-inf, 191.5]",1.1741703917563333
4418,0,6,213.2651088,700,865,"(1.5, 15.5]",-0.0406773138368468,"(138.68, 1121.69]",0.041654227303983424,"(250.0, 1150.0]",0.34084726192349113,"(702.5, inf]",-1.7446851744547323
69,0,0,1870.233454,1900,849,"(-inf, 1.5]",-0.5795501057798665,"(1121.69, inf]",-1.0359899775063022,"(1750.0, inf]",-1.264675762282789,"(702.5, inf]",-1.7446851744547323
476,1,17,293.8704684,600,442,"(15.5, 30.5]",0.6686743240412198,"(138.68, 1121.69]",0.041654227303983424,"(250.0, 1150.0]",0.34084726192349113,"(191.5, 450.5]",0.4745183096002622
929,0,7,1300.237816,1600,770,"(1.5, 15.5]",-0.0406773138368468,"(1121.69, inf]",-1.0359899775063022,"(1350.0, 1750.0]",-0.5494831152766727,"(702.5, inf]",-1.7446851744547323
1106,1,0,519.8803269,800,521,"(-inf, 1.5]",-0.5795501057798665,"(138.68, 1121.69]",0.041654227303983424,"(250.0, 1150.0]",0.34084726192349113,"(450.5, 623.5]",0.04047982904804176
4535,0,3,198.4115387,300,42,"(1.5, 15.5]",-0.0406773138368468,"(138.68, 1121.69]",0.041654227303983424,"(250.0, 1150.0]",0.34084726192349113,"(-inf, 191.5]",1.1741703917563333
4219,0,0,1627.420322,2000,868,"(-inf, 1.5]",-0.5795501057798665,"(1121.69, inf]",-1.0359899775063022,"(1750.0, inf]",-1.264675762282789,"(702.5, inf]",-1.7446851744547323
716,0,12,502.1714752,1000,588,"(1.5, 15.5]",-0.0406773138368468,"(138.68, 1121.69]",0.041654227303983424,"(250.0, 1150.0]",0.34084726192349113,"(450.5, 623.5]",0.04047982904804176
4394,0,0,1438.341019,1500,882,"(-inf, 1.5]",-0.5795501057798665,"(1121.69, inf]",-1.0359899775063022,"(1350.0, 1750.0]",-0.5494831152766727,"(702.5, inf]",-1.7446851744547323
4483,0,10,70.60833251,200,698,"(1.5, 15.5]",-0.0406773138368468,"(-inf, 138.68]",0.3508536149625971,"(-inf, 250.0]",0.6610277277346917,"(623.5, 702.5]",-0.563990054998142
2048,0,47,236.0973785,900,308,"(30.5, 60.5]",2.1720634895446294,"(138.68, 1121.69]",0.041654227303983424,"(250.0, 1150.0]",0.34084726192349113,"(191.5, 450.5]",0.4745183096002622
825,1,11,172.0069672,200,159,"(1.5, 15.5]",-0.0406773138368468,"(138.68, 1121.69]",0.041654227303983424,"(-inf, 250.0]",0.6610277277346917,"(-inf, 191.5]",1.1741703917563333
4547,1,2,473.9283498,1100,302,"(1.5, 15.5]",-0.0406773138368468,"(138.68, 1121.69]",0.041654227303983424,"(250.0, 1150.0]",0.34084726192349113,"(191.5, 450.5]",0.4745183096002622
660,0,0,751.7885142,1600,879,"(-inf, 1.5]",-0.5795501057798665,"(138.68, 1121.69]",0.041654227303983424,"(1350.0, 1750.0]",-0.5494831152766727,"(702.5, inf]",-1.7446851744547323
1840,0,0,859.0670957,1500,531,"(-inf, 1.5]",-0.5795501057798665,"(138.68, 1121.69]",0.041654227303983424,"(1350.0, 1750.0]",-0.5494831152766727,"(450.5, 623.5]",0.04047982904804176
2476,0,3,1303.606647,1900,768,"(1.5, 15.5]",-0.0406773138368468,"(1121.69, inf]",-1.0359899775063022,"(1750.0, inf]",-1.264675762282789,"(702.5, inf]",-1.7446851744547323
4138,1,74,540.3528543,700,179,"(60.5, inf]",4.147649406746059,"(138.68, 1121.69]",0.041654227303983424,"(250.0, 1150.0]",0.34084726192349113,"(-inf, 191.5]",1.1741703917563333
2498,0,5,124.6270267,1400,680,"(1.5, 15.5]",-0.0406773138368468,"(-inf, 138.68]",0.3508536149625971,"(1350.0, 1750.0]",-0.5494831152766727,"(623.5, 702.5]",-0.563990054998142
4880,0,0,723.4005441,1000,711,"(-inf, 1.5]",-0.5795501057798665,"(138.68, 1121.69]",0.041654227303983424,"(250.0, 1150.0]",0.34084726192349113,"(702.5, inf]",-1.7446851744547323
4884,0,0,772.1466244,1400,663,"(-inf, 1.5]",-0.5795501057798665,"(138.68, 1121.69]",0.041654227303983424,"(1350.0, 1750.0]",-0.5494831152766727,"(623.5, 702.5]",-0.563990054998142
3162,0,0,274.0533049,1400,806,"(-inf, 1.5]",-0.5795501057798665,"(138.68, 1121.69]",0.041654227303983424,"(1350.0, 1750.0]",-0.5494831152766727,"(702.5, inf]",-1.7446851744547323
933,1,71,867.4270151,1800,759,"(60.5, inf]",4.147649406746059,"(138.68, 1121.69]",0.041654227303983424,"(1750.0, inf]",-1.264675762282789,"(702.5, inf]",-1.7446851744547323
2307,0,19,326.8868018,1200,729,"(15.5, 30.5]",0.6686743240412198,"(138.68, 1121.69]",0.041654227303983424,"(1150.0, 1350.0]",-0.2281076149142269,"(702.5, inf]",-1.7446851744547323
1150,0,4,495.670658,1100,823,"(1.5, 15.5]",-0.0406773138368468,"(138.68, 1121.69]",0.041654227303983424,"(250.0, 1150.0]",0.34084726192349113,"(702.5, inf]",-1.7446851744547323
407,0,0,641.8038631,800,301,"(-inf, 1.5]",-0.5795501057798665,"(138.68, 1121.69]",0.041654227303983424,"(250.0, 1150.0]",0.34084726192349113,"(191.5, 450.5]",0.4745183096002622
2842,0,1,1008.196337,1100,756,"(-inf, 1.5]",-0.5795501057798665,"(138.68, 1121.69]",0.041654227303983424,"(250.0, 1150.0]",0.34084726192349113,"(702.5, inf]",-1.7446851744547323
4181,0,13,1171.256213,1200,516,"(1.5, 15.5]",-0.0406773138368468,"(1121.69, inf]",-1.0359899775063022,"(1150.0, 1350.0]",-0.2281076149142269,"(450.5, 623.5]",0.04047982904804176
293,0,23,143.3091863,200,161,"(15.5, 30.5]",0.6686743240412198,"(138.68, 1121.69]",0.041654227303983424,"(-inf, 250.0]",0.6610277277346917,"(-inf, 191.5]",1.1741703917563333
4912,0,1,829.5757824,1100,188,"(-inf, 1.5]",-0.5795501057798665,"(138.68, 1121.69]",0.041654227303983424,"(250.0, 1150.0]",0.34084726192349113,"(-inf, 191.5]",1.1741703917563333
33,1,2,103.6847233,600,16,"(1.5, 15.5]",-0.0406773138368468,"(-inf, 138.68]",0.3508536149625971,"(250.0, 1150.0]",0.34084726192349113,"(-inf, 191.5]",1.1741703917563333
3209,1,3,105.5035281,700,69,"(1.5, 15.5]",-0.0406773138368468,"(-inf, 138.68]",0.3508536149625971,"(250.0, 1150.0]",0.34084726192349113,"(-inf, 191.5]",1.1741703917563333
3814,0,10,1935.942536,2400,808,"(1.5, 15.5]",-0.0406773138368468,"(1121.69, inf]",-1.0359899775063022,"(1750.0, inf]",-1.264675762282789,"(702.5, inf]",-1.7446851744547323
4164,1,2,1003.212321,1100,582,"(1.5, 15.5]",-0.0406773138368468,"(138.68, 1121.69]",0.041654227303983424,"(250.0, 1150.0]",0.34084726192349113,"(450.5, 623.5]",0.04047982904804176
4223,0,1,583.9124797,600,56,"(-inf, 1.5]",-0.5795501057798665,"(138.68, 1121.69]",0.041654227303983424,"(250.0, 1150.0]",0.34084726192349113,"(-inf, 191.5]",1.1741703917563333
1816,0,0,155.5762648,2400,865,"(-inf, 1.5]",-0.5795501057798665,"(138.68, 1121.69]",0.041654227303983424,"(1750.0, inf]",-1.264675762282789,"(702.5, inf]",-1.7446851744547323
643,1,7,589.0972222,800,626,"(1.5, 15.5]",-0.0406773138368468,"(138.68, 1121.69]",0.041654227303983424,"(250.0, 1150.0]",0.34084726192349113,"(623.5, 702.5]",-0.563990054998142
4157,0,1,101.8012504,1700,765,"(-inf, 1.5]",-0.5795501057798665,"(-inf, 138.68]",0.3508536149625971,"(1350.0, 1750.0]",-0.5494831152766727,"(702.5, inf]",-1.7446851744547323
603,1,2,346.4289956,1000,53,"(1.5, 15.5]",-0.0406773138368468,"(138.68, 1121.69]",0.041654227303983424,"(250.0, 1150.0]",0.34084726192349113,"(-inf, 191.5]",1.1741703917563333
2590,0,3,509.0077754,1500,712,"(1.5, 15.5]",-0.0406773138368468,"(138.68, 1121.69]",0.041654227303983424,"(1350.0, 1750.0]",-0.5494831152766727,"(702.5, inf]",-1.7446851744547323
4836,0,0,621.9766527,700,277,"(-inf, 1.5]",-0.5795501057798665,"(138.68, 1121.69]",0.041654227303983424,"(250.0, 1150.0]",0.34084726192349113,"(191.5, 450.5]",0.4745183096002622
365,0,6,232.0059715,600,291,"(1.5, 15.5]",-0.0406773138368468,"(138.68, 1121.69]",0.041654227303983424,"(250.0, 1150.0]",0.34084726192349113,"(191.5, 450.5]",0.4745183096002622
2901,0,0,207.7325158,1100,677,"(-inf, 1.5]",-0.5795501057798665,"(138.68, 1121.69]",0.041654227303983424,"(250.0, 1150.0]",0.34084726192349113,"(623.5, 702.5]",-0.563990054998142
3033,1,1,204.1045846,700,404,"(-inf, 1.5]",-0.5795501057798665,"(138.68, 1121.69]",0.041654227303983424,"(250.0, 1150.0]",0.34084726192349113,"(191.5, 450.5]",0.4745183096002622
464,1,0,940.0995205,1300,372,"(-inf, 1.5]",-0.5795501057798665,"(138.68, 1121.69]",0.041654227303983424,"(1150.0, 1350.0]",-0.2281076149142269,"(191.5, 450.5]",0.4745183096002622
2004,0,2,3.001165784,800,651,"(1.5, 15.5]",-0.0406773138368468,"(-inf, 138.68]",0.3508536149625971,"(250.0, 1150.0]",0.34084726192349113,"(623.5, 702.5]",-0.563990054998142
3658,0,1,591.8104667,1800,690,"(-inf, 1.5]",-0.5795501057798665,"(138.68, 1121.69]",0.041654227303983424,"(1750.0, inf]",-1.264675762282789,"(623.5, 702.5]",-0.563990054998142
4770,0,0,165.5692024,200,120,"(-inf, 1.5]",-0.5795501057798665,"(138.68, 1121.69]",0.041654227303983424,"(-inf, 250.0]",0.6610277277346917,"(-inf, 191.5]",1.1741703917563333
1620,0,1,575.4329221,1900,702,"(-inf, 1.5]",-0.5795501057798665,"(138.68, 1121.69]",0.041654227303983424,"(1750.0, inf]",-1.264675762282789,"(623.5, 702.5]",-0.563990054998142
2485,1,16,76.15867778,1300,402,"(15.5, 30.5]",0.6686743240412198,"(-inf, 138.68]",0.3508536149625971,"(1150.0, 1350.0]",-0.2281076149142269,"(191.5, 450.5]",0.4745183096002622
4717,1,51,310.4134922,600,423,"(30.5, 60.5]",2.1720634895446294,"(138.68, 1121.69]",0.041654227303983424,"(250.0, 1150.0]",0.34084726192349113,"(191.5, 450.5]",0.4745183096002622
1598,1,2,152.8893769,200,131,"(1.5, 15.5]",-0.0406773138368468,"(138.68, 1121.69]",0.041654227303983424,"(-inf, 250.0]",0.6610277277346917,"(-inf, 191.5]",1.1741703917563333
1019,0,2,92.0869499,700,363,"(1.5, 15.5]",-0.0406773138368468,"(-inf, 138.68]",0.3508536149625971,"(250.0, 1150.0]",0.34084726192349113,"(191.5, 450.5]",0.4745183096002622
4886,0,4,1428.447119,1600,883,"(1.5, 15.5]",-0.0406773138368468,"(1121.69, inf]",-1.0359899775063022,"(1350.0, 1750.0]",-0.5494831152766727,"(702.5, inf]",-1.7446851744547323
559,0,0,503.2483396,600,121,"(-inf, 1.5]",-0.5795501057798665,"(138.68, 1121.69]",0.041654227303983424,"(250.0, 1150.0]",0.34084726192349113,"(-inf, 191.5]",1.1741703917563333
182,1,5,69.32170258,1100,119,"(1.5, 15.5]",-0.0406773138368468,"(-inf, 138.68]",0.3508536149625971,"(250.0, 1150.0]",0.34084726192349113,"(-inf, 191.5]",1.1741703917563333
3359,0,1,579.9107684,800,662,"(-inf, 1.5]",-0.5795501057798665,"(138.68, 1121.69]",0.041654227303983424,"(250.0, 1150.0]",0.34084726192349113,"(623.5, 702.5]",-0.563990054998142
605,1,0,868.7353358,1100,162,"(-inf, 1.5]",-0.5795501057798665,"(138.68, 1121.69]",0.041654227303983424,"(250.0, 1150.0]",0.34084726192349113,"(-inf, 191.5]",1.1741703917563333
4103,0,4,226.3974359,300,111,"(1.5, 15.5]",-0.0406773138368468,"(138.68, 1121.69]",0.041654227303983424,"(250.0, 1150.0]",0.34084726192349113,"(-inf, 191.5]",1.1741703917563333
3384,1,12,43.88856668,200,298,"(1.5, 15.5]",-0.0406773138368468,"(-inf, 138.68]",0.3508536149625971,"(-inf, 250.0]",0.6610277277346917,"(191.5, 450.5]",0.4745183096002622
2390,0,0,514.2800417,700,104,"(-inf, 1.5]",-0.5795501057798665,"(138.68, 1121.69]",0.041654227303983424,"(250.0, 1150.0]",0.34084726192349113,"(-inf, 191.5]",1.1741703917563333
4506,1,0,13.2684382,800,8,"(-inf, 1.5]",-0.5795501057798665,"(-inf, 138.68]",0.3508536149625971,"(250.0, 1150.0]",0.34084726192349113,"(-inf, 191.5]",1.1741703917563333
4685,0,5,602.5733599,1000,667,"(1.5, 15.5]",-0.0406773138368468,"(138.68, 1121.69]",0.041654227303983424,"(250.0, 1150.0]",0.34084726192349113,"(623.5, 702.5]",-0.563990054998142
3954,0,1,749.722038,2100,871,"(-inf, 1.5]",-0.5795501057798665,"(138.68, 1121.69]",0.041654227303983424,"(1750.0, inf]",-1.264675762282789,"(702.5, inf]",-1.7446851744547323
2671,0,8,609.2258588,2400,936,"(1.5, 15.5]",-0.0406773138368468,"(138.68, 1121.69]",0.041654227303983424,"(1750.0, inf]",-1.264675762282789,"(702.5, inf]",-1.7446851744547323
408,0,10,517.1167882,1000,391,"(1.5, 15.5]",-0.0406773138368468,"(138.68, 1121.69]",0.041654227303983424,"(250.0, 1150.0]",0.34084726192349113,"(191.5, 450.5]",0.4745183096002622
899,1,14,877.9506208,900,273,"(1.5, 15.5]",-0.0406773138368468,"(138.68, 1121.69]",0.041654227303983424,"(250.0, 1150.0]",0.34084726192349113,"(191.5, 450.5]",0.4745183096002622
1978,0,5,593.9603276,1000,633,"(1.5, 15.5]",-0.0406773138368468,"(138.68, 1121.69]",0.041654227303983424,"(250.0, 1150.0]",0.34084726192349113,"(623.5, 702.5]",-0.563990054998142
394,0,1,86.55243745,500,340,"(-inf, 1.5]",-0.5795501057798665,"(-inf, 138.68]",0.3508536149625971,"(250.0, 1150.0]",0.34084726192349113,"(191.5, 450.5]",0.4745183096002622
4410,1,1,484.627935,500,423,"(-inf, 1.5]",-0.5795501057798665,"(138.68, 1121.69]",0.041654227303983424,"(250.0, 1150.0]",0.34084726192349113,"(191.5, 450.5]",0.4745183096002622
4688,0,28,327.3792537,800,131,"(15.5, 30.5]",0.6686743240412198,"(138.68, 1121.69]",0.041654227303983424,"(250.0, 1150.0]",0.34084726192349113,"(-inf, 191.5]",1.1741703917563333
1165,0,0,1218.964209,1400,899,"(-inf, 1.5]",-0.5795501057798665,"(1121.69, inf]",-1.0359899775063022,"(1350.0, 1750.0]",-0.5494831152766727,"(702.5, inf]",-1.7446851744547323
3016,0,4,82.67833676,200,63,"(1.5, 15.5]",-0.0406773138368468,"(-inf, 138.68]",0.3508536149625971,"(-inf, 250.0]",0.6610277277346917,"(-inf, 191.5]",1.1741703917563333
4480,1,0,769.0843634,1600,704,"(-inf, 1.5]",-0.5795501057798665,"(138.68, 1121.69]",0.041654227303983424,"(1350.0, 1750.0]",-0.5494831152766727,"(702.5, inf]",-1.7446851744547323
1407,1,65,500.5203196,700,9,"(60.5, inf]",4.147649406746059,"(138.68, 1121.69]",0.041654227303983424,"(250.0, 1150.0]",0.34084726192349113,"(-inf, 191.5]",1.1741703917563333
4603,1,6,467.3176262,2100,730,"(1.5, 15.5]",-0.0406773138368468,"(138.68, 1121.69]",0.041654227303983424,"(1750.0, inf]",-1.264675762282789,"(702.5, inf]",-1.7446851744547323
2536,0,6,852.4401761,2000,964,"(1.5, 15.5]",-0.0406773138368468,"(138.68, 1121.69]",0.041654227303983424,"(1750.0, inf]",-1.264675762282789,"(702.5, inf]",-1.7446851744547323
2835,1,12,359.6751791,800,413,"(1.5, 15.5]",-0.0406773138368468,"(138.68, 1121.69]",0.041654227303983424,"(250.0, 1150.0]",0.34084726192349113,"(191.5, 450.5]",0.4745183096002622
4854,1,4,29.86308836,300,55,"(1.5, 15.5]",-0.0406773138368468,"(-inf, 138.68]",0.3508536149625971,"(250.0, 1150.0]",0.34084726192349113,"(-inf, 191.5]",1.1741703917563333
1235,0,1,2529.466936,2800,938,"(-inf, 1.5]",-0.5795501057798665,"(1121.69, inf]",-1.0359899775063022,"(1750.0, inf]",-1.264675762282789,"(702.5, inf]",-1.7446851744547323
2519,0,0,1667.511445,2300,958,"(-inf, 1.5]",-0.5795501057798665,"(1121.69, inf]",-1.0359899775063022,"(1750.0, inf]",-1.264675762282789,"(702.5, inf]",-1.7446851744547323
3804,0,1,511.804432,700,689,"(-inf, 1.5]",-0.5795501057798665,"(138.68, 1121.69]",0.041654227303983424,"(250.0, 1150.0]",0.34084726192349113,"(623.5, 702.5]",-0.563990054998142
1498,0,0,154.1736569,300,269,"(-inf, 1.5]",-0.5795501057798665,"(138.68, 1121.69]",0.041654227303983424,"(250.0, 1150.0]",0.34084726192349113,"(191.5, 450.5]",0.4745183096002622
4272,1,32,187.562322,200,15,"(30.5, 60.5]",2.1720634895446294,"(138.68, 1121.69]",0.041654227303983424,"(-inf, 250.0]",0.6610277277346917,"(-inf, 191.5]",1.1741703917563333
4063,1,5,193.0305248,300,159,"(1.5, 15.5]",-0.0406773138368468,"(138.68, 1121.69]",0.041654227303983424,"(250.0, 1150.0]",0.34084726192349113,"(-inf, 191.5]",1.1741703917563333
4198,1,31,1189.926589,2300,964,"(30.5, 60.5]",2.1720634895446294,"(1121.69, inf]",-1.0359899775063022,"(1750.0, inf]",-1.264675762282789,"(702.5, inf]",-1.7446851744547323
922,0,2,552.0702439,700,228,"(1.5, 15.5]",-0.0406773138368468,"(138.68, 1121.69]",0.041654227303983424,"(250.0, 1150.0]",0.34084726192349113,"(191.5, 450.5]",0.4745183096002622
3801,0,9,437.7064334,800,306,"(1.5, 15.5]",-0.0406773138368468,"(138.68, 1121.69]",0.041654227303983424,"(250.0, 1150.0]",0.34084726192349113,"(191.5, 450.5]",0.4745183096002622
4342,0,0,939.9423567,2200,989,"(-inf, 1.5]",-0.5795501057798665,"(138.68, 1121.69]",0.041654227303983424,"(1750.0, inf]",-1.264675762282789,"(702.5, inf]",-1.7446851744547323
1319,0,27,260.99723,600,359,"(15.5, 30.5]",0.6686743240412198,"(138.68, 1121.69]",0.041654227303983424,"(250.0, 1150.0]",0.34084726192349113,"(191.5, 450.5]",0.4745183096002622
4382,0,0,709.9106217,800,299,"(-inf, 1.5]",-0.5795501057798665,"(138.68, 1121.69]",0.041654227303983424,"(250.0, 1150.0]",0.34084726192349113,"(191.5, 450.5]",0.4745183096002622
887,1,3,462.8555751,900,796,"(1.5, 15.5]",-0.0406773138368468,"(138.68, 1121.69]",0.041654227303983424,"(250.0, 1150.0]",0.34084726192349113,"(702.5, inf]",-1.7446851744547323
4609,1,57,362.5161038,1100,545,"(30.5, 60.5]",2.1720634895446294,"(138.68, 1121.69]",0.041654227303983424,"(250.0, 1150.0]",0.34084726192349113,"(450.5, 623.5]",0.04047982904804176
614,0,3,407.9246527,1700,848,"(1.5, 15.5]",-0.0406773138368468,"(138.68, 1121.69]",0.041654227303983424,"(1350.0, 1750.0]",-0.5494831152766727,"(702.5, inf]",-1.7446851744547323
214,0,13,645.1351196,1100,446,"(1.5, 15.5]",-0.0406773138368468,"(138.68, 1121.69]",0.041654227303983424,"(250.0, 1150.0]",0.34084726192349113,"(191.5, 450.5]",0.4745183096002622
1726,0,0,2176.851891,2300,975,"(-inf, 1.5]",-0.5795501057798665,"(1121.69, inf]",-1.0359899775063022,"(1750.0, inf]",-1.264675762282789,"(702.5, inf]",-1.7446851744547323
2120,1,17,105.2131763,200,180,"(15.5, 30.5]",0.6686743240412198,"(-inf, 138.68]",0.3508536149625971,"(-inf, 250.0]",0.6610277277346917,"(-inf, 191.5]",1.1741703917563333
955,1,18,678.8573776,900,505,"(15.5, 30.5]",0.6686743240412198,"(138.68, 1121.69]",0.041654227303983424,"(250.0, 1150.0]",0.34084726192349113,"(450.5, 623.5]",0.04047982904804176
665,0,4,482.1863655,700,425,"(1.5, 15.5]",-0.0406773138368468,"(138.68, 1121.69]",0.041654227303983424,"(250.0, 1150.0]",0.34084726192349113,"(191.5, 450.5]",0.4745183096002622
2992,1,0,643.4216961,700,432,"(-inf, 1.5]",-0.5795501057798665,"(138.68, 1121.69]",0.041654227303983424,"(250.0, 1150.0]",0.34084726192349113,"(191.5, 450.5]",0.4745183096002622
2077,1,43,19.63547264,1000,287,"(30.5, 60.5]",2.1720634895446294,"(-inf, 138.68]",0.3508536149625971,"(250.0, 1150.0]",0.34084726192349113,"(191.5, 450.5]",0.4745183096002622
168,1,3,14.65862545,200,141,"(1.5, 15.5]",-0.0406773138368468,"(-inf, 138.68]",0.3508536149625971,"(-inf, 250.0]",0.6610277277346917,"(-inf, 191.5]",1.1741703917563333
3064,0,9,834.3101744,2200,867,"(1.5, 15.5]",-0.0406773138368468,"(138.68, 1121.69]",0.041654227303983424,"(1750.0, inf]",-1.264675762282789,"(702.5, inf]",-1.7446851744547323
2767,0,0,668.7765433,700,171,"(-inf, 1.5]",-0.5795501057798665,"(138.68, 1121.69]",0.041654227303983424,"(250.0, 1150.0]",0.34084726192349113,"(-inf, 191.5]",1.1741703917563333
4727,0,0,35.84761978,1200,568,"(-inf, 1.5]",-0.5795501057798665,"(-inf, 138.68]",0.3508536149625971,"(1150.0, 1350.0]",-0.2281076149142269,"(450.5, 623.5]",0.04047982904804176
650,1,18,339.9651465,1900,630,"(15.5, 30.5]",0.6686743240412198,"(138.68, 1121.69]",0.041654227303983424,"(1750.0, inf]",-1.264675762282789,"(623.5, 702.5]",-0.563990054998142
3910,1,59,177.292217,1500,541,"(30.5, 60.5]",2.1720634895446294,"(138.68, 1121.69]",0.041654227303983424,"(1350.0, 1750.0]",-0.5494831152766727,"(450.5, 623.5]",0.04047982904804176
1507,0,23,577.5603855,600,404,"(15.5, 30.5]",0.6686743240412198,"(138.68, 1121.69]",0.041654227303983424,"(250.0, 1150.0]",0.34084726192349113,"(191.5, 450.5]",0.4745183096002622
579,1,32,491.483839,600,74,"(30.5, 60.5]",2.1720634895446294,"(138.68, 1121.69]",0.041654227303983424,"(250.0, 1150.0]",0.34084726192349113,"(-inf, 191.5]",1.1741703917563333
3221,0,10,128.0112157,200,193,"(1.5, 15.5]",-0.0406773138368468,"(-inf, 138.68]",0.3508536149625971,"(-inf, 250.0]",0.6610277277346917,"(191.5, 450.5]",0.4745183096002622
4551,0,0,180.3223174,200,388,"(-inf, 1.5]",-0.5795501057798665,"(138.68, 1121.69]",0.041654227303983424,"(-inf, 250.0]",0.6610277277346917,"(191.5, 450.5]",0.4745183096002622
4151,1,0,675.1839046,900,253,"(-inf, 1.5]",-0.5795501057798665,"(138.68, 1121.69]",0.041654227303983424,"(250.0, 1150.0]",0.34084726192349113,"(191.5, 450.5]",0.4745183096002622
2318,0,6,181.0529714,400,393,"(1.5, 15.5]",-0.0406773138368468,"(138.68, 1121.69]",0.041654227303983424,"(250.0, 1150.0]",0.34084726192349113,"(191.5, 450.5]",0.4745183096002622
2584,1,6,490.4545445,900,262,"(1.5, 15.5]",-0.0406773138368468,"(138.68, 1121.69]",0.041654227303983424,"(250.0, 1150.0]",0.34084726192349113,"(191.5, 450.5]",0.4745183096002622
2407,0,17,1433.120374,1600,615,"(15.5, 30.5]",0.6686743240412198,"(1121.69, inf]",-1.0359899775063022,"(1350.0, 1750.0]",-0.5494831152766727,"(450.5, 623.5]",0.04047982904804176
3906,0,4,1557.71376,2200,695,"(1.5, 15.5]",-0.0406773138368468,"(1121.69, inf]",-1.0359899775063022,"(1750.0, inf]",-1.264675762282789,"(623.5, 702.5]",-0.563990054998142
1958,1,3,379.8332488,600,172,"(1.5, 15.5]",-0.0406773138368468,"(138.68, 1121.69]",0.041654227303983424,"(250.0, 1150.0]",0.34084726192349113,"(-inf, 191.5]",1.1741703917563333
675,1,2,819.8076582,900,340,"(1.5, 15.5]",-0.0406773138368468,"(138.68, 1121.69]",0.041654227303983424,"(250.0, 1150.0]",0.34084726192349113,"(191.5, 450.5]",0.4745183096002622
4256,0,0,432.7428094,1900,940,"(-inf, 1.5]",-0.5795501057798665,"(138.68, 1121.69]",0.041654227303983424,"(1750.0, inf]",-1.264675762282789,"(702.5, inf]",-1.7446851744547323
671,0,0,1092.161296,1100,705,"(-inf, 1.5]",-0.5795501057798665,"(138.68, 1121.69]",0.041654227303983424,"(250.0, 1150.0]",0.34084726192349113,"(702.5, inf]",-1.7446851744547323
3713,1,0,1002.362795,1200,580,"(-inf, 1.5]",-0.5795501057798665,"(138.68, 1121.69]",0.041654227303983424,"(1150.0, 1350.0]",-0.2281076149142269,"(450.5, 623.5]",0.04047982904804176
2945,0,3,2621.039613,3400,983,"(1.5, 15.5]",-0.0406773138368468,"(1121.69, inf]",-1.0359899775063022,"(1750.0, inf]",-1.264675762282789,"(702.5, inf]",-1.7446851744547323
2208,1,19,2632.474641,2800,861,"(15.5, 30.5]",0.6686743240412198,"(1121.69, inf]",-1.0359899775063022,"(1750.0, inf]",-1.264675762282789,"(702.5, inf]",-1.7446851744547323
2409,0,11,1141.122745,1400,694,"(1.5, 15.5]",-0.0406773138368468,"(1121.69, inf]",-1.0359899775063022,"(1350.0, 1750.0]",-0.5494831152766727,"(623.5, 702.5]",-0.563990054998142
2974,0,0,380.880513,1400,578,"(-inf, 1.5]",-0.5795501057798665,"(138.68, 1121.69]",0.041654227303983424,"(1350.0, 1750.0]",-0.5494831152766727,"(450.5, 623.5]",0.04047982904804176
3697,0,1,711.1320773,800,573,"(-inf, 1.5]",-0.5795501057798665,"(138.68, 1121.69]",0.041654227303983424,"(250.0, 1150.0]",0.34084726192349113,"(450.5, 623.5]",0.04047982904804176
3876,0,4,766.1521114,1600,949,"(1.5, 15.5]",-0.0406773138368468,"(138.68, 1121.69]",0.041654227303983424,"(1350.0, 1750.0]",-0.5494831152766727,"(702.5, inf]",-1.7446851744547323
971,0,0,405.1452931,1600,944,"(-inf, 1.5]",-0.5795501057798665,"(138.68, 1121.69]",0.041654227303983424,"(1350.0, 1750.0]",-0.5494831152766727,"(702.5, inf]",-1.7446851744547323
578,0,0,26.4769919,700,785,"(-inf, 1.5]",-0.5795501057798665,"(-inf, 138.68]",0.3508536149625971,"(250.0, 1150.0]",0.34084726192349113,"(702.5, inf]",-1.7446851744547323
3532,1,22,242.047929,1700,664,"(15.5, 30.5]",0.6686743240412198,"(138.68, 1121.69]",0.041654227303983424,"(1350.0, 1750.0]",-0.5494831152766727,"(623.5, 702.5]",-0.563990054998142
4024,0,8,502.8485342,700,248,"(1.5, 15.5]",-0.0406773138368468,"(138.68, 1121.69]",0.041654227303983424,"(250.0, 1150.0]",0.34084726192349113,"(191.5, 450.5]",0.4745183096002622
2134,1,7,1580.113879,1700,830,"(1.5, 15.5]",-0.0406773138368468,"(1121.69, inf]",-1.0359899775063022,"(1350.0, 1750.0]",-0.5494831152766727,"(702.5, inf]",-1.7446851744547323
1983,0,0,759.7340011,1000,247,"(-inf, 1.5]",-0.5795501057798665,"(138.68, 1121.69]",0.041654227303983424,"(250.0, 1150.0]",0.34084726192349113,"(191.5, 450.5]",0.4745183096002622
1727,0,10,539.1725305,1600,616,"(1.5, 15.5]",-0.0406773138368468,"(138.68, 1121.69]",0.041654227303983424,"(1350.0, 1750.0]",-0.5494831152766727,"(450.5, 623.5]",0.04047982904804176
3385,0,2,366.0292148,1400,587,"(1.5, 15.5]",-0.0406773138368468,"(138.68, 1121.69]",0.041654227303983424,"(1350.0, 1750.0]",-0.5494831152766727,"(450.5, 623.5]",0.04047982904804176
4816,1,0,164.3756561,200,69,"(-inf, 1.5]",-0.5795501057798665,"(138.68, 1121.69]",0.041654227303983424,"(-inf, 250.0]",0.6610277277346917,"(-inf, 191.5]",1.1741703917563333
2209,0,11,357.2791281,1600,509,"(1.5, 15.5]",-0.0406773138368468,"(138.68, 1121.69]",0.041654227303983424,"(1350.0, 1750.0]",-0.5494831152766727,"(450.5, 623.5]",0.04047982904804176
4357,1,28,78.15859782,800,115,"(15.5, 30.5]",0.6686743240412198,"(-inf, 138.68]",0.3508536149625971,"(250.0, 1150.0]",0.34084726192349113,"(-inf, 191.5]",1.1741703917563333
3434,1,31,361.1623876,400,478,"(30.5, 60.5]",2.1720634895446294,"(138.68, 1121.69]",0.041654227303983424,"(250.0, 1150.0]",0.34084726192349113,"(450.5, 623.5]",0.04047982904804176
4494,0,0,519.4066175,1700,791,"(-inf, 1.5]",-0.5795501057798665,"(138.68, 1121.69]",0.041654227303983424,"(1350.0, 1750.0]",-0.5494831152766727,"(702.5, inf]",-1.7446851744547323
4968,1,60,1071.810407,1100,677,"(30.5, 60.5]",2.1720634895446294,"(138.68, 1121.69]",0.041654227303983424,"(250.0, 1150.0]",0.34084726192349113,"(623.5, 702.5]",-0.563990054998142
882,0,1,525.3375878,1400,724,"(-inf, 1.5]",-0.5795501057798665,"(138.68, 1121.69]",0.041654227303983424,"(1350.0, 1750.0]",-0.5494831152766727,"(702.5, inf]",-1.7446851744547323
634,1,5,150.3237765,1000,429,"(1.5, 15.5]",-0.0406773138368468,"(138.68, 1121.69]",0.041654227303983424,"(250.0, 1150.0]",0.34084726192349113,"(191.5, 450.5]",0.4745183096002622
3715,0,1,300.0998502,900,527,"(-inf, 1.5]",-0.5795501057798665,"(138.68, 1121.69]",0.041654227303983424,"(250.0, 1150.0]",0.34084726192349113,"(450.5, 623.5]",0.04047982904804176
4313,0,0,1546.822698,1700,703,"(-inf, 1.5]",-0.5795501057798665,"(1121.69, inf]",-1.0359899775063022,"(1350.0, 1750.0]",-0.5494831152766727,"(702.5, inf]",-1.7446851744547323
1665,0,0,11.53338833,200,178,"(-inf, 1.5]",-0.5795501057798665,"(-inf, 138.68]",0.3508536149625971,"(-inf, 250.0]",0.6610277277346917,"(-inf, 191.5]",1.1741703917563333
4240,1,5,1249.87802,1300,303,"(1.5, 15.5]",-0.0406773138368468,"(1121.69, inf]",-1.0359899775063022,"(1150.0, 1350.0]",-0.2281076149142269,"(191.5, 450.5]",0.4745183096002622
2456,0,12,4.189195084,300,275,"(1.5, 15.5]",-0.0406773138368468,"(-inf, 138.68]",0.3508536149625971,"(250.0, 1150.0]",0.34084726192349113,"(191.5, 450.5]",0.4745183096002622
2651,1,1,174.2132328,200,182,"(-inf, 1.5]",-0.5795501057798665,"(138.68, 1121.69]",0.041654227303983424,"(-inf, 250.0]",0.6610277277346917,"(-inf, 191.5]",1.1741703917563333
1127,0,2,545.1777714,2100,807,"(1.5, 15.5]",-0.0406773138368468,"(138.68, 1121.69]",0.041654227303983424,"(1750.0, inf]",-1.264675762282789,"(702.5, inf]",-1.7446851744547323
1868,0,1,479.7774805,900,362,"(-inf, 1.5]",-0.5795501057798665,"(138.68, 1121.69]",0.041654227303983424,"(250.0, 1150.0]",0.34084726192349113,"(191.5, 450.5]",0.4745183096002622
4815,0,1,403.7529638,700,342,"(-inf, 1.5]",-0.5795501057798665,"(138.68, 1121.69]",0.041654227303983424,"(250.0, 1150.0]",0.34084726192349113,"(191.5, 450.5]",0.4745183096002622
1351,0,8,1312.051952,1600,824,"(1.5, 15.5]",-0.0406773138368468,"(1121.69, inf]",-1.0359899775063022,"(1350.0, 1750.0]",-0.5494831152766727,"(702.5, inf]",-1.7446851744547323
2950,0,5,1274.842221,1700,850,"(1.5, 15.5]",-0.0406773138368468,"(1121.69, inf]",-1.0359899775063022,"(1350.0, 1750.0]",-0.5494831152766727,"(702.5, inf]",-1.7446851744547323
4761,1,1,268.4630212,700,362,"(-inf, 1.5]",-0.5795501057798665,"(138.68, 1121.69]",0.041654227303983424,"(250.0, 1150.0]",0.34084726192349113,"(191.5, 450.5]",0.4745183096002622
1931,1,32,416.9894626,2000,610,"(30.5, 60.5]",2.1720634895446294,"(138.68, 1121.69]",0.041654227303983424,"(1750.0, inf]",-1.264675762282789,"(450.5, 623.5]",0.04047982904804176
4030,1,2,591.8377618,1700,644,"(1.5, 15.5]",-0.0406773138368468,"(138.68, 1121.69]",0.041654227303983424,"(1350.0, 1750.0]",-0.5494831152766727,"(623.5, 702.5]",-0.563990054998142
1075,0,7,178.8326042,200,162,"(1.5, 15.5]",-0.0406773138368468,"(138.68, 1121.69]",0.041654227303983424,"(-inf, 250.0]",0.6610277277346917,"(-inf, 191.5]",1.1741703917563333
3253,0,4,519.4456217,700,257,"(1.5, 15.5]",-0.0406773138368468,"(138.68, 1121.69]",0.041654227303983424,"(250.0, 1150.0]",0.34084726192349113,"(191.5, 450.5]",0.4745183096002622
1396,0,17,559.8227296,1200,508,"(15.5, 30.5]",0.6686743240412198,"(138.68, 1121.69]",0.041654227303983424,"(1150.0, 1350.0]",-0.2281076149142269,"(450.5, 623.5]",0.04047982904804176
505,1,2,285.9217592,600,353,"(1.5, 15.5]",-0.0406773138368468,"(138.68, 1121.69]",0.041654227303983424,"(250.0, 1150.0]",0.34084726192349113,"(191.5, 450.5]",0.4745183096002622
3325,1,0,57.02098443,500,275,"(-inf, 1.5]",-0.5795501057798665,"(-inf, 138.68]",0.3508536149625971,"(250.0, 1150.0]",0.34084726192349113,"(191.5, 450.5]",0.4745183096002622
1736,0,1,358.2711766,1200,636,"(-inf, 1.5]",-0.5795501057798665,"(138.68, 1121.69]",0.041654227303983424,"(1150.0, 1350.0]",-0.2281076149142269,"(623.5, 702.5]",-0.563990054998142
3841,1,6,896.2968693,1100,528,"(1.5, 15.5]",-0.0406773138368468,"(138.68, 1121.69]",0.041654227303983424,"(250.0, 1150.0]",0.34084726192349113,"(450.5, 623.5]",0.04047982904804176
4273,0,0,1292.351652,1400,869,"(-inf, 1.5]",-0.5795501057798665,"(1121.69, inf]",-1.0359899775063022,"(1350.0, 1750.0]",-0.5494831152766727,"(702.5, inf]",-1.7446851744547323
3362,0,0,130.7800818,200,34,"(-inf, 1.5]",-0.5795501057798665,"(-inf, 138.68]",0.3508536149625971,"(-inf, 250.0]",0.6610277277346917,"(-inf, 191.5]",1.1741703917563333
2406,0,1,682.3213555,2000,768,"(-inf, 1.5]",-0.5795501057798665,"(138.68, 1121.69]",0.041654227303983424,"(1750.0, inf]",-1.264675762282789,"(702.5, inf]",-1.7446851744547323
3419,0,0,13.69985525,900,570,"(-inf, 1.5]",-0.5795501057798665,"(-inf, 138.68]",0.3508536149625971,"(250.0, 1150.0]",0.34084726192349113,"(450.5, 623.5]",0.04047982904804176
1449,1,0,896.7203724,900,537,"(-inf, 1.5]",-0.5795501057798665,"(138.68, 1121.69]",0.041654227303983424,"(250.0, 1150.0]",0.34084726192349113,"(450.5, 623.5]",0.04047982904804176
781,0,0,557.8334622,1000,798,"(-inf, 1.5]",-0.5795501057798665,"(138.68, 1121.69]",0.041654227303983424,"(250.0, 1150.0]",0.34084726192349113,"(702.5, inf]",-1.7446851744547323
3487,0,6,1095.352723,1500,320,"(1.5, 15.5]",-0.0406773138368468,"(138.68, 1121.69]",0.041654227303983424,"(1350.0, 1750.0]",-0.5494831152766727,"(191.5, 450.5]",0.4745183096002622
2372,0,6,1249.187589,1800,966,"(1.5, 15.5]",-0.0406773138368468,"(1121.69, inf]",-1.0359899775063022,"(1750.0, inf]",-1.264675762282789,"(702.5, inf]",-1.7446851744547323
914,0,11,251.8056619,500,128,"(1.5, 15.5]",-0.0406773138368468,"(138.68, 1121.69]",0.041654227303983424,"(250.0, 1150.0]",0.34084726192349113,"(-inf, 191.5]",1.1741703917563333
1202,0,6,229.4225621,400,246,"(1.5, 15.5]",-0.0406773138368468,"(138.68, 1121.69]",0.041654227303983424,"(250.0, 1150.0]",0.34084726192349113,"(191.5, 450.5]",0.4745183096002622
1051,1,0,1296.339449,1800,688,"(-inf, 1.5]",-0.5795501057798665,"(1121.69, inf]",-1.0359899775063022,"(1750.0, inf]",-1.264675762282789,"(623.5, 702.5]",-0.563990054998142
1408,0,2,874.4639445,1300,735,"(1.5, 15.5]",-0.0406773138368468,"(138.68, 1121.69]",0.041654227303983424,"(1150.0, 1350.0]",-0.2281076149142269,"(702.5, inf]",-1.7446851744547323
572,0,9,990.2404239,1000,623,"(1.5, 15.5]",-0.0406773138368468,"(138.68, 1121.69]",0.041654227303983424,"(250.0, 1150.0]",0.34084726192349113,"(450.5, 623.5]",0.04047982904804176
1158,0,0,218.142997,900,676,"(-inf, 1.5]",-0.5795501057798665,"(138.68, 1121.69]",0.041654227303983424,"(250.0, 1150.0]",0.34084726192349113,"(623.5, 702.5]",-0.563990054998142
1193,0,11,1135.640318,2300,834,"(1.5, 15.5]",-0.0406773138368468,"(1121.69, inf]",-1.0359899775063022,"(1750.0, inf]",-1.264675762282789,"(702.5, inf]",-1.7446851744547323
3905,0,0,181.8998837,200,284,"(-inf, 1.5]",-0.5795501057798665,"(138.68, 1121.69]",0.041654227303983424,"(-inf, 250.0]",0.6610277277346917,"(191.5, 450.5]",0.4745183096002622
2633,1,2,762.3022525,900,58,"(1.5, 15.5]",-0.0406773138368468,"(138.68, 1121.69]",0.041654227303983424,"(250.0, 1150.0]",0.34084726192349113,"(-inf, 191.5]",1.1741703917563333
3833,0,0,1500.056047,1700,977,"(-inf, 1.5]",-0.5795501057798665,"(1121.69, inf]",-1.0359899775063022,"(1350.0, 1750.0]",-0.5494831152766727,"(702.5, inf]",-1.7446851744547323
63,1,3,1124.413518,1200,312,"(1.5, 15.5]",-0.0406773138368468,"(1121.69, inf]",-1.0359899775063022,"(1150.0, 1350.0]",-0.2281076149142269,"(191.5, 450.5]",0.4745183096002622
2040,0,3,615.9857925,900,687,"(1.5, 15.5]",-0.0406773138368468,"(138.68, 1121.69]",0.041654227303983424,"(250.0, 1150.0]",0.34084726192349113,"(623.5, 702.5]",-0.563990054998142
2499,1,57,172.0479188,800,401,"(30.5, 60.5]",2.1720634895446294,"(138.68, 1121.69]",0.041654227303983424,"(250.0, 1150.0]",0.34084726192349113,"(191.5, 450.5]",0.4745183096002622
4937,0,3,9.403782277,400,457,"(1.5, 15.5]",-0.0406773138368468,"(-inf, 138.68]",0.3508536149625971,"(250.0, 1150.0]",0.34084726192349113,"(450.5, 623.5]",0.04047982904804176
1136,0,1,998.8663033,1900,988,"(-inf, 1.5]",-0.5795501057798665,"(138.68, 1121.69]",0.041654227303983424,"(1750.0, inf]",-1.264675762282789,"(702.5, inf]",-1.7446851744547323
2823,0,1,894.2209506,1100,796,"(-inf, 1.5]",-0.5795501057798665,"(138.68, 1121.69]",0.041654227303983424,"(250.0, 1150.0]",0.34084726192349113,"(702.5, inf]",-1.7446851744547323
3674,1,0,451.7283199,2000,796,"(-inf, 1.5]",-0.5795501057798665,"(138.68, 1121.69]",0.041654227303983424,"(1750.0, inf]",-1.264675762282789,"(702.5, inf]",-1.7446851744547323
990,0,0,828.2223554,1400,560,"(-inf, 1.5]",-0.5795501057798665,"(138.68, 1121.69]",0.041654227303983424,"(1350.0, 1750.0]",-0.5494831152766727,"(450.5, 623.5]",0.04047982904804176
1138,0,0,213.331428,1700,859,"(-inf, 1.5]",-0.5795501057798665,"(138.68, 1121.69]",0.041654227303983424,"(1350.0, 1750.0]",-0.5494831152766727,"(702.5, inf]",-1.7446851744547323
196,0,0,246.132564,600,479,"(-inf, 1.5]",-0.5795501057798665,"(138.68, 1121.69]",0.041654227303983424,"(250.0, 1150.0]",0.34084726192349113,"(450.5, 623.5]",0.04047982904804176
3599,0,4,2279.816712,2500,913,"(1.5, 15.5]",-0.0406773138368468,"(1121.69, inf]",-1.0359899775063022,"(1750.0, inf]",-1.264675762282789,"(702.5, inf]",-1.7446851744547323
2196,0,0,530.7659466,1000,572,"(-inf, 1.5]",-0.5795501057798665,"(138.68, 1121.69]",0.041654227303983424,"(250.0, 1150.0]",0.34084726192349113,"(450.5, 623.5]",0.04047982904804176
4893,0,0,1535.658138,2000,928,"(-inf, 1.5]",-0.5795501057798665,"(1121.69, inf]",-1.0359899775063022,"(1750.0, inf]",-1.264675762282789,"(702.5, inf]",-1.7446851744547323
2129,0,13,808.163561,2200,869,"(1.5, 15.5]",-0.0406773138368468,"(138.68, 1121.69]",0.041654227303983424,"(1750.0, inf]",-1.264675762282789,"(702.5, inf]",-1.7446851744547323
2599,0,1,631.1489475,1200,627,"(-inf, 1.5]",-0.5795501057798665,"(138.68, 1121.69]",0.041654227303983424,"(1150.0, 1350.0]",-0.2281076149142269,"(623.5, 702.5]",-0.563990054998142
4845,0,19,442.1869227,700,228,"(15.5, 30.5]",0.6686743240412198,"(138.68, 1121.69]",0.041654227303983424,"(250.0, 1150.0]",0.34084726192349113,"(191.5, 450.5]",0.4745183096002622
3751,1,88,20.29991843,1100,992,"(60.5, inf]",4.147649406746059,"(-inf, 138.68]",0.3508536149625971,"(250.0, 1150.0]",0.34084726192349113,"(702.5, inf]",-1.7446851744547323
240,1,6,478.9305401,600,77,"(1.5, 15.5]",-0.0406773138368468,"(138.68, 1121.69]",0.041654227303983424,"(250.0, 1150.0]",0.34084726192349113,"(-inf, 191.5]",1.1741703917563333
3189,0,1,608.5862922,900,223,"(-inf, 1.5]",-0.5795501057798665,"(138.68, 1121.69]",0.041654227303983424,"(250.0, 1150.0]",0.34084726192349113,"(191.5, 450.5]",0.4745183096002622
2030,1,22,167.7834623,300,55,"(15.5, 30.5]",0.6686743240412198,"(138.68, 1121.69]",0.041654227303983424,"(250.0, 1150.0]",0.34084726192349113,"(-inf, 191.5]",1.1741703917563333
4007,0,0,40.99902418,2100,685,"(-inf, 1.5]",-0.5795501057798665,"(-inf, 138.68]",0.3508536149625971,"(1750.0, inf]",-1.264675762282789,"(623.5, 702.5]",-0.563990054998142
4490,0,28,439.5269261,600,184,"(15.5, 30.5]",0.6686743240412198,"(138.68, 1121.69]",0.041654227303983424,"(250.0, 1150.0]",0.34084726192349113,"(-inf, 191.5]",1.1741703917563333
1480,0,1,311.102988,700,273,"(-inf, 1.5]",-0.5795501057798665,"(138.68, 1121.69]",0.041654227303983424,"(250.0, 1150.0]",0.34084726192349113,"(191.5, 450.5]",0.4745183096002622
2294,1,1,266.5787634,900,427,"(-inf, 1.5]",-0.5795501057798665,"(138.68, 1121.69]",0.041654227303983424,"(250.0, 1150.0]",0.34084726192349113,"(191.5, 450.5]",0.4745183096002622
735,0,26,1267.792063,1300,600,"(15.5, 30.5]",0.6686743240412198,"(1121.69, inf]",-1.0359899775063022,"(1150.0, 1350.0]",-0.2281076149142269,"(450.5, 623.5]",0.04047982904804176
1185,0,0,775.2249891,1400,638,"(-inf, 1.5]",-0.5795501057798665,"(138.68, 1121.69]",0.041654227303983424,"(1350.0, 1750.0]",-0.5494831152766727,"(623.5, 702.5]",-0.563990054998142
2706,0,0,1181.853908,1300,731,"(-inf, 1.5]",-0.5795501057798665,"(1121.69, inf]",-1.0359899775063022,"(1150.0, 1350.0]",-0.2281076149142269,"(702.5, inf]",-1.7446851744547323
2824,1,1,516.1220538,600,110,"(-inf, 1.5]",-0.5795501057798665,"(138.68, 1121.69]",0.041654227303983424,"(250.0, 1150.0]",0.34084726192349113,"(-inf, 191.5]",1.1741703917563333
1871,1,88,95.88173429,800,468,"(60.5, inf]",4.147649406746059,"(-inf, 138.68]",0.3508536149625971,"(250.0, 1150.0]",0.34084726192349113,"(450.5, 623.5]",0.04047982904804176
2761,0,0,837.70521,1000,769,"(-inf, 1.5]",-0.5795501057798665,"(138.68, 1121.69]",0.041654227303983424,"(250.0, 1150.0]",0.34084726192349113,"(702.5, inf]",-1.7446851744547323
1094,0,14,924.713936,1400,596,"(1.5, 15.5]",-0.0406773138368468,"(138.68, 1121.69]",0.041654227303983424,"(1350.0, 1750.0]",-0.5494831152766727,"(450.5, 623.5]",0.04047982904804176
4072,0,5,1432.006222,1900,565,"(1.5, 15.5]",-0.0406773138368468,"(1121.69, inf]",-1.0359899775063022,"(1750.0, inf]",-1.264675762282789,"(450.5, 623.5]",0.04047982904804176
333,0,0,940.3669645,1400,732,"(-inf, 1.5]",-0.5795501057798665,"(138.68, 1121.69]",0.041654227303983424,"(1350.0, 1750.0]",-0.5494831152766727,"(702.5, inf]",-1.7446851744547323
1492,1,0,177.6068873,600,483,"(-inf, 1.5]",-0.5795501057798665,"(138.68, 1121.69]",0.041654227303983424,"(250.0, 1150.0]",0.34084726192349113,"(450.5, 623.5]",0.04047982904804176
1093,0,8,66.66617334,200,112,"(1.5, 15.5]",-0.0406773138368468,"(-inf, 138.68]",0.3508536149625971,"(-inf, 250.0]",0.6610277277346917,"(-inf, 191.5]",1.1741703917563333
2274,1,13,229.6932359,500,248,"(1.5, 15.5]",-0.0406773138368468,"(138.68, 1121.69]",0.041654227303983424,"(250.0, 1150.0]",0.34084726192349113,"(191.5, 450.5]",0.4745183096002622
4051,0,16,335.3604692,600,249,"(15.5, 30.5]",0.6686743240412198,"(138.68, 1121.69]",0.041654227303983424,"(250.0, 1150.0]",0.34084726192349113,"(191.5, 450.5]",0.4745183096002622
1846,1,9,110.8941805,200,25,"(1.5, 15.5]",-0.0406773138368468,"(-inf, 138.68]",0.3508536149625971,"(-inf, 250.0]",0.6610277277346917,"(-inf, 191.5]",1.1741703917563333
2615,0,0,1930.46503,2200,978,"(-inf, 1.5]",-0.5795501057798665,"(1121.69, inf]",-1.0359899775063022,"(1750.0, inf]",-1.264675762282789,"(702.5, inf]",-1.7446851744547323
4456,1,3,173.6898332,200,34,"(1.5, 15.5]",-0.0406773138368468,"(138.68, 1121.69]",0.041654227303983424,"(-inf, 250.0]",0.6610277277346917,"(-inf, 191.5]",1.1741703917563333
3234,1,0,162.8314907,200,313,"(-inf, 1.5]",-0.5795501057798665,"(138.68, 1121.69]",0.041654227303983424,"(-inf, 250.0]",0.6610277277346917,"(191.5, 450.5]",0.4745183096002622
3309,1,36,596.7599392,700,323,"(30.5, 60.5]",2.1720634895446294,"(138.68, 1121.69]",0.041654227303983424,"(250.0, 1150.0]",0.34084726192349113,"(191.5, 450.5]",0.4745183096002622
1587,0,0,977.012401,1400,890,"(-inf, 1.5]",-0.5795501057798665,"(138.68, 1121.69]",0.041654227303983424,"(1350.0, 1750.0]",-0.5494831152766727,"(702.5, inf]",-1.7446851744547323
2024,0,0,197.4288021,900,833,"(-inf, 1.5]",-0.5795501057798665,"(138.68, 1121.69]",0.041654227303983424,"(250.0, 1150.0]",0.34084726192349113,"(702.5, inf]",-1.7446851744547323
478,0,1,442.3003069,500,203,"(-inf, 1.5]",-0.5795501057798665,"(138.68, 1121.69]",0.041654227303983424,"(250.0, 1150.0]",0.34084726192349113,"(191.5, 450.5]",0.4745183096002622
2375,1,1,472.103096,900,296,"(-inf, 1.5]",-0.5795501057798665,"(138.68, 1121.69]",0.041654227303983424,"(250.0, 1150.0]",0.34084726192349113,"(191.5, 450.5]",0.4745183096002622
4546,0,0,2833.110912,3000,921,"(-inf, 1.5]",-0.5795501057798665,"(1121.69, inf]",-1.0359899775063022,"(1750.0, inf]",-1.264675762282789,"(702.5, inf]",-1.7446851744547323
4970,0,1,385.7931231,1400,666,"(-inf, 1.5]",-0.5795501057798665,"(138.68, 1121.69]",0.041654227303983424,"(1350.0, 1750.0]",-0.5494831152766727,"(623.5, 702.5]",-0.563990054998142
4037,1,5,52.30944126,200,89,"(1.5, 15.5]",-0.0406773138368468,"(-inf, 138.68]",0.3508536149625971,"(-inf, 250.0]",0.6610277277346917,"(-inf, 191.5]",1.1741703917563333
384,1,1,396.8777201,600,277,"(-inf, 1.5]",-0.5795501057798665,"(138.68, 1121.69]",0.041654227303983424,"(250.0, 1150.0]",0.34084726192349113,"(191.5, 450.5]",0.4745183096002622
2299,0,0,241.1362223,1100,758,"(-inf, 1.5]",-0.5795501057798665,"(138.68, 1121.69]",0.041654227303983424,"(250.0, 1150.0]",0.34084726192349113,"(702.5, inf]",-1.7446851744547323
1196,0,2,545.6586845,1000,658,"(1.5, 15.5]",-0.0406773138368468,"(138.68, 1121.69]",0.041654227303983424,"(250.0, 1150.0]",0.34084726192349113,"(623.5, 702.5]",-0.563990054998142
3729,0,0,132.4009057,1300,790,"(-inf, 1.5]",-0.5795501057798665,"(-inf, 138.68]",0.3508536149625971,"(1150.0, 1350.0]",-0.2281076149142269,"(702.5, inf]",-1.7446851744547323
2270,0,5,326.8584547,1500,582,"(1.5, 15.5]",-0.0406773138368468,"(138.68, 1121.69]",0.041654227303983424,"(1350.0, 1750.0]",-0.5494831152766727,"(450.5, 623.5]",0.04047982904804176
1925,1,0,246.2488136,1500,627,"(-inf, 1.5]",-0.5795501057798665,"(138.68, 1121.69]",0.041654227303983424,"(1350.0, 1750.0]",-0.5494831152766727,"(623.5, 702.5]",-0.563990054998142
1110,1,26,151.5287511,1200,365,"(15.5, 30.5]",0.6686743240412198,"(138.68, 1121.69]",0.041654227303983424,"(1150.0, 1350.0]",-0.2281076149142269,"(191.5, 450.5]",0.4745183096002622
24,1,0,18.05136999,1000,273,"(-inf, 1.5]",-0.5795501057798665,"(-inf, 138.68]",0.3508536149625971,"(250.0, 1150.0]",0.34084726192349113,"(191.5, 450.5]",0.4745183096002622
2175,0,0,122.5307423,1500,873,"(-inf, 1.5]",-0.5795501057798665,"(-inf, 138.68]",0.3508536149625971,"(1350.0, 1750.0]",-0.5494831152766727,"(702.5, inf]",-1.7446851744547323
1738,1,53,512.8705885,1500,612,"(30.5, 60.5]",2.1720634895446294,"(138.68, 1121.69]",0.041654227303983424,"(1350.0, 1750.0]",-0.5494831152766727,"(450.5, 623.5]",0.04047982904804176
2509,1,11,904.9141138,1100,93,"(1.5, 15.5]",-0.0406773138368468,"(138.68, 1121.69]",0.041654227303983424,"(250.0, 1150.0]",0.34084726192349113,"(-inf, 191.5]",1.1741703917563333
3968,0,0,1424.348481,1500,703,"(-inf, 1.5]",-0.5795501057798665,"(1121.69, inf]",-1.0359899775063022,"(1350.0, 1750.0]",-0.5494831152766727,"(702.5, inf]",-1.7446851744547323
3888,0,3,1542.16513,2200,861,"(1.5, 15.5]",-0.0406773138368468,"(1121.69, inf]",-1.0359899775063022,"(1750.0, inf]",-1.264675762282789,"(702.5, inf]",-1.7446851744547323
3878,0,3,721.1877532,1100,721,"(1.5, 15.5]",-0.0406773138368468,"(138.68, 1121.69]",0.041654227303983424,"(250.0, 1150.0]",0.34084726192349113,"(702.5, inf]",-1.7446851744547323
490,1,3,496.0766562,500,43,"(1.5, 15.5]",-0.0406773138368468,"(138.68, 1121.69]",0.041654227303983424,"(250.0, 1150.0]",0.34084726192349113,"(-inf, 191.5]",1.1741703917563333
1124,0,5,28.37153083,200,184,"(1.5, 15.5]",-0.0406773138368468,"(-inf, 138.68]",0.3508536149625971,"(-inf, 250.0]",0.6610277277346917,"(-inf, 191.5]",1.1741703917563333
92,1,1,345.3719233,1100,670,"(-inf, 1.5]",-0.5795501057798665,"(138.68, 1121.69]",0.041654227303983424,"(250.0, 1150.0]",0.34084726192349113,"(623.5, 702.5]",-0.563990054998142
4012,1,4,222.3177688,300,361,"(1.5, 15.5]",-0.0406773138368468,"(138.68, 1121.69]",0.041654227303983424,"(250.0, 1150.0]",0.34084726192349113,"(191.5, 450.5]",0.4745183096002622
3703,0,1,278.2438485,900,349,"(-inf, 1.5]",-0.5795501057798665,"(138.68, 1121.69]",0.041654227303983424,"(250.0, 1150.0]",0.34084726192349113,"(191.5, 450.5]",0.4745183096002622
300,0,1,1714.799229,2200,938,"(-inf, 1.5]",-0.5795501057798665,"(1121.69, inf]",-1.0359899775063022,"(1750.0, inf]",-1.264675762282789,"(702.5, inf]",-1.7446851744547323
492,0,0,2134.599656,2200,923,"(-inf, 1.5]",-0.5795501057798665,"(1121.69, inf]",-1.0359899775063022,"(1750.0, inf]",-1.264675762282789,"(702.5, inf]",-1.7446851744547323
223,1,0,877.0440263,1200,131,"(-inf, 1.5]",-0.5795501057798665,"(138.68, 1121.69]",0.041654227303983424,"(1150.0, 1350.0]",-0.2281076149142269,"(-inf, 191.5]",1.1741703917563333
2425,1,0,75.50795266,200,178,"(-inf, 1.5]",-0.5795501057798665,"(-inf, 138.68]",0.3508536149625971,"(-inf, 250.0]",0.6610277277346917,"(-inf, 191.5]",1.1741703917563333
1442,0,13,36.32032018,800,534,"(1.5, 15.5]",-0.0406773138368468,"(-inf, 138.68]",0.3508536149625971,"(250.0, 1150.0]",0.34084726192349113,"(450.5, 623.5]",0.04047982904804176
249,0,29,325.0060743,1200,296,"(15.5, 30.5]",0.6686743240412198,"(138.68, 1121.69]",0.041654227303983424,"(1150.0, 1350.0]",-0.2281076149142269,"(191.5, 450.5]",0.4745183096002622
2684,0,3,181.7471293,900,225,"(1.5, 15.5]",-0.0406773138368468,"(138.68, 1121.69]",0.041654227303983424,"(250.0, 1150.0]",0.34084726192349113,"(191.5, 450.5]",0.4745183096002622
630,0,0,370.0158437,1000,626,"(-inf, 1.5]",-0.5795501057798665,"(138.68, 1121.69]",0.041654227303983424,"(250.0, 1150.0]",0.34084726192349113,"(623.5, 702.5]",-0.563990054998142
4420,0,2,1013.17721,1300,523,"(1.5, 15.5]",-0.0406773138368468,"(138.68, 1121.69]",0.041654227303983424,"(1150.0, 1350.0]",-0.2281076149142269,"(450.5, 623.5]",0.04047982904804176
2373,1,3,559.0374593,1300,555,"(1.5, 15.5]",-0.0406773138368468,"(138.68, 1121.69]",0.041654227303983424,"(1150.0, 1350.0]",-0.2281076149142269,"(450.5, 623.5]",0.04047982904804176
3873,0,13,1887.21082,2800,772,"(1.5, 15.5]",-0.0406773138368468,"(1121.69, inf]",-1.0359899775063022,"(1750.0, inf]",-1.264675762282789,"(702.5, inf]",-1.7446851744547323
699,0,11,105.0342385,600,267,"(1.5, 15.5]",-0.0406773138368468,"(-inf, 138.68]",0.3508536149625971,"(250.0, 1150.0]",0.34084726192349113,"(191.5, 450.5]",0.4745183096002622
4963,1,0,590.5092161,1900,841,"(-inf, 1.5]",-0.5795501057798665,"(138.68, 1121.69]",0.041654227303983424,"(1750.0, inf]",-1.264675762282789,"(702.5, inf]",-1.7446851744547323
4728,0,3,766.0176954,800,445,"(1.5, 15.5]",-0.0406773138368468,"(138.68, 1121.69]",0.041654227303983424,"(250.0, 1150.0]",0.34084726192349113,"(191.5, 450.5]",0.4745183096002622
4484,0,25,635.6009307,800,592,"(15.5, 30.5]",0.6686743240412198,"(138.68, 1121.69]",0.041654227303983424,"(250.0, 1150.0]",0.34084726192349113,"(450.5, 623.5]",0.04047982904804176
2429,0,0,430.0762558,1400,865,"(-inf, 1.5]",-0.5795501057798665,"(138.68, 1121.69]",0.041654227303983424,"(1350.0, 1750.0]",-0.5494831152766727,"(702.5, inf]",-1.7446851744547323
3310,0,0,23.27233198,600,234,"(-inf, 1.5]",-0.5795501057798665,"(-inf, 138.68]",0.3508536149625971,"(250.0, 1150.0]",0.34084726192349113,"(191.5, 450.5]",0.4745183096002622
823,1,0,94.0050125,900,599,"(-inf, 1.5]",-0.5795501057798665,"(-inf, 138.68]",0.3508536149625971,"(250.0, 1150.0]",0.34084726192349113,"(450.5, 623.5]",0.04047982904804176
3706,0,0,1028.293935,1600,860,"(-inf, 1.5]",-0.5795501057798665,"(138.68, 1121.69]",0.041654227303983424,"(1350.0, 1750.0]",-0.5494831152766727,"(702.5, inf]",-1.7446851744547323
3304,0,18,449.0347692,1000,419,"(15.5, 30.5]",0.6686743240412198,"(138.68, 1121.69]",0.041654227303983424,"(250.0, 1150.0]",0.34084726192349113,"(191.5, 450.5]",0.4745183096002622
3171,1,1,628.0865399,1100,566,"(-inf, 1.5]",-0.5795501057798665,"(138.68, 1121.69]",0.041654227303983424,"(250.0, 1150.0]",0.34084726192349113,"(450.5, 623.5]",0.04047982904804176
4909,0,0,434.3464057,600,593,"(-inf, 1.5]",-0.5795501057798665,"(138.68, 1121.69]",0.041654227303983424,"(250.0, 1150.0]",0.34084726192349113,"(450.5, 623.5]",0.04047982904804176
4841,1,5,513.7150949,600,8,"(1.5, 15.5]",-0.0406773138368468,"(138.68, 1121.69]",0.041654227303983424,"(250.0, 1150.0]",0.34084726192349113,"(-inf, 191.5]",1.1741703917563333
722,0,25,705.2435651,1200,892,"(15.5, 30.5]",0.6686743240412198,"(138.68, 1121.69]",0.041654227303983424,"(1150.0, 1350.0]",-0.2281076149142269,"(702.5, inf]",-1.7446851744547323
4565,0,0,402.6990624,1300,781,"(-inf, 1.5]",-0.5795501057798665,"(138.68, 1121.69]",0.041654227303983424,"(1150.0, 1350.0]",-0.2281076149142269,"(702.5, inf]",-1.7446851744547323
2665,1,6,9.126191114,400,97,"(1.5, 15.5]",-0.0406773138368468,"(-inf, 138.68]",0.3508536149625971,"(250.0, 1150.0]",0.34084726192349113,"(-inf, 191.5]",1.1741703917563333
2286,0,0,1412.430093,1500,735,"(-inf, 1.5]",-0.5795501057798665,"(1121.69, inf]",-1.0359899775063022,"(1350.0, 1750.0]",-0.5494831152766727,"(702.5, inf]",-1.7446851744547323
2586,0,0,88.86552753,800,401,"(-inf, 1.5]",-0.5795501057798665,"(-inf, 138.68]",0.3508536149625971,"(250.0, 1150.0]",0.34084726192349113,"(191.5, 450.5]",0.4745183096002622
1946,1,33,70.46919582,200,192,"(30.5, 60.5]",2.1720634895446294,"(-inf, 138.68]",0.3508536149625971,"(-inf, 250.0]",0.6610277277346917,"(191.5, 450.5]",0.4745183096002622
518,0,1,436.3541934,800,514,"(-inf, 1.5]",-0.5795501057798665,"(138.68, 1121.69]",0.041654227303983424,"(250.0, 1150.0]",0.34084726192349113,"(450.5, 623.5]",0.04047982904804176
1775,0,0,196.3281131,700,309,"(-inf, 1.5]",-0.5795501057798665,"(138.68, 1121.69]",0.041654227303983424,"(250.0, 1150.0]",0.34084726192349113,"(191.5, 450.5]",0.4745183096002622
2349,0,1,2.364213869,200,136,"(-inf, 1.5]",-0.5795501057798665,"(-inf, 138.68]",0.3508536149625971,"(-inf, 250.0]",0.6610277277346917,"(-inf, 191.5]",1.1741703917563333
3147,1,0,340.778883,1600,892,"(-inf, 1.5]",-0.5795501057798665,"(138.68, 1121.69]",0.041654227303983424,"(1350.0, 1750.0]",-0.5494831152766727,"(702.5, inf]",-1.7446851744547323
826,1,33,772.3975508,800,302,"(30.5, 60.5]",2.1720634895446294,"(138.68, 1121.69]",0.041654227303983424,"(250.0, 1150.0]",0.34084726192349113,"(191.5, 450.5]",0.4745183096002622
552,0,0,1123.582796,2100,904,"(-inf, 1.5]",-0.5795501057798665,"(1121.69, inf]",-1.0359899775063022,"(1750.0, inf]",-1.264675762282789,"(702.5, inf]",-1.7446851744547323
553,1,48,907.2684502,1300,607,"(30.5, 60.5]",2.1720634895446294,"(138.68, 1121.69]",0.041654227303983424,"(1150.0, 1350.0]",-0.2281076149142269,"(450.5, 623.5]",0.04047982904804176
2744,1,8,87.1237448,200,155,"(1.5, 15.5]",-0.0406773138368468,"(-inf, 138.68]",0.3508536149625971,"(-inf, 250.0]",0.6610277277346917,"(-inf, 191.5]",1.1741703917563333
3798,1,30,250.3935946,1200,201,"(15.5, 30.5]",0.6686743240412198,"(138.68, 1121.69]",0.041654227303983424,"(1150.0, 1350.0]",-0.2281076149142269,"(191.5, 450.5]",0.4745183096002622
2324,0,12,140.6332609,200,130,"(1.5, 15.5]",-0.0406773138368468,"(138.68, 1121.69]",0.041654227303983424,"(-inf, 250.0]",0.6610277277346917,"(-inf, 191.5]",1.1741703917563333
3355,0,0,633.3172738,1500,804,"(-inf, 1.5]",-0.5795501057798665,"(138.68, 1121.69]",0.041654227303983424,"(1350.0, 1750.0]",-0.5494831152766727,"(702.5, inf]",-1.7446851744547323
3424,0,14,461.4688563,700,676,"(1.5, 15.5]",-0.0406773138368468,"(138.68, 1121.69]",0.041654227303983424,"(250.0, 1150.0]",0.34084726192349113,"(623.5, 702.5]",-0.563990054998142
2731,0,18,332.7720594,500,24,"(15.5, 30.5]",0.6686743240412198,"(138.68, 1121.69]",0.041654227303983424,"(250.0, 1150.0]",0.34084726192349113,"(-inf, 191.5]",1.1741703917563333
1592,1,6,266.9080225,700,429,"(1.5, 15.5]",-0.0406773138368468,"(138.68, 1121.69]",0.041654227303983424,"(250.0, 1150.0]",0.34084726192349113,"(191.5, 450.5]",0.4745183096002622
1980,0,9,214.8687864,400,254,"(1.5, 15.5]",-0.0406773138368468,"(138.68, 1121.69]",0.041654227303983424,"(250.0, 1150.0]",0.34084726192349113,"(191.5, 450.5]",0.4745183096002622
687,0,0,754.4017609,2200,813,"(-inf, 1.5]",-0.5795501057798665,"(138.68, 1121.69]",0.041654227303983424,"(1750.0, inf]",-1.264675762282789,"(702.5, inf]",-1.7446851744547323
2698,0,28,1252.459232,1300,341,"(15.5, 30.5]",0.6686743240412198,"(1121.69, inf]",-1.0359899775063022,"(1150.0, 1350.0]",-0.2281076149142269,"(191.5, 450.5]",0.4745183096002622
2987,0,0,1746.788335,2700,949,"(-inf, 1.5]",-0.5795501057798665,"(1121.69, inf]",-1.0359899775063022,"(1750.0, inf]",-1.264675762282789,"(702.5, inf]",-1.7446851744547323
392,0,1,1331.218155,1700,866,"(-inf, 1.5]",-0.5795501057798665,"(1121.69, inf]",-1.0359899775063022,"(1350.0, 1750.0]",-0.5494831152766727,"(702.5, inf]",-1.7446851744547323
2559,1,69,86.19781787,200,146,"(60.5, inf]",4.147649406746059,"(-inf, 138.68]",0.3508536149625971,"(-inf, 250.0]",0.6610277277346917,"(-inf, 191.5]",1.1741703917563333
124,0,1,877.5108817,1000,713,"(-inf, 1.5]",-0.5795501057798665,"(138.68, 1121.69]",0.041654227303983424,"(250.0, 1150.0]",0.34084726192349113,"(702.5, inf]",-1.7446851744547323
3205,0,1,21.55184867,200,175,"(-inf, 1.5]",-0.5795501057798665,"(-inf, 138.68]",0.3508536149625971,"(-inf, 250.0]",0.6610277277346917,"(-inf, 191.5]",1.1741703917563333
4440,0,0,460.6775724,1900,726,"(-inf, 1.5]",-0.5795501057798665,"(138.68, 1121.69]",0.041654227303983424,"(1750.0, inf]",-1.264675762282789,"(702.5, inf]",-1.7446851744547323
2335,1,0,22.2605012,600,124,"(-inf, 1.5]",-0.5795501057798665,"(-inf, 138.68]",0.3508536149625971,"(250.0, 1150.0]",0.34084726192349113,"(-inf, 191.5]",1.1741703917563333
3414,0,0,557.1864215,1000,399,"(-inf, 1.5]",-0.5795501057798665,"(138.68, 1121.69]",0.041654227303983424,"(250.0, 1150.0]",0.34084726192349113,"(191.5, 450.5]",0.4745183096002622
1697,0,4,279.5081284,800,619,"(1.5, 15.5]",-0.0406773138368468,"(138.68, 1121.69]",0.041654227303983424,"(250.0, 1150.0]",0.34084726192349113,"(450.5, 623.5]",0.04047982904804176
2819,0,6,174.249734,400,430,"(1.5, 15.5]",-0.0406773138368468,"(138.68, 1121.69]",0.041654227303983424,"(250.0, 1150.0]",0.34084726192349113,"(191.5, 450.5]",0.4745183096002622
1015,0,4,37.53471454,200,170,"(1.5, 15.5]",-0.0406773138368468,"(-inf, 138.68]",0.3508536149625971,"(-inf, 250.0]",0.6610277277346917,"(-inf, 191.5]",1.1741703917563333
4984,0,8,507.242764,800,227,"(1.5, 15.5]",-0.0406773138368468,"(138.68, 1121.69]",0.041654227303983424,"(250.0, 1150.0]",0.34084726192349113,"(191.5, 450.5]",0.4745183096002622
3322,1,4,671.991378,700,185,"(1.5, 15.5]",-0.0406773138368468,"(138.68, 1121.69]",0.041654227303983424,"(250.0, 1150.0]",0.34084726192349113,"(-inf, 191.5]",1.1741703917563333
3201,1,36,1715.035356,2100,648,"(30.5, 60.5]",2.1720634895446294,"(1121.69, inf]",-1.0359899775063022,"(1750.0, inf]",-1.264675762282789,"(623.5, 702.5]",-0.563990054998142
4663,0,0,48.11492957,200,67,"(-inf, 1.5]",-0.5795501057798665,"(-inf, 138.68]",0.3508536149625971,"(-inf, 250.0]",0.6610277277346917,"(-inf, 191.5]",1.1741703917563333
4173,1,1,918.4546927,1100,564,"(-inf, 1.5]",-0.5795501057798665,"(138.68, 1121.69]",0.041654227303983424,"(250.0, 1150.0]",0.34084726192349113,"(450.5, 623.5]",0.04047982904804176
2301,1,2,87.44504233,600,275,"(1.5, 15.5]",-0.0406773138368468,"(-inf, 138.68]",0.3508536149625971,"(250.0, 1150.0]",0.34084726192349113,"(191.5, 450.5]",0.4745183096002622
2730,1,0,277.6838345,1100,392,"(-inf, 1.5]",-0.5795501057798665,"(138.68, 1121.69]",0.041654227303983424,"(250.0, 1150.0]",0.34084726192349113,"(191.5, 450.5]",0.4745183096002622
2144,1,36,807.1028663,1000,332,"(30.5, 60.5]",2.1720634895446294,"(138.68, 1121.69]",0.041654227303983424,"(250.0, 1150.0]",0.34084726192349113,"(191.5, 450.5]",0.4745183096002622
815,1,17,496.9145452,1300,473,"(15.5, 30.5]",0.6686743240412198,"(138.68, 1121.69]",0.041654227303983424,"(1150.0, 1350.0]",-0.2281076149142269,"(450.5, 623.5]",0.04047982904804176
1352,1,21,960.3210191,1200,303,"(15.5, 30.5]",0.6686743240412198,"(138.68, 1121.69]",0.041654227303983424,"(1150.0, 1350.0]",-0.2281076149142269,"(191.5, 450.5]",0.4745183096002622
4747,0,2,353.4471872,1200,719,"(1.5, 15.5]",-0.0406773138368468,"(138.68, 1121.69]",0.041654227303983424,"(1150.0, 1350.0]",-0.2281076149142269,"(702.5, inf]",-1.7446851744547323
1490,0,8,173.710187,700,70,"(1.5, 15.5]",-0.0406773138368468,"(138.68, 1121.69]",0.041654227303983424,"(250.0, 1150.0]",0.34084726192349113,"(-inf, 191.5]",1.1741703917563333
1302,1,16,374.0813849,600,90,"(15.5, 30.5]",0.6686743240412198,"(138.68, 1121.69]",0.041654227303983424,"(250.0, 1150.0]",0.34084726192349113,"(-inf, 191.5]",1.1741703917563333
2616,1,28,179.0133307,1200,509,"(15.5, 30.5]",0.6686743240412198,"(138.68, 1121.69]",0.041654227303983424,"(1150.0, 1350.0]",-0.2281076149142269,"(450.5, 623.5]",0.04047982904804176
465,0,1,230.3028694,500,650,"(-inf, 1.5]",-0.5795501057798665,"(138.68, 1121.69]",0.041654227303983424,"(250.0, 1150.0]",0.34084726192349113,"(623.5, 702.5]",-0.563990054998142
1761,0,7,388.254601,400,357,"(1.5, 15.5]",-0.0406773138368468,"(138.68, 1121.69]",0.041654227303983424,"(250.0, 1150.0]",0.34084726192349113,"(191.5, 450.5]",0.4745183096002622
388,1,30,192.9743655,700,643,"(15.5, 30.5]",0.6686743240412198,"(138.68, 1121.69]",0.041654227303983424,"(250.0, 1150.0]",0.34084726192349113,"(623.5, 702.5]",-0.563990054998142
2569,0,0,2100.013831,2300,920,"(-inf, 1.5]",-0.5795501057798665,"(1121.69, inf]",-1.0359899775063022,"(1750.0, inf]",-1.264675762282789,"(702.5, inf]",-1.7446851744547323
245,0,9,584.5211885,800,532,"(1.5, 15.5]",-0.0406773138368468,"(138.68, 1121.69]",0.041654227303983424,"(250.0, 1150.0]",0.34084726192349113,"(450.5, 623.5]",0.04047982904804176
4241,0,2,160.0287252,200,674,"(1.5, 15.5]",-0.0406773138368468,"(138.68, 1121.69]",0.041654227303983424,"(-inf, 250.0]",0.6610277277346917,"(623.5, 702.5]",-0.563990054998142
3882,0,28,87.99010941,600,291,"(15.5, 30.5]",0.6686743240412198,"(-inf, 138.68]",0.3508536149625971,"(250.0, 1150.0]",0.34084726192349113,"(191.5, 450.5]",0.4745183096002622
4189,0,0,959.1420602,2200,965,"(-inf, 1.5]",-0.5795501057798665,"(138.68, 1121.69]",0.041654227303983424,"(1750.0, inf]",-1.264675762282789,"(702.5, inf]",-1.7446851744547323
434,1,4,725.4889462,900,405,"(1.5, 15.5]",-0.0406773138368468,"(138.68, 1121.69]",0.041654227303983424,"(250.0, 1150.0]",0.34084726192349113,"(191.5, 450.5]",0.4745183096002622
2201,0,19,564.3739028,700,216,"(15.5, 30.5]",0.6686743240412198,"(138.68, 1121.69]",0.041654227303983424,"(250.0, 1150.0]",0.34084726192349113,"(191.5, 450.5]",0.4745183096002622
91,1,1,64.8237117,500,176,"(-inf, 1.5]",-0.5795501057798665,"(-inf, 138.68]",0.3508536149625971,"(250.0, 1150.0]",0.34084726192349113,"(-inf, 191.5]",1.1741703917563333
891,0,2,345.4004647,1900,891,"(1.5, 15.5]",-0.0406773138368468,"(138.68, 1121.69]",0.041654227303983424,"(1750.0, inf]",-1.264675762282789,"(702.5, inf]",-1.7446851744547323
1088,0,2,316.2906701,1100,936,"(1.5, 15.5]",-0.0406773138368468,"(138.68, 1121.69]",0.041654227303983424,"(250.0, 1150.0]",0.34084726192349113,"(702.5, inf]",-1.7446851744547323
3937,0,0,417.8063348,1400,794,"(-inf, 1.5]",-0.5795501057798665,"(138.68, 1121.69]",0.041654227303983424,"(1350.0, 1750.0]",-0.5494831152766727,"(702.5, inf]",-1.7446851744547323
3573,1,0,1488.728505,1500,15,"(-inf, 1.5]",-0.5795501057798665,"(1121.69, inf]",-1.0359899775063022,"(1350.0, 1750.0]",-0.5494831152766727,"(-inf, 191.5]",1.1741703917563333
3113,0,3,464.1541008,800,398,"(1.5, 15.5]",-0.0406773138368468,"(138.68, 1121.69]",0.041654227303983424,"(250.0, 1150.0]",0.34084726192349113,"(191.5, 450.5]",0.4745183096002622
902,0,1,102.8982091,600,445,"(-inf, 1.5]",-0.5795501057798665,"(-inf, 138.68]",0.3508536149625971,"(250.0, 1150.0]",0.34084726192349113,"(191.5, 450.5]",0.4745183096002622
83,0,20,863.4062623,1200,14,"(15.5, 30.5]",0.6686743240412198,"(138.68, 1121.69]",0.041654227303983424,"(1150.0, 1350.0]",-0.2281076149142269,"(-inf, 191.5]",1.1741703917563333
2369,1,4,1151.485986,1700,682,"(1.5, 15.5]",-0.0406773138368468,"(1121.69, inf]",-1.0359899775063022,"(1350.0, 1750.0]",-0.5494831152766727,"(623.5, 702.5]",-0.563990054998142
4576,1,19,1664.645566,1700,903,"(15.5, 30.5]",0.6686743240412198,"(1121.69, inf]",-1.0359899775063022,"(1350.0, 1750.0]",-0.5494831152766727,"(702.5, inf]",-1.7446851744547323
4932,0,0,343.0879707,2100,901,"(-inf, 1.5]",-0.5795501057798665,"(138.68, 1121.69]",0.041654227303983424,"(1750.0, inf]",-1.264675762282789,"(702.5, inf]",-1.7446851744547323
2818,0,0,832.5425311,1700,731,"(-inf, 1.5]",-0.5795501057798665,"(138.68, 1121.69]",0.041654227303983424,"(1350.0, 1750.0]",-0.5494831152766727,"(702.5, inf]",-1.7446851744547323
2815,0,4,917.097869,1000,591,"(1.5, 15.5]",-0.0406773138368468,"(138.68, 1121.69]",0.041654227303983424,"(250.0, 1150.0]",0.34084726192349113,"(450.5, 623.5]",0.04047982904804176
2403,0,4,314.6092402,700,443,"(1.5, 15.5]",-0.0406773138368468,"(138.68, 1121.69]",0.041654227303983424,"(250.0, 1150.0]",0.34084726192349113,"(191.5, 450.5]",0.4745183096002622
2520,0,0,235.8492441,900,282,"(-inf, 1.5]",-0.5795501057798665,"(138.68, 1121.69]",0.041654227303983424,"(250.0, 1150.0]",0.34084726192349113,"(191.5, 450.5]",0.4745183096002622
4699,0,3,253.4884957,1800,832,"(1.5, 15.5]",-0.0406773138368468,"(138.68, 1121.69]",0.041654227303983424,"(1750.0, inf]",-1.264675762282789,"(702.5, inf]",-1.7446851744547323
4767,0,0,2011.09861,2400,907,"(-inf, 1.5]",-0.5795501057798665,"(1121.69, inf]",-1.0359899775063022,"(1750.0, inf]",-1.264675762282789,"(702.5, inf]",-1.7446851744547323
3306,1,60,137.9522572,400,384,"(30.5, 60.5]",2.1720634895446294,"(-inf, 138.68]",0.3508536149625971,"(250.0, 1150.0]",0.34084726192349113,"(191.5, 450.5]",0.4745183096002622
2291,0,0,780.1173344,2200,935,"(-inf, 1.5]",-0.5795501057798665,"(138.68, 1121.69]",0.041654227303983424,"(1750.0, inf]",-1.264675762282789,"(702.5, inf]",-1.7446851744547323
452,0,10,852.9888424,1100,261,"(1.5, 15.5]",-0.0406773138368468,"(138.68, 1121.69]",0.041654227303983424,"(250.0, 1150.0]",0.34084726192349113,"(191.5, 450.5]",0.4745183096002622
417,1,2,213.8048932,900,19,"(1.5, 15.5]",-0.0406773138368468,"(138.68, 1121.69]",0.041654227303983424,"(250.0, 1150.0]",0.34084726192349113,"(-inf, 191.5]",1.1741703917563333
4755,1,3,490.4788815,600,306,"(1.5, 15.5]",-0.0406773138368468,"(138.68, 1121.69]",0.041654227303983424,"(250.0, 1150.0]",0.34084726192349113,"(191.5, 450.5]",0.4745183096002622
3805,0,0,262.6557491,1300,858,"(-inf, 1.5]",-0.5795501057798665,"(138.68, 1121.69]",0.041654227303983424,"(1150.0, 1350.0]",-0.2281076149142269,"(702.5, inf]",-1.7446851744547323
110,0,0,520.2511796,1100,823,"(-inf, 1.5]",-0.5795501057798665,"(138.68, 1121.69]",0.041654227303983424,"(250.0, 1150.0]",0.34084726192349113,"(702.5, inf]",-1.7446851744547323
3030,0,2,298.5431712,1000,712,"(1.5, 15.5]",-0.0406773138368468,"(138.68, 1121.69]",0.041654227303983424,"(250.0, 1150.0]",0.34084726192349113,"(702.5, inf]",-1.7446851744547323
2050,0,2,677.1984862,900,350,"(1.5, 15.5]",-0.0406773138368468,"(138.68, 1121.69]",0.041654227303983424,"(250.0, 1150.0]",0.34084726192349113,"(191.5, 450.5]",0.4745183096002622
1536,0,5,302.0963738,500,863,"(1.5, 15.5]",-0.0406773138368468,"(138.68, 1121.69]",0.041654227303983424,"(250.0, 1150.0]",0.34084726192349113,"(702.5, inf]",-1.7446851744547323
3139,1,1,3.021231427,200,139,"(-inf, 1.5]",-0.5795501057798665,"(-inf, 138.68]",0.3508536149625971,"(-inf, 250.0]",0.6610277277346917,"(-inf, 191.5]",1.1741703917563333
2715,0,8,690.9513342,1100,283,"(1.5, 15.5]",-0.0406773138368468,"(138.68, 1121.69]",0.041654227303983424,"(250.0, 1150.0]",0.34084726192349113,"(191.5, 450.5]",0.4745183096002622
2624,0,0,1734.135235,2600,991,"(-inf, 1.5]",-0.5795501057798665,"(1121.69, inf]",-1.0359899775063022,"(1750.0, inf]",-1.264675762282789,"(702.5, inf]",-1.7446851744547323
4931,0,3,494.1132314,1600,897,"(1.5, 15.5]",-0.0406773138368468,"(138.68, 1121.69]",0.041654227303983424,"(1350.0, 1750.0]",-0.5494831152766727,"(702.5, inf]",-1.7446851744547323
1670,1,0,397.529876,900,142,"(-inf, 1.5]",-0.5795501057798665,"(138.68, 1121.69]",0.041654227303983424,"(250.0, 1150.0]",0.34084726192349113,"(-inf, 191.5]",1.1741703917563333
4303,0,6,266.8633267,400,261,"(1.5, 15.5]",-0.0406773138368468,"(138.68, 1121.69]",0.041654227303983424,"(250.0, 1150.0]",0.34084726192349113,"(191.5, 450.5]",0.4745183096002622
1820,0,0,389.0431076,600,354,"(-inf, 1.5]",-0.5795501057798665,"(138.68, 1121.69]",0.041654227303983424,"(250.0, 1150.0]",0.34084726192349113,"(191.5, 450.5]",0.4745183096002622
3575,0,0,1343.051065,1400,833,"(-inf, 1.5]",-0.5795501057798665,"(1121.69, inf]",-1.0359899775063022,"(1350.0, 1750.0]",-0.5494831152766727,"(702.5, inf]",-1.7446851744547323
3672,0,4,679.9029522,1100,879,"(1.5, 15.5]",-0.0406773138368468,"(138.68, 1121.69]",0.041654227303983424,"(250.0, 1150.0]",0.34084726192349113,"(702.5, inf]",-1.7446851744547323
1886,1,66,1.204979896,200,9,"(60.5, inf]",4.147649406746059,"(-inf, 138.68]",0.3508536149625971,"(-inf, 250.0]",0.6610277277346917,"(-inf, 191.5]",1.1741703917563333
2483,1,6,715.1345002,1000,47,"(1.5, 15.5]",-0.0406773138368468,"(138.68, 1121.69]",0.041654227303983424,"(250.0, 1150.0]",0.34084726192349113,"(-inf, 191.5]",1.1741703917563333
2042,0,2,461.3754353,1800,998,"(1.5, 15.5]",-0.0406773138368468,"(138.68, 1121.69]",0.041654227303983424,"(1750.0, inf]",-1.264675762282789,"(702.5, inf]",-1.7446851744547323
742,0,1,1549.876026,2700,935,"(-inf, 1.5]",-0.5795501057798665,"(1121.69, inf]",-1.0359899775063022,"(1750.0, inf]",-1.264675762282789,"(702.5, inf]",-1.7446851744547323
2724,0,0,124.7732469,1300,378,"(-inf, 1.5]",-0.5795501057798665,"(-inf, 138.68]",0.3508536149625971,"(1150.0, 1350.0]",-0.2281076149142269,"(191.5, 450.5]",0.4745183096002622
527,0,56,227.493519,800,327,"(30.5, 60.5]",2.1720634895446294,"(138.68, 1121.69]",0.041654227303983424,"(250.0, 1150.0]",0.34084726192349113,"(191.5, 450.5]",0.4745183096002622
494,0,0,474.7204192,1000,540,"(-inf, 1.5]",-0.5795501057798665,"(138.68, 1121.69]",0.041654227303983424,"(250.0, 1150.0]",0.34084726192349113,"(450.5, 623.5]",0.04047982904804176
2604,0,0,578.2283665,1400,711,"(-inf, 1.5]",-0.5795501057798665,"(138.68, 1121.69]",0.041654227303983424,"(1350.0, 1750.0]",-0.5494831152766727,"(702.5, inf]",-1.7446851744547323
4335,1,0,912.287578,1000,174,"(-inf, 1.5]",-0.5795501057798665,"(138.68, 1121.69]",0.041654227303983424,"(250.0, 1150.0]",0.34084726192349113,"(-inf, 191.5]",1.1741703917563333
178,0,9,465.9557044,600,295,"(1.5, 15.5]",-0.0406773138368468,"(138.68, 1121.69]",0.041654227303983424,"(250.0, 1150.0]",0.34084726192349113,"(191.5, 450.5]",0.4745183096002622
2972,1,32,527.3711682,1400,513,"(30.5, 60.5]",2.1720634895446294,"(138.68, 1121.69]",0.041654227303983424,"(1350.0, 1750.0]",-0.5494831152766727,"(450.5, 623.5]",0.04047982904804176
4802,0,0,741.7353112,800,463,"(-inf, 1.5]",-0.5795501057798665,"(138.68, 1121.69]",0.041654227303983424,"(250.0, 1150.0]",0.34084726192349113,"(450.5, 623.5]",0.04047982904804176
3546,0,4,125.8059042,200,175,"(1.5, 15.5]",-0.0406773138368468,"(-inf, 138.68]",0.3508536149625971,"(-inf, 250.0]",0.6610277277346917,"(-inf, 191.5]",1.1741703917563333
2851,0,6,1229.774968,1400,624,"(1.5, 15.5]",-0.0406773138368468,"(1121.69, inf]",-1.0359899775063022,"(1350.0, 1750.0]",-0.5494831152766727,"(623.5, 702.5]",-0.563990054998142
2383,0,5,571.5218271,700,96,"(1.5, 15.5]",-0.0406773138368468,"(138.68, 1121.69]",0.041654227303983424,"(250.0, 1150.0]",0.34084726192349113,"(-inf, 191.5]",1.1741703917563333
2224,0,0,4.998511253,700,541,"(-inf, 1.5]",-0.5795501057798665,"(-inf, 138.68]",0.3508536149625971,"(250.0, 1150.0]",0.34084726192349113,"(450.5, 623.5]",0.04047982904804176
950,1,7,111.4791282,300,71,"(1.5, 15.5]",-0.0406773138368468,"(-inf, 138.68]",0.3508536149625971,"(250.0, 1150.0]",0.34084726192349113,"(-inf, 191.5]",1.1741703917563333
1523,1,2,12.14211178,200,74,"(1.5, 15.5]",-0.0406773138368468,"(-inf, 138.68]",0.3508536149625971,"(-inf, 250.0]",0.6610277277346917,"(-inf, 191.5]",1.1741703917563333
3447,1,0,724.8250428,1400,137,"(-inf, 1.5]",-0.5795501057798665,"(138.68, 1121.69]",0.041654227303983424,"(1350.0, 1750.0]",-0.5494831152766727,"(-inf, 191.5]",1.1741703917563333
783,1,71,367.7401151,800,460,"(60.5, inf]",4.147649406746059,"(138.68, 1121.69]",0.041654227303983424,"(250.0, 1150.0]",0.34084726192349113,"(450.5, 623.5]",0.04047982904804176
2417,0,0,168.2671236,200,154,"(-inf, 1.5]",-0.5795501057798665,"(138.68, 1121.69]",0.041654227303983424,"(-inf, 250.0]",0.6610277277346917,"(-inf, 191.5]",1.1741703917563333
2540,1,3,28.34073502,300,34,"(1.5, 15.5]",-0.0406773138368468,"(-inf, 138.68]",0.3508536149625971,"(250.0, 1150.0]",0.34084726192349113,"(-inf, 191.5]",1.1741703917563333
3919,0,28,760.6350857,800,257,"(15.5, 30.5]",0.6686743240412198,"(138.68, 1121.69]",0.041654227303983424,"(250.0, 1150.0]",0.34084726192349113,"(191.5, 450.5]",0.4745183096002622
1271,0,2,1318.869473,2000,910,"(1.5, 15.5]",-0.0406773138368468,"(1121.69, inf]",-1.0359899775063022,"(1750.0, inf]",-1.264675762282789,"(702.5, inf]",-1.7446851744547323
540,0,21,4.232816079,800,297,"(15.5, 30.5]",0.6686743240412198,"(-inf, 138.68]",0.3508536149625971,"(250.0, 1150.0]",0.34084726192349113,"(191.5, 450.5]",0.4745183096002622
2538,0,9,150.1888546,200,27,"(1.5, 15.5]",-0.0406773138368468,"(138.68, 1121.69]",0.041654227303983424,"(-inf, 250.0]",0.6610277277346917,"(-inf, 191.5]",1.1741703917563333
2712,0,0,1417.458429,2100,791,"(-inf, 1.5]",-0.5795501057798665,"(1121.69, inf]",-1.0359899775063022,"(1750.0, inf]",-1.264675762282789,"(702.5, inf]",-1.7446851744547323
1632,0,0,193.3861785,1500,967,"(-inf, 1.5]",-0.5795501057798665,"(138.68, 1121.69]",0.041654227303983424,"(1350.0, 1750.0]",-0.5494831152766727,"(702.5, inf]",-1.7446851744547323
3150,0,3,57.25892093,800,89,"(1.5, 15.5]",-0.0406773138368468,"(-inf, 138.68]",0.3508536149625971,"(250.0, 1150.0]",0.34084726192349113,"(-inf, 191.5]",1.1741703917563333
2319,0,0,229.2494059,700,474,"(-inf, 1.5]",-0.5795501057798665,"(138.68, 1121.69]",0.041654227303983424,"(250.0, 1150.0]",0.34084726192349113,"(450.5, 623.5]",0.04047982904804176
2151,0,2,1114.035717,1900,824,"(1.5, 15.5]",-0.0406773138368468,"(138.68, 1121.69]",0.041654227303983424,"(1750.0, inf]",-1.264675762282789,"(702.5, inf]",-1.7446851744547323
810,0,0,1037.996715,2400,912,"(-inf, 1.5]",-0.5795501057798665,"(138.68, 1121.69]",0.041654227303983424,"(1750.0, inf]",-1.264675762282789,"(702.5, inf]",-1.7446851744547323
4876,1,1,130.3448339,1000,299,"(-inf, 1.5]",-0.5795501057798665,"(-inf, 138.68]",0.3508536149625971,"(250.0, 1150.0]",0.34084726192349113,"(191.5, 450.5]",0.4745183096002622
3600,0,0,429.40962,900,764,"(-inf, 1.5]",-0.5795501057798665,"(138.68, 1121.69]",0.041654227303983424,"(250.0, 1150.0]",0.34084726192349113,"(702.5, inf]",-1.7446851744547323
449,0,10,155.950847,1200,861,"(1.5, 15.5]",-0.0406773138368468,"(138.68, 1121.69]",0.041654227303983424,"(1150.0, 1350.0]",-0.2281076149142269,"(702.5, inf]",-1.7446851744547323
129,1,17,410.2545345,800,218,"(15.5, 30.5]",0.6686743240412198,"(138.68, 1121.69]",0.041654227303983424,"(250.0, 1150.0]",0.34084726192349113,"(191.5, 450.5]",0.4745183096002622
4549,0,0,85.20455338,900,557,"(-inf, 1.5]",-0.5795501057798665,"(-inf, 138.68]",0.3508536149625971,"(250.0, 1150.0]",0.34084726192349113,"(450.5, 623.5]",0.04047982904804176
2546,0,0,993.7265211,1700,882,"(-inf, 1.5]",-0.5795501057798665,"(138.68, 1121.69]",0.041654227303983424,"(1350.0, 1750.0]",-0.5494831152766727,"(702.5, inf]",-1.7446851744547323
865,1,32,78.85901358,200,94,"(30.5, 60.5]",2.1720634895446294,"(-inf, 138.68]",0.3508536149625971,"(-inf, 250.0]",0.6610277277346917,"(-inf, 191.5]",1.1741703917563333
1479,0,2,109.0862264,200,46,"(1.5, 15.5]",-0.0406773138368468,"(-inf, 138.68]",0.3508536149625971,"(-inf, 250.0]",0.6610277277346917,"(-inf, 191.5]",1.1741703917563333
1458,1,7,9.395897243,400,288,"(1.5, 15.5]",-0.0406773138368468,"(-inf, 138.68]",0.3508536149625971,"(250.0, 1150.0]",0.34084726192349113,"(191.5, 450.5]",0.4745183096002622
2262,1,14,23.22943486,800,210,"(1.5, 15.5]",-0.0406773138368468,"(-inf, 138.68]",0.3508536149625971,"(250.0, 1150.0]",0.34084726192349113,"(191.5, 450.5]",0.4745183096002622
1658,0,0,641.7152928,1500,736,"(-inf, 1.5]",-0.5795501057798665,"(138.68, 1121.69]",0.041654227303983424,"(1350.0, 1750.0]",-0.5494831152766727,"(702.5, inf]",-1.7446851744547323
1723,0,7,549.292064,800,631,"(1.5, 15.5]",-0.0406773138368468,"(138.68, 1121.69]",0.041654227303983424,"(250.0, 1150.0]",0.34084726192349113,"(623.5, 702.5]",-0.563990054998142
1890,1,7,450.2080088,600,69,"(1.5, 15.5]",-0.0406773138368468,"(138.68, 1121.69]",0.041654227303983424,"(250.0, 1150.0]",0.34084726192349113,"(-inf, 191.5]",1.1741703917563333
4822,1,69,490.7873408,500,9,"(60.5, inf]",4.147649406746059,"(138.68, 1121.69]",0.041654227303983424,"(250.0, 1150.0]",0.34084726192349113,"(-inf, 191.5]",1.1741703917563333
424,0,1,769.9456793,800,836,"(-inf, 1.5]",-0.5795501057798665,"(138.68, 1121.69]",0.041654227303983424,"(250.0, 1150.0]",0.34084726192349113,"(702.5, inf]",-1.7446851744547323
2434,1,1,722.498986,1000,275,"(-inf, 1.5]",-0.5795501057798665,"(138.68, 1121.69]",0.041654227303983424,"(250.0, 1150.0]",0.34084726192349113,"(191.5, 450.5]",0.4745183096002622
932,0,3,381.0161858,1200,697,"(1.5, 15.5]",-0.0406773138368468,"(138.68, 1121.69]",0.041654227303983424,"(1150.0, 1350.0]",-0.2281076149142269,"(623.5, 702.5]",-0.563990054998142
4974,0,4,1111.702036,1500,502,"(1.5, 15.5]",-0.0406773138368468,"(138.68, 1121.69]",0.041654227303983424,"(1350.0, 1750.0]",-0.5494831152766727,"(450.5, 623.5]",0.04047982904804176
2804,0,0,1003.89789,2000,826,"(-inf, 1.5]",-0.5795501057798665,"(138.68, 1121.69]",0.041654227303983424,"(1750.0, inf]",-1.264675762282789,"(702.5, inf]",-1.7446851744547323
1425,1,39,328.4341243,400,195,"(30.5, 60.5]",2.1720634895446294,"(138.68, 1121.69]",0.041654227303983424,"(250.0, 1150.0]",0.34084726192349113,"(191.5, 450.5]",0.4745183096002622
3984,0,3,111.5788935,700,822,"(1.5, 15.5]",-0.0406773138368468,"(-inf, 138.68]",0.3508536149625971,"(250.0, 1150.0]",0.34084726192349113,"(702.5, inf]",-1.7446851744547323
4555,1,1,290.2376092,500,664,"(-inf, 1.5]",-0.5795501057798665,"(138.68, 1121.69]",0.041654227303983424,"(250.0, 1150.0]",0.34084726192349113,"(623.5, 702.5]",-0.563990054998142
2243,0,1,67.75038598,300,59,"(-inf, 1.5]",-0.5795501057798665,"(-inf, 138.68]",0.3508536149625971,"(250.0, 1150.0]",0.34084726192349113,"(-inf, 191.5]",1.1741703917563333
1036,0,3,465.5112698,500,409,"(1.5, 15.5]",-0.0406773138368468,"(138.68, 1121.69]",0.041654227303983424,"(250.0, 1150.0]",0.34084726192349113,"(191.5, 450.5]",0.4745183096002622
486,0,0,170.9976572,600,303,"(-inf, 1.5]",-0.5795501057798665,"(138.68, 1121.69]",0.041654227303983424,"(250.0, 1150.0]",0.34084726192349113,"(191.5, 450.5]",0.4745183096002622
3741,0,5,303.2654313,800,541,"(1.5, 15.5]",-0.0406773138368468,"(138.68, 1121.69]",0.041654227303983424,"(250.0, 1150.0]",0.34084726192349113,"(450.5, 623.5]",0.04047982904804176
1137,1,6,505.7370708,800,323,"(1.5, 15.5]",-0.0406773138368468,"(138.68, 1121.69]",0.041654227303983424,"(250.0, 1150.0]",0.34084726192349113,"(191.5, 450.5]",0.4745183096002622
2052,1,0,104.1769748,200,156,"(-inf, 1.5]",-0.5795501057798665,"(-inf, 138.68]",0.3508536149625971,"(-inf, 250.0]",0.6610277277346917,"(-inf, 191.5]",1.1741703917563333
4319,0,0,1029.58382,2700,824,"(-inf, 1.5]",-0.5795501057798665,"(138.68, 1121.69]",0.041654227303983424,"(1750.0, inf]",-1.264675762282789,"(702.5, inf]",-1.7446851744547323
4162,1,38,484.2208613,1200,766,"(30.5, 60.5]",2.1720634895446294,"(138.68, 1121.69]",0.041654227303983424,"(1150.0, 1350.0]",-0.2281076149142269,"(702.5, inf]",-1.7446851744547323
2562,0,0,54.58142735,200,708,"(-inf, 1.5]",-0.5795501057798665,"(-inf, 138.68]",0.3508536149625971,"(-inf, 250.0]",0.6610277277346917,"(702.5, inf]",-1.7446851744547323
676,0,0,908.9840986,1300,793,"(-inf, 1.5]",-0.5795501057798665,"(138.68, 1121.69]",0.041654227303983424,"(1150.0, 1350.0]",-0.2281076149142269,"(702.5, inf]",-1.7446851744547323
2523,1,33,165.8606485,900,413,"(30.5, 60.5]",2.1720634895446294,"(138.68, 1121.69]",0.041654227303983424,"(250.0, 1150.0]",0.34084726192349113,"(191.5, 450.5]",0.4745183096002622
2055,0,30,492.6278602,1000,367,"(15.5, 30.5]",0.6686743240412198,"(138.68, 1121.69]",0.041654227303983424,"(250.0, 1150.0]",0.34084726192349113,"(191.5, 450.5]",0.4745183096002622
2666,1,14,545.4257716,1000,508,"(1.5, 15.5]",-0.0406773138368468,"(138.68, 1121.69]",0.041654227303983424,"(250.0, 1150.0]",0.34084726192349113,"(450.5, 623.5]",0.04047982904804176
2680,0,10,1507.030121,1900,612,"(1.5, 15.5]",-0.0406773138368468,"(1121.69, inf]",-1.0359899775063022,"(1750.0, inf]",-1.264675762282789,"(450.5, 623.5]",0.04047982904804176
3971,0,0,698.7211261,1100,985,"(-inf, 1.5]",-0.5795501057798665,"(138.68, 1121.69]",0.041654227303983424,"(250.0, 1150.0]",0.34084726192349113,"(702.5, inf]",-1.7446851744547323
4774,1,2,280.5395462,900,296,"(1.5, 15.5]",-0.0406773138368468,"(138.68, 1121.69]",0.041654227303983424,"(250.0, 1150.0]",0.34084726192349113,"(191.5, 450.5]",0.4745183096002622
4898,1,16,213.6409164,700,64,"(15.5, 30.5]",0.6686743240412198,"(138.68, 1121.69]",0.041654227303983424,"(250.0, 1150.0]",0.34084726192349113,"(-inf, 191.5]",1.1741703917563333
1982,0,1,207.2448861,1300,503,"(-inf, 1.5]",-0.5795501057798665,"(138.68, 1121.69]",0.041654227303983424,"(1150.0, 1350.0]",-0.2281076149142269,"(450.5, 623.5]",0.04047982904804176
414,0,0,223.0202423,800,291,"(-inf, 1.5]",-0.5795501057798665,"(138.68, 1121.69]",0.041654227303983424,"(250.0, 1150.0]",0.34084726192349113,"(191.5, 450.5]",0.4745183096002622
3014,1,7,111.7721127,400,433,"(1.5, 15.5]",-0.0406773138368468,"(-inf, 138.68]",0.3508536149625971,"(250.0, 1150.0]",0.34084726192349113,"(191.5, 450.5]",0.4745183096002622
2798,0,2,579.4723387,1100,611,"(1.5, 15.5]",-0.0406773138368468,"(138.68, 1121.69]",0.041654227303983424,"(250.0, 1150.0]",0.34084726192349113,"(450.5, 623.5]",0.04047982904804176
892,1,65,1073.611922,1200,730,"(60.5, inf]",4.147649406746059,"(138.68, 1121.69]",0.041654227303983424,"(1150.0, 1350.0]",-0.2281076149142269,"(702.5, inf]",-1.7446851744547323
574,1,0,871.7388805,1800,597,"(-inf, 1.5]",-0.5795501057798665,"(138.68, 1121.69]",0.041654227303983424,"(1750.0, inf]",-1.264675762282789,"(450.5, 623.5]",0.04047982904804176
96,1,1,101.4121824,1000,569,"(-inf, 1.5]",-0.5795501057798665,"(-inf, 138.68]",0.3508536149625971,"(250.0, 1150.0]",0.34084726192349113,"(450.5, 623.5]",0.04047982904804176
3738,0,30,139.0432021,800,562,"(15.5, 30.5]",0.6686743240412198,"(138.68, 1121.69]",0.041654227303983424,"(250.0, 1150.0]",0.34084726192349113,"(450.5, 623.5]",0.04047982904804176
2082,0,16,348.9344938,1000,470,"(15.5, 30.5]",0.6686743240412198,"(138.68, 1121.69]",0.041654227303983424,"(250.0, 1150.0]",0.34084726192349113,"(450.5, 623.5]",0.04047982904804176
2722,0,1,641.1008714,2600,720,"(-inf, 1.5]",-0.5795501057798665,"(138.68, 1121.69]",0.041654227303983424,"(1750.0, inf]",-1.264675762282789,"(702.5, inf]",-1.7446851744547323
3922,1,8,751.2830753,1000,267,"(1.5, 15.5]",-0.0406773138368468,"(138.68, 1121.69]",0.041654227303983424,"(250.0, 1150.0]",0.34084726192349113,"(191.5, 450.5]",0.4745183096002622
2808,1,0,329.5862714,2200,742,"(-inf, 1.5]",-0.5795501057798665,"(138.68, 1121.69]",0.041654227303983424,"(1750.0, inf]",-1.264675762282789,"(702.5, inf]",-1.7446851744547323
1763,0,0,226.5548942,2000,848,"(-inf, 1.5]",-0.5795501057798665,"(138.68, 1121.69]",0.041654227303983424,"(1750.0, inf]",-1.264675762282789,"(702.5, inf]",-1.7446851744547323
1105,0,8,293.2428912,300,646,"(1.5, 15.5]",-0.0406773138368468,"(138.68, 1121.69]",0.041654227303983424,"(250.0, 1150.0]",0.34084726192349113,"(623.5, 702.5]",-0.563990054998142
2062,1,30,192.9874094,900,48,"(15.5, 30.5]",0.6686743240412198,"(138.68, 1121.69]",0.041654227303983424,"(250.0, 1150.0]",0.34084726192349113,"(-inf, 191.5]",1.1741703917563333
4772,1,12,987.1498835,1200,328,"(1.5, 15.5]",-0.0406773138368468,"(138.68, 1121.69]",0.041654227303983424,"(1150.0, 1350.0]",-0.2281076149142269,"(191.5, 450.5]",0.4745183096002622
252,1,14,386.394785,800,344,"(1.5, 15.5]",-0.0406773138368468,"(138.68, 1121.69]",0.041654227303983424,"(250.0, 1150.0]",0.34084726192349113,"(191.5, 450.5]",0.4745183096002622
3340,1,53,492.9927502,800,170,"(30.5, 60.5]",2.1720634895446294,"(138.68, 1121.69]",0.041654227303983424,"(250.0, 1150.0]",0.34084726192349113,"(-inf, 191.5]",1.1741703917563333
3900,0,7,328.2847328,400,136,"(1.5, 15.5]",-0.0406773138368468,"(138.68, 1121.69]",0.041654227303983424,"(250.0, 1150.0]",0.34084726192349113,"(-inf, 191.5]",1.1741703917563333
1195,1,35,135.8410561,500,59,"(30.5, 60.5]",2.1720634895446294,"(-inf, 138.68]",0.3508536149625971,"(250.0, 1150.0]",0.34084726192349113,"(-inf, 191.5]",1.1741703917563333
1900,0,5,302.8018575,600,380,"(1.5, 15.5]",-0.0406773138368468,"(138.68, 1121.69]",0.041654227303983424,"(250.0, 1150.0]",0.34084726192349113,"(191.5, 450.5]",0.4745183096002622
4009,0,27,1865.790011,2100,950,"(15.5, 30.5]",0.6686743240412198,"(1121.69, inf]",-1.0359899775063022,"(1750.0, inf]",-1.264675762282789,"(702.5, inf]",-1.7446851744547323
169,0,8,493.509249,900,272,"(1.5, 15.5]",-0.0406773138368468,"(138.68, 1121.69]",0.041654227303983424,"(250.0, 1150.0]",0.34084726192349113,"(191.5, 450.5]",0.4745183096002622
3367,0,0,47.57800047,1300,844,"(-inf, 1.5]",-0.5795501057798665,"(-inf, 138.68]",0.3508536149625971,"(1150.0, 1350.0]",-0.2281076149142269,"(702.5, inf]",-1.7446851744547323
4719,0,2,35.67271068,1900,628,"(1.5, 15.5]",-0.0406773138368468,"(-inf, 138.68]",0.3508536149625971,"(1750.0, inf]",-1.264675762282789,"(623.5, 702.5]",-0.563990054998142
3231,0,6,851.2347716,1000,747,"(1.5, 15.5]",-0.0406773138368468,"(138.68, 1121.69]",0.041654227303983424,"(250.0, 1150.0]",0.34084726192349113,"(702.5, inf]",-1.7446851744547323
3331,1,55,625.6180686,1600,965,"(30.5, 60.5]",2.1720634895446294,"(138.68, 1121.69]",0.041654227303983424,"(1350.0, 1750.0]",-0.5494831152766727,"(702.5, inf]",-1.7446851744547323
3088,0,8,178.2505563,2000,909,"(1.5, 15.5]",-0.0406773138368468,"(138.68, 1121.69]",0.041654227303983424,"(1750.0, inf]",-1.264675762282789,"(702.5, inf]",-1.7446851744547323
3502,0,0,487.5423913,800,371,"(-inf, 1.5]",-0.5795501057798665,"(138.68, 1121.69]",0.041654227303983424,"(250.0, 1150.0]",0.34084726192349113,"(191.5, 450.5]",0.4745183096002622
3785,0,0,495.3240178,800,315,"(-inf, 1.5]",-0.5795501057798665,"(138.68, 1121.69]",0.041654227303983424,"(250.0, 1150.0]",0.34084726192349113,"(191.5, 450.5]",0.4745183096002622
1906,1,12,2.121877159,200,126,"(1.5, 15.5]",-0.0406773138368468,"(-inf, 138.68]",0.3508536149625971,"(-inf, 250.0]",0.6610277277346917,"(-inf, 191.5]",1.1741703917563333
3007,1,0,35.87176313,2000,913,"(-inf, 1.5]",-0.5795501057798665,"(-inf, 138.68]",0.3508536149625971,"(1750.0, inf]",-1.264675762282789,"(702.5, inf]",-1.7446851744547323
1504,0,1,1391.497814,1600,591,"(-inf, 1.5]",-0.5795501057798665,"(1121.69, inf]",-1.0359899775063022,"(1350.0, 1750.0]",-0.5494831152766727,"(450.5, 623.5]",0.04047982904804176
3482,1,0,776.7967253,900,153,"(-inf, 1.5]",-0.5795501057798665,"(138.68, 1121.69]",0.041654227303983424,"(250.0, 1150.0]",0.34084726192349113,"(-inf, 191.5]",1.1741703917563333
2709,0,5,578.1809028,900,336,"(1.5, 15.5]",-0.0406773138368468,"(138.68, 1121.69]",0.041654227303983424,"(250.0, 1150.0]",0.34084726192349113,"(191.5, 450.5]",0.4745183096002622
3277,1,42,220.3713153,800,271,"(30.5, 60.5]",2.1720634895446294,"(138.68, 1121.69]",0.041654227303983424,"(250.0, 1150.0]",0.34084726192349113,"(191.5, 450.5]",0.4745183096002622
4461,0,0,2311.763066,2400,951,"(-inf, 1.5]",-0.5795501057798665,"(1121.69, inf]",-1.0359899775063022,"(1750.0, inf]",-1.264675762282789,"(702.5, inf]",-1.7446851744547323
4657,0,12,524.8120419,2100,914,"(1.5, 15.5]",-0.0406773138368468,"(138.68, 1121.69]",0.041654227303983424,"(1750.0, inf]",-1.264675762282789,"(702.5, inf]",-1.7446851744547323
4222,0,15,36.05951603,900,741,"(1.5, 15.5]",-0.0406773138368468,"(-inf, 138.68]",0.3508536149625971,"(250.0, 1150.0]",0.34084726192349113,"(702.5, inf]",-1.7446851744547323
1529,0,0,932.971709,1200,621,"(-inf, 1.5]",-0.5795501057798665,"(138.68, 1121.69]",0.041654227303983424,"(1150.0, 1350.0]",-0.2281076149142269,"(450.5, 623.5]",0.04047982904804176
626,1,31,553.6943007,700,535,"(30.5, 60.5]",2.1720634895446294,"(138.68, 1121.69]",0.041654227303983424,"(250.0, 1150.0]",0.34084726192349113,"(450.5, 623.5]",0.04047982904804176
43,0,1,2227.606715,2300,935,"(-inf, 1.5]",-0.5795501057798665,"(1121.69, inf]",-1.0359899775063022,"(1750.0, inf]",-1.264675762282789,"(702.5, inf]",-1.7446851744547323
593,0,0,1766.648306,2200,886,"(-inf, 1.5]",-0.5795501057798665,"(1121.69, inf]",-1.0359899775063022,"(1750.0, inf]",-1.264675762282789,"(702.5, inf]",-1.7446851744547323
2840,0,5,460.9675208,800,626,"(1.5, 15.5]",-0.0406773138368468,"(138.68, 1121.69]",0.041654227303983424,"(250.0, 1150.0]",0.34084726192349113,"(623.5, 702.5]",-0.563990054998142
4888,0,0,771.0634772,1100,552,"(-inf, 1.5]",-0.5795501057798665,"(138.68, 1121.69]",0.041654227303983424,"(250.0, 1150.0]",0.34084726192349113,"(450.5, 623.5]",0.04047982904804176
258,1,5,225.5129699,1000,414,"(1.5, 15.5]",-0.0406773138368468,"(138.68, 1121.69]",0.041654227303983424,"(250.0, 1150.0]",0.34084726192349113,"(191.5, 450.5]",0.4745183096002622
1410,1,59,520.1042094,900,360,"(30.5, 60.5]",2.1720634895446294,"(138.68, 1121.69]",0.041654227303983424,"(250.0, 1150.0]",0.34084726192349113,"(191.5, 450.5]",0.4745183096002622
2692,1,29,184.5055003,700,130,"(15.5, 30.5]",0.6686743240412198,"(138.68, 1121.69]",0.041654227303983424,"(250.0, 1150.0]",0.34084726192349113,"(-inf, 191.5]",1.1741703917563333
2861,0,0,1345.815,1600,659,"(-inf, 1.5]",-0.5795501057798665,"(1121.69, inf]",-1.0359899775063022,"(1350.0, 1750.0]",-0.5494831152766727,"(623.5, 702.5]",-0.563990054998142
3653,0,1,458.1342479,1900,949,"(-inf, 1.5]",-0.5795501057798665,"(138.68, 1121.69]",0.041654227303983424,"(1750.0, inf]",-1.264675762282789,"(702.5, inf]",-1.7446851744547323
1519,1,51,136.5112187,1200,933,"(30.5, 60.5]",2.1720634895446294,"(-inf, 138.68]",0.3508536149625971,"(1150.0, 1350.0]",-0.2281076149142269,"(702.5, inf]",-1.7446851744547323
277,0,4,515.3313797,600,456,"(1.5, 15.5]",-0.0406773138368468,"(138.68, 1121.69]",0.041654227303983424,"(250.0, 1150.0]",0.34084726192349113,"(450.5, 623.5]",0.04047982904804176
4259,0,7,280.5412725,1300,639,"(1.5, 15.5]",-0.0406773138368468,"(138.68, 1121.69]",0.041654227303983424,"(1150.0, 1350.0]",-0.2281076149142269,"(623.5, 702.5]",-0.563990054998142
1776,0,2,187.6837043,1900,830,"(1.5, 15.5]",-0.0406773138368468,"(138.68, 1121.69]",0.041654227303983424,"(1750.0, inf]",-1.264675762282789,"(702.5, inf]",-1.7446851744547323
1814,1,0,183.8432531,1900,645,"(-inf, 1.5]",-0.5795501057798665,"(138.68, 1121.69]",0.041654227303983424,"(1750.0, inf]",-1.264675762282789,"(623.5, 702.5]",-0.563990054998142
4086,0,1,746.7332173,800,182,"(-inf, 1.5]",-0.5795501057798665,"(138.68, 1121.69]",0.041654227303983424,"(250.0, 1150.0]",0.34084726192349113,"(-inf, 191.5]",1.1741703917563333
880,1,66,2037.818679,2500,962,"(60.5, inf]",4.147649406746059,"(1121.69, inf]",-1.0359899775063022,"(1750.0, inf]",-1.264675762282789,"(702.5, inf]",-1.7446851744547323
1963,1,0,198.9135099,200,182,"(-inf, 1.5]",-0.5795501057798665,"(138.68, 1121.69]",0.041654227303983424,"(-inf, 250.0]",0.6610277277346917,"(-inf, 191.5]",1.1741703917563333
2632,1,6,734.218801,900,229,"(1.5, 15.5]",-0.0406773138368468,"(138.68, 1121.69]",0.041654227303983424,"(250.0, 1150.0]",0.34084726192349113,"(191.5, 450.5]",0.4745183096002622
2116,1,0,8.642095164,700,375,"(-inf, 1.5]",-0.5795501057798665,"(-inf, 138.68]",0.3508536149625971,"(250.0, 1150.0]",0.34084726192349113,"(191.5, 450.5]",0.4745183096002622
362,0,0,884.0095713,900,727,"(-inf, 1.5]",-0.5795501057798665,"(138.68, 1121.69]",0.041654227303983424,"(250.0, 1150.0]",0.34084726192349113,"(702.5, inf]",-1.7446851744547323
2940,0,0,511.9807866,2400,992,"(-inf, 1.5]",-0.5795501057798665,"(138.68, 1121.69]",0.041654227303983424,"(1750.0, inf]",-1.264675762282789,"(702.5, inf]",-1.7446851744547323
1684,0,0,740.3024285,1900,815,"(-inf, 1.5]",-0.5795501057798665,"(138.68, 1121.69]",0.041654227303983424,"(1750.0, inf]",-1.264675762282789,"(702.5, inf]",-1.7446851744547323
2904,1,2,320.2812684,1300,598,"(1.5, 15.5]",-0.0406773138368468,"(138.68, 1121.69]",0.041654227303983424,"(1150.0, 1350.0]",-0.2281076149142269,"(450.5, 623.5]",0.04047982904804176
4704,0,0,269.892803,700,407,"(-inf, 1.5]",-0.5795501057798665,"(138.68, 1121.69]",0.041654227303983424,"(250.0, 1150.0]",0.34084726192349113,"(191.5, 450.5]",0.4745183096002622
511,0,7,62.28219367,1000,671,"(1.5, 15.5]",-0.0406773138368468,"(-inf, 138.68]",0.3508536149625971,"(250.0, 1150.0]",0.34084726192349113,"(623.5, 702.5]",-0.563990054998142
3747,1,2,451.5349019,600,228,"(1.5, 15.5]",-0.0406773138368468,"(138.68, 1121.69]",0.041654227303983424,"(250.0, 1150.0]",0.34084726192349113,"(191.5, 450.5]",0.4745183096002622
3275,1,79,50.87362908,200,12,"(60.5, inf]",4.147649406746059,"(-inf, 138.68]",0.3508536149625971,"(-inf, 250.0]",0.6610277277346917,"(-inf, 191.5]",1.1741703917563333
4644,0,1,866.7676984,1400,731,"(-inf, 1.5]",-0.5795501057798665,"(138.68, 1121.69]",0.041654227303983424,"(1350.0, 1750.0]",-0.5494831152766727,"(702.5, inf]",-1.7446851744547323
3247,1,0,440.8810116,700,482,"(-inf, 1.5]",-0.5795501057798665,"(138.68, 1121.69]",0.041654227303983424,"(250.0, 1150.0]",0.34084726192349113,"(450.5, 623.5]",0.04047982904804176
4119,0,0,140.8165793,600,483,"(-inf, 1.5]",-0.5795501057798665,"(138.68, 1121.69]",0.041654227303983424,"(250.0, 1150.0]",0.34084726192349113,"(450.5, 623.5]",0.04047982904804176
1859,0,5,67.8296155,500,497,"(1.5, 15.5]",-0.0406773138368468,"(-inf, 138.68]",0.3508536149625971,"(250.0, 1150.0]",0.34084726192349113,"(450.5, 623.5]",0.04047982904804176
4473,1,7,1047.069834,1100,239,"(1.5, 15.5]",-0.0406773138368468,"(138.68, 1121.69]",0.041654227303983424,"(250.0, 1150.0]",0.34084726192349113,"(191.5, 450.5]",0.4745183096002622
2587,0,0,605.3611505,700,129,"(-inf, 1.5]",-0.5795501057798665,"(138.68, 1121.69]",0.041654227303983424,"(250.0, 1150.0]",0.34084726192349113,"(-inf, 191.5]",1.1741703917563333
2785,0,5,1089.966935,1900,673,"(1.5, 15.5]",-0.0406773138368468,"(138.68, 1121.69]",0.041654227303983424,"(1750.0, inf]",-1.264675762282789,"(623.5, 702.5]",-0.563990054998142
4332,0,1,120.7180097,300,466,"(-inf, 1.5]",-0.5795501057798665,"(-inf, 138.68]",0.3508536149625971,"(250.0, 1150.0]",0.34084726192349113,"(450.5, 623.5]",0.04047982904804176
3859,0,1,212.2535539,1200,231,"(-inf, 1.5]",-0.5795501057798665,"(138.68, 1121.69]",0.041654227303983424,"(1150.0, 1350.0]",-0.2281076149142269,"(191.5, 450.5]",0.4745183096002622
4687,0,0,119.1099875,1700,971,"(-inf, 1.5]",-0.5795501057798665,"(-inf, 138.68]",0.3508536149625971,"(1350.0, 1750.0]",-0.5494831152766727,"(702.5, inf]",-1.7446851744547323
3542,0,3,2252.985347,2300,813,"(1.5, 15.5]",-0.0406773138368468,"(1121.69, inf]",-1.0359899775063022,"(1750.0, inf]",-1.264675762282789,"(702.5, inf]",-1.7446851744547323
1339,1,0,691.8284707,1100,147,"(-inf, 1.5]",-0.5795501057798665,"(138.68, 1121.69]",0.041654227303983424,"(250.0, 1150.0]",0.34084726192349113,"(-inf, 191.5]",1.1741703917563333
4145,1,0,970.3144431,1000,292,"(-inf, 1.5]",-0.5795501057798665,"(138.68, 1121.69]",0.041654227303983424,"(250.0, 1150.0]",0.34084726192349113,"(191.5, 450.5]",0.4745183096002622
4819,0,0,188.0950113,400,443,"(-inf, 1.5]",-0.5795501057798665,"(138.68, 1121.69]",0.041654227303983424,"(250.0, 1150.0]",0.34084726192349113,"(191.5, 450.5]",0.4745183096002622
4860,0,24,571.9710337,1400,707,"(15.5, 30.5]",0.6686743240412198,"(138.68, 1121.69]",0.041654227303983424,"(1350.0, 1750.0]",-0.5494831152766727,"(702.5, inf]",-1.7446851744547323
369,1,38,868.758592,2400,751,"(30.5, 60.5]",2.1720634895446294,"(138.68, 1121.69]",0.041654227303983424,"(1750.0, inf]",-1.264675762282789,"(702.5, inf]",-1.7446851744547323
3730,0,0,767.0642531,900,684,"(-inf, 1.5]",-0.5795501057798665,"(138.68, 1121.69]",0.041654227303983424,"(250.0, 1150.0]",0.34084726192349113,"(623.5, 702.5]",-0.563990054998142
4629,0,1,0.086001332,900,563,"(-inf, 1.5]",-0.5795501057798665,"(-inf, 138.68]",0.3508536149625971,"(250.0, 1150.0]",0.34084726192349113,"(450.5, 623.5]",0.04047982904804176
4598,0,6,168.6745246,700,251,"(1.5, 15.5]",-0.0406773138368468,"(138.68, 1121.69]",0.041654227303983424,"(250.0, 1150.0]",0.34084726192349113,"(191.5, 450.5]",0.4745183096002622
1499,0,23,127.486919,500,377,"(15.5, 30.5]",0.6686743240412198,"(-inf, 138.68]",0.3508536149625971,"(250.0, 1150.0]",0.34084726192349113,"(191.5, 450.5]",0.4745183096002622
693,1,0,999.0311633,1000,597,"(-inf, 1.5]",-0.5795501057798665,"(138.68, 1121.69]",0.041654227303983424,"(250.0, 1150.0]",0.34084726192349113,"(450.5, 623.5]",0.04047982904804176
2214,1,5,118.2908458,300,125,"(1.5, 15.5]",-0.0406773138368468,"(-inf, 138.68]",0.3508536149625971,"(250.0, 1150.0]",0.34084726192349113,"(-inf, 191.5]",1.1741703917563333
666,0,0,74.57918672,600,598,"(-inf, 1.5]",-0.5795501057798665,"(-inf, 138.68]",0.3508536149625971,"(250.0, 1150.0]",0.34084726192349113,"(450.5, 623.5]",0.04047982904804176
2629,1,3,897.657583,1600,875,"(1.5, 15.5]",-0.0406773138368468,"(138.68, 1121.69]",0.041654227303983424,"(1350.0, 1750.0]",-0.5494831152766727,"(702.5, inf]",-1.7446851744547323
3099,0,0,643.2752147,700,792,"(-inf, 1.5]",-0.5795501057798665,"(138.68, 1121.69]",0.041654227303983424,"(250.0, 1150.0]",0.34084726192349113,"(702.5, inf]",-1.7446851744547323
4562,1,6,198.3821701,200,35,"(1.5, 15.5]",-0.0406773138368468,"(138.68, 1121.69]",0.041654227303983424,"(-inf, 250.0]",0.6610277277346917,"(-inf, 191.5]",1.1741703917563333
3192,0,2,752.8279511,1200,662,"(1.5, 15.5]",-0.0406773138368468,"(138.68, 1121.69]",0.041654227303983424,"(1150.0, 1350.0]",-0.2281076149142269,"(623.5, 702.5]",-0.563990054998142
4605,0,0,655.1119078,1000,859,"(-inf, 1.5]",-0.5795501057798665,"(138.68, 1121.69]",0.041654227303983424,"(250.0, 1150.0]",0.34084726192349113,"(702.5, inf]",-1.7446851744547323
3466,0,0,697.0150703,1400,711,"(-inf, 1.5]",-0.5795501057798665,"(138.68, 1121.69]",0.041654227303983424,"(1350.0, 1750.0]",-0.5494831152766727,"(702.5, inf]",-1.7446851744547323
2636,1,3,329.5058694,1000,426,"(1.5, 15.5]",-0.0406773138368468,"(138.68, 1121.69]",0.041654227303983424,"(250.0, 1150.0]",0.34084726192349113,"(191.5, 450.5]",0.4745183096002622
1542,0,0,1740.270054,2200,980,"(-inf, 1.5]",-0.5795501057798665,"(1121.69, inf]",-1.0359899775063022,"(1750.0, inf]",-1.264675762282789,"(702.5, inf]",-1.7446851744547323
2741,0,6,170.0306282,1200,503,"(1.5, 15.5]",-0.0406773138368468,"(138.68, 1121.69]",0.041654227303983424,"(1150.0, 1350.0]",-0.2281076149142269,"(450.5, 623.5]",0.04047982904804176
121,0,1,567.7276017,700,451,"(-inf, 1.5]",-0.5795501057798665,"(138.68, 1121.69]",0.041654227303983424,"(250.0, 1150.0]",0.34084726192349113,"(450.5, 623.5]",0.04047982904804176
1916,0,12,295.3191556,400,135,"(1.5, 15.5]",-0.0406773138368468,"(138.68, 1121.69]",0.041654227303983424,"(250.0, 1150.0]",0.34084726192349113,"(-inf, 191.5]",1.1741703917563333
1575,0,3,95.79929875,800,151,"(1.5, 15.5]",-0.0406773138368468,"(-inf, 138.68]",0.3508536149625971,"(250.0, 1150.0]",0.34084726192349113,"(-inf, 191.5]",1.1741703917563333
2532,1,0,121.0667296,600,55,"(-inf, 1.5]",-0.5795501057798665,"(-inf, 138.68]",0.3508536149625971,"(250.0, 1150.0]",0.34084726192349113,"(-inf, 191.5]",1.1741703917563333
1299,1,58,384.6154353,800,79,"(30.5, 60.5]",2.1720634895446294,"(138.68, 1121.69]",0.041654227303983424,"(250.0, 1150.0]",0.34084726192349113,"(-inf, 191.5]",1.1741703917563333
4193,1,5,191.067093,700,236,"(1.5, 15.5]",-0.0406773138368468,"(138.68, 1121.69]",0.041654227303983424,"(250.0, 1150.0]",0.34084726192349113,"(191.5, 450.5]",0.4745183096002622
1216,1,16,370.1008899,1000,244,"(15.5, 30.5]",0.6686743240412198,"(138.68, 1121.69]",0.041654227303983424,"(250.0, 1150.0]",0.34084726192349113,"(191.5, 450.5]",0.4745183096002622
3699,0,1,1191.330272,1600,953,"(-inf, 1.5]",-0.5795501057798665,"(1121.69, inf]",-1.0359899775063022,"(1350.0, 1750.0]",-0.5494831152766727,"(702.5, inf]",-1.7446851744547323
61,0,8,521.2119678,1500,713,"(1.5, 15.5]",-0.0406773138368468,"(138.68, 1121.69]",0.041654227303983424,"(1350.0, 1750.0]",-0.5494831152766727,"(702.5, inf]",-1.7446851744547323
4754,1,6,792.5604732,1000,129,"(1.5, 15.5]",-0.0406773138368468,"(138.68, 1121.69]",0.041654227303983424,"(250.0, 1150.0]",0.34084726192349113,"(-inf, 191.5]",1.1741703917563333
4762,0,0,1139.521433,1900,795,"(-inf, 1.5]",-0.5795501057798665,"(1121.69, inf]",-1.0359899775063022,"(1750.0, inf]",-1.264675762282789,"(702.5, inf]",-1.7446851744547323
4945,0,12,355.3886262,900,388,"(1.5, 15.5]",-0.0406773138368468,"(138.68, 1121.69]",0.041654227303983424,"(250.0, 1150.0]",0.34084726192349113,"(191.5, 450.5]",0.4745183096002622
1825,0,5,228.8959497,400,22,"(1.5, 15.5]",-0.0406773138368468,"(138.68, 1121.69]",0.041654227303983424,"(250.0, 1150.0]",0.34084726192349113,"(-inf, 191.5]",1.1741703917563333
2313,1,39,720.2529629,1100,540,"(30.5, 60.5]",2.1720634895446294,"(138.68, 1121.69]",0.041654227303983424,"(250.0, 1150.0]",0.34084726192349113,"(450.5, 623.5]",0.04047982904804176
3425,1,0,359.0838768,1900,793,"(-inf, 1.5]",-0.5795501057798665,"(138.68, 1121.69]",0.041654227303983424,"(1750.0, inf]",-1.264675762282789,"(702.5, inf]",-1.7446851744547323
2609,0,1,1783.275832,1900,952,"(-inf, 1.5]",-0.5795501057798665,"(1121.69, inf]",-1.0359899775063022,"(1750.0, inf]",-1.264675762282789,"(702.5, inf]",-1.7446851744547323
2701,0,5,189.6548975,200,52,"(1.5, 15.5]",-0.0406773138368468,"(138.68, 1121.69]",0.041654227303983424,"(-inf, 250.0]",0.6610277277346917,"(-inf, 191.5]",1.1741703917563333
4167,0,0,1017.603844,2000,735,"(-inf, 1.5]",-0.5795501057798665,"(138.68, 1121.69]",0.041654227303983424,"(1750.0, inf]",-1.264675762282789,"(702.5, inf]",-1.7446851744547323
3521,0,2,1067.583521,1100,583,"(1.5, 15.5]",-0.0406773138368468,"(138.68, 1121.69]",0.041654227303983424,"(250.0, 1150.0]",0.34084726192349113,"(450.5, 623.5]",0.04047982904804176
747,1,1,65.59928821,200,144,"(-inf, 1.5]",-0.5795501057798665,"(-inf, 138.68]",0.3508536149625971,"(-inf, 250.0]",0.6610277277346917,"(-inf, 191.5]",1.1741703917563333
4260,1,1,715.828362,900,178,"(-inf, 1.5]",-0.5795501057798665,"(138.68, 1121.69]",0.041654227303983424,"(250.0, 1150.0]",0.34084726192349113,"(-inf, 191.5]",1.1741703917563333
1152,1,29,122.4823068,200,54,"(15.5, 30.5]",0.6686743240412198,"(-inf, 138.68]",0.3508536149625971,"(-inf, 250.0]",0.6610277277346917,"(-inf, 191.5]",1.1741703917563333
3433,0,0,450.6879438,500,439,"(-inf, 1.5]",-0.5795501057798665,"(138.68, 1121.69]",0.041654227303983424,"(250.0, 1150.0]",0.34084726192349113,"(191.5, 450.5]",0.4745183096002622
1452,0,1,464.2516799,1300,727,"(-inf, 1.5]",-0.5795501057798665,"(138.68, 1121.69]",0.041654227303983424,"(1150.0, 1350.0]",-0.2281076149142269,"(702.5, inf]",-1.7446851744547323
77,0,7,323.3844977,1400,940,"(1.5, 15.5]",-0.0406773138368468,"(138.68, 1121.69]",0.041654227303983424,"(1350.0, 1750.0]",-0.5494831152766727,"(702.5, inf]",-1.7446851744547323
2023,1,0,548.1591922,600,354,"(-inf, 1.5]",-0.5795501057798665,"(138.68, 1121.69]",0.041654227303983424,"(250.0, 1150.0]",0.34084726192349113,"(191.5, 450.5]",0.4745183096002622
3065,1,16,388.4939186,1500,593,"(15.5, 30.5]",0.6686743240412198,"(138.68, 1121.69]",0.041654227303983424,"(1350.0, 1750.0]",-0.5494831152766727,"(450.5, 623.5]",0.04047982904804176
1856,0,1,2175.683631,2400,829,"(-inf, 1.5]",-0.5795501057798665,"(1121.69, inf]",-1.0359899775063022,"(1750.0, inf]",-1.264675762282789,"(702.5, inf]",-1.7446851744547323
785,0,0,132.7588144,1200,595,"(-inf, 1.5]",-0.5795501057798665,"(-inf, 138.68]",0.3508536149625971,"(1150.0, 1350.0]",-0.2281076149142269,"(450.5, 623.5]",0.04047982904804176
3567,1,6,1375.912734,1500,411,"(1.5, 15.5]",-0.0406773138368468,"(1121.69, inf]",-1.0359899775063022,"(1350.0, 1750.0]",-0.5494831152766727,"(191.5, 450.5]",0.4745183096002622
1059,0,11,1423.026037,1500,577,"(1.5, 15.5]",-0.0406773138368468,"(1121.69, inf]",-1.0359899775063022,"(1350.0, 1750.0]",-0.5494831152766727,"(450.5, 623.5]",0.04047982904804176
1255,0,15,139.8718452,1500,616,"(1.5, 15.5]",-0.0406773138368468,"(138.68, 1121.69]",0.041654227303983424,"(1350.0, 1750.0]",-0.5494831152766727,"(450.5, 623.5]",0.04047982904804176
3079,0,1,150.8177416,1300,568,"(-inf, 1.5]",-0.5795501057798665,"(138.68, 1121.69]",0.041654227303983424,"(1150.0, 1350.0]",-0.2281076149142269,"(450.5, 623.5]",0.04047982904804176
1186,1,43,129.5689872,200,199,"(30.5, 60.5]",2.1720634895446294,"(-inf, 138.68]",0.3508536149625971,"(-inf, 250.0]",0.6610277277346917,"(191.5, 450.5]",0.4745183096002622
1309,1,0,895.3771577,1100,78,"(-inf, 1.5]",-0.5795501057798665,"(138.68, 1121.69]",0.041654227303983424,"(250.0, 1150.0]",0.34084726192349113,"(-inf, 191.5]",1.1741703917563333
2754,1,19,867.9406084,1000,150,"(15.5, 30.5]",0.6686743240412198,"(138.68, 1121.69]",0.041654227303983424,"(250.0, 1150.0]",0.34084726192349113,"(-inf, 191.5]",1.1741703917563333
4764,1,24,165.8192198,200,159,"(15.5, 30.5]",0.6686743240412198,"(138.68, 1121.69]",0.041654227303983424,"(-inf, 250.0]",0.6610277277346917,"(-inf, 191.5]",1.1741703917563333
3320,0,0,1350.857484,1600,834,"(-inf, 1.5]",-0.5795501057798665,"(1121.69, inf]",-1.0359899775063022,"(1350.0, 1750.0]",-0.5494831152766727,"(702.5, inf]",-1.7446851744547323
1052,0,44,229.0325184,1000,500,"(30.5, 60.5]",2.1720634895446294,"(138.68, 1121.69]",0.041654227303983424,"(250.0, 1150.0]",0.34084726192349113,"(450.5, 623.5]",0.04047982904804176
3268,0,0,1051.864074,1600,688,"(-inf, 1.5]",-0.5795501057798665,"(138.68, 1121.69]",0.041654227303983424,"(1350.0, 1750.0]",-0.5494831152766727,"(623.5, 702.5]",-0.563990054998142
1660,0,2,1575.794248,1900,817,"(1.5, 15.5]",-0.0406773138368468,"(1121.69, inf]",-1.0359899775063022,"(1750.0, inf]",-1.264675762282789,"(702.5, inf]",-1.7446851744547323
4797,1,67,620.5461755,1800,826,"(60.5, inf]",4.147649406746059,"(138.68, 1121.69]",0.041654227303983424,"(1750.0, inf]",-1.264675762282789,"(702.5, inf]",-1.7446851744547323
1921,0,3,378.0939109,500,458,"(1.5, 15.5]",-0.0406773138368468,"(138.68, 1121.69]",0.041654227303983424,"(250.0, 1150.0]",0.34084726192349113,"(450.5, 623.5]",0.04047982904804176
3176,1,0,252.5535918,1000,260,"(-inf, 1.5]",-0.5795501057798665,"(138.68, 1121.69]",0.041654227303983424,"(250.0, 1150.0]",0.34084726192349113,"(191.5, 450.5]",0.4745183096002622
4990,0,1,1637.33915,1800,821,"(-inf, 1.5]",-0.5795501057798665,"(1121.69, inf]",-1.0359899775063022,"(1750.0, inf]",-1.264675762282789,"(702.5, inf]",-1.7446851744547323
4765,0,0,10.17894848,1100,512,"(-inf, 1.5]",-0.5795501057798665,"(-inf, 138.68]",0.3508536149625971,"(250.0, 1150.0]",0.34084726192349113,"(450.5, 623.5]",0.04047982904804176
470,0,1,1708.415139,2300,844,"(-inf, 1.5]",-0.5795501057798665,"(1121.69, inf]",-1.0359899775063022,"(1750.0, inf]",-1.264675762282789,"(702.5, inf]",-1.7446851744547323
4951,1,58,987.5266361,1200,269,"(30.5, 60.5]",2.1720634895446294,"(138.68, 1121.69]",0.041654227303983424,"(1150.0, 1350.0]",-0.2281076149142269,"(191.5, 450.5]",0.4745183096002622
1160,0,1,1865.670459,2200,656,"(-inf, 1.5]",-0.5795501057798665,"(1121.69, inf]",-1.0359899775063022,"(1750.0, inf]",-1.264675762282789,"(623.5, 702.5]",-0.563990054998142
2957,0,1,1247.253004,1300,727,"(-inf, 1.5]",-0.5795501057798665,"(1121.69, inf]",-1.0359899775063022,"(1150.0, 1350.0]",-0.2281076149142269,"(702.5, inf]",-1.7446851744547323
685,0,4,1345.860513,1800,995,"(1.5, 15.5]",-0.0406773138368468,"(1121.69, inf]",-1.0359899775063022,"(1750.0, inf]",-1.264675762282789,"(702.5, inf]",-1.7446851744547323
1629,0,0,234.8734873,400,430,"(-inf, 1.5]",-0.5795501057798665,"(138.68, 1121.69]",0.041654227303983424,"(250.0, 1150.0]",0.34084726192349113,"(191.5, 450.5]",0.4745183096002622
4106,1,6,477.5907192,800,444,"(1.5, 15.5]",-0.0406773138368468,"(138.68, 1121.69]",0.041654227303983424,"(250.0, 1150.0]",0.34084726192349113,"(191.5, 450.5]",0.4745183096002622
3432,1,0,566.0502715,700,585,"(-inf, 1.5]",-0.5795501057798665,"(138.68, 1121.69]",0.041654227303983424,"(250.0, 1150.0]",0.34084726192349113,"(450.5, 623.5]",0.04047982904804176
3076,0,0,380.184878,1600,834,"(-inf, 1.5]",-0.5795501057798665,"(138.68, 1121.69]",0.041654227303983424,"(1350.0, 1750.0]",-0.5494831152766727,"(702.5, inf]",-1.7446851744547323
663,0,1,1327.981024,1400,785,"(-inf, 1.5]",-0.5795501057798665,"(1121.69, inf]",-1.0359899775063022,"(1350.0, 1750.0]",-0.5494831152766727,"(702.5, inf]",-1.7446851744547323
709,0,0,118.0034474,400,114,"(-inf, 1.5]",-0.5795501057798665,"(-inf, 138.68]",0.3508536149625971,"(250.0, 1150.0]",0.34084726192349113,"(-inf, 191.5]",1.1741703917563333
1317,0,0,645.9817405,2700,899,"(-inf, 1.5]",-0.5795501057798665,"(138.68, 1121.69]",0.041654227303983424,"(1750.0, inf]",-1.264675762282789,"(702.5, inf]",-1.7446851744547323
513,0,1,64.1762771,500,480,"(-inf, 1.5]",-0.5795501057798665,"(-inf, 138.68]",0.3508536149625971,"(250.0, 1150.0]",0.34084726192349113,"(450.5, 623.5]",0.04047982904804176
1667,1,5,5.043940545,200,29,"(1.5, 15.5]",-0.0406773138368468,"(-inf, 138.68]",0.3508536149625971,"(-inf, 250.0]",0.6610277277346917,"(-inf, 191.5]",1.1741703917563333
4634,1,1,1449.851989,1500,104,"(-inf, 1.5]",-0.5795501057798665,"(1121.69, inf]",-1.0359899775063022,"(1350.0, 1750.0]",-0.5494831152766727,"(-inf, 191.5]",1.1741703917563333
2939,0,2,239.6524836,500,245,"(1.5, 15.5]",-0.0406773138368468,"(138.68, 1121.69]",0.041654227303983424,"(250.0, 1150.0]",0.34084726192349113,"(191.5, 450.5]",0.4745183096002622
1539,0,0,950.9727562,1400,635,"(-inf, 1.5]",-0.5795501057798665,"(138.68, 1121.69]",0.041654227303983424,"(1350.0, 1750.0]",-0.5494831152766727,"(623.5, 702.5]",-0.563990054998142
3776,0,11,431.0500098,600,79,"(1.5, 15.5]",-0.0406773138368468,"(138.68, 1121.69]",0.041654227303983424,"(250.0, 1150.0]",0.34084726192349113,"(-inf, 191.5]",1.1741703917563333
3490,1,8,344.9148987,800,270,"(1.5, 15.5]",-0.0406773138368468,"(138.68, 1121.69]",0.041654227303983424,"(250.0, 1150.0]",0.34084726192349113,"(191.5, 450.5]",0.4745183096002622
2717,1,3,198.4792094,400,351,"(1.5, 15.5]",-0.0406773138368468,"(138.68, 1121.69]",0.041654227303983424,"(250.0, 1150.0]",0.34084726192349113,"(191.5, 450.5]",0.4745183096002622
52,0,18,92.50398946,900,498,"(15.5, 30.5]",0.6686743240412198,"(-inf, 138.68]",0.3508536149625971,"(250.0, 1150.0]",0.34084726192349113,"(450.5, 623.5]",0.04047982904804176
4278,0,3,1936.912268,2100,848,"(1.5, 15.5]",-0.0406773138368468,"(1121.69, inf]",-1.0359899775063022,"(1750.0, inf]",-1.264675762282789,"(702.5, inf]",-1.7446851744547323
2955,0,0,873.9089215,1600,739,"(-inf, 1.5]",-0.5795501057798665,"(138.68, 1121.69]",0.041654227303983424,"(1350.0, 1750.0]",-0.5494831152766727,"(702.5, inf]",-1.7446851744547323
905,1,0,773.7312576,1100,520,"(-inf, 1.5]",-0.5795501057798665,"(138.68, 1121.69]",0.041654227303983424,"(250.0, 1150.0]",0.34084726192349113,"(450.5, 623.5]",0.04047982904804176
1129,0,11,236.4586673,400,312,"(1.5, 15.5]",-0.0406773138368468,"(138.68, 1121.69]",0.041654227303983424,"(250.0, 1150.0]",0.34084726192349113,"(191.5, 450.5]",0.4745183096002622
759,0,0,610.7047914,1100,683,"(-inf, 1.5]",-0.5795501057798665,"(138.68, 1121.69]",0.041654227303983424,"(250.0, 1150.0]",0.34084726192349113,"(623.5, 702.5]",-0.563990054998142
4013,0,9,905.5743523,1600,504,"(1.5, 15.5]",-0.0406773138368468,"(138.68, 1121.69]",0.041654227303983424,"(1350.0, 1750.0]",-0.5494831152766727,"(450.5, 623.5]",0.04047982904804176
1745,1,30,274.1831646,1200,174,"(15.5, 30.5]",0.6686743240412198,"(138.68, 1121.69]",0.041654227303983424,"(1150.0, 1350.0]",-0.2281076149142269,"(-inf, 191.5]",1.1741703917563333
1741,0,2,843.9009806,1800,803,"(1.5, 15.5]",-0.0406773138368468,"(138.68, 1121.69]",0.041654227303983424,"(1750.0, inf]",-1.264675762282789,"(702.5, inf]",-1.7446851744547323
2558,0,12,105.6876539,400,607,"(1.5, 15.5]",-0.0406773138368468,"(-inf, 138.68]",0.3508536149625971,"(250.0, 1150.0]",0.34084726192349113,"(450.5, 623.5]",0.04047982904804176
3464,1,18,641.1883873,1400,642,"(15.5, 30.5]",0.6686743240412198,"(138.68, 1121.69]",0.041654227303983424,"(1350.0, 1750.0]",-0.5494831152766727,"(623.5, 702.5]",-0.563990054998142
4160,0,1,491.3376773,700,489,"(-inf, 1.5]",-0.5795501057798665,"(138.68, 1121.69]",0.041654227303983424,"(250.0, 1150.0]",0.34084726192349113,"(450.5, 623.5]",0.04047982904804176
4975,0,0,594.779219,1200,851,"(-inf, 1.5]",-0.5795501057798665,"(138.68, 1121.69]",0.041654227303983424,"(1150.0, 1350.0]",-0.2281076149142269,"(702.5, inf]",-1.7446851744547323
3538,1,38,600.0706807,1500,958,"(30.5, 60.5]",2.1720634895446294,"(138.68, 1121.69]",0.041654227303983424,"(1350.0, 1750.0]",-0.5494831152766727,"(702.5, inf]",-1.7446851744547323
4477,0,0,1699.804879,2300,982,"(-inf, 1.5]",-0.5795501057798665,"(1121.69, inf]",-1.0359899775063022,"(1750.0, inf]",-1.264675762282789,"(702.5, inf]",-1.7446851744547323
4759,0,0,737.3933717,1200,557,"(-inf, 1.5]",-0.5795501057798665,"(138.68, 1121.69]",0.041654227303983424,"(1150.0, 1350.0]",-0.2281076149142269,"(450.5, 623.5]",0.04047982904804176
3985,0,0,109.5427053,200,370,"(-inf, 1.5]",-0.5795501057798665,"(-inf, 138.68]",0.3508536149625971,"(-inf, 250.0]",0.6610277277346917,"(191.5, 450.5]",0.4745183096002622
2745,0,0,177.9595705,300,152,"(-inf, 1.5]",-0.5795501057798665,"(138.68, 1121.69]",0.041654227303983424,"(250.0, 1150.0]",0.34084726192349113,"(-inf, 191.5]",1.1741703917563333
1461,0,8,85.00525543,400,473,"(1.5, 15.5]",-0.0406773138368468,"(-inf, 138.68]",0.3508536149625971,"(250.0, 1150.0]",0.34084726192349113,"(450.5, 623.5]",0.04047982904804176
4590,0,0,648.9988148,700,772,"(-inf, 1.5]",-0.5795501057798665,"(138.68, 1121.69]",0.041654227303983424,"(250.0, 1150.0]",0.34084726192349113,"(702.5, inf]",-1.7446851744547323
1475,0,1,829.8432082,1400,546,"(-inf, 1.5]",-0.5795501057798665,"(138.68, 1121.69]",0.041654227303983424,"(1350.0, 1750.0]",-0.5494831152766727,"(450.5, 623.5]",0.04047982904804176
1260,0,0,1888.688575,2600,834,"(-inf, 1.5]",-0.5795501057798665,"(1121.69, inf]",-1.0359899775063022,"(1750.0, inf]",-1.264675762282789,"(702.5, inf]",-1.7446851744547323
1484,1,1,1111.992321,2000,592,"(-inf, 1.5]",-0.5795501057798665,"(138.68, 1121.69]",0.041654227303983424,"(1750.0, inf]",-1.264675762282789,"(450.5, 623.5]",0.04047982904804176
3802,1,0,813.759529,1100,169,"(-inf, 1.5]",-0.5795501057798665,"(138.68, 1121.69]",0.041654227303983424,"(250.0, 1150.0]",0.34084726192349113,"(-inf, 191.5]",1.1741703917563333
1893,0,13,139.0422192,2300,712,"(1.5, 15.5]",-0.0406773138368468,"(138.68, 1121.69]",0.041654227303983424,"(1750.0, inf]",-1.264675762282789,"(702.5, inf]",-1.7446851744547323
1553,0,3,148.4389074,800,276,"(1.5, 15.5]",-0.0406773138368468,"(138.68, 1121.69]",0.041654227303983424,"(250.0, 1150.0]",0.34084726192349113,"(191.5, 450.5]",0.4745183096002622
3530,1,0,604.9243943,700,376,"(-inf, 1.5]",-0.5795501057798665,"(138.68, 1121.69]",0.041654227303983424,"(250.0, 1150.0]",0.34084726192349113,"(191.5, 450.5]",0.4745183096002622
37,0,0,548.7989107,1300,599,"(-inf, 1.5]",-0.5795501057798665,"(138.68, 1121.69]",0.041654227303983424,"(1150.0, 1350.0]",-0.2281076149142269,"(450.5, 623.5]",0.04047982904804176
3413,0,0,41.40615405,200,864,"(-inf, 1.5]",-0.5795501057798665,"(-inf, 138.68]",0.3508536149625971,"(-inf, 250.0]",0.6610277277346917,"(702.5, inf]",-1.7446851744547323
2473,0,1,894.4272872,1000,629,"(-inf, 1.5]",-0.5795501057798665,"(138.68, 1121.69]",0.041654227303983424,"(250.0, 1150.0]",0.34084726192349113,"(623.5, 702.5]",-0.563990054998142
3069,0,0,110.0356106,1400,834,"(-inf, 1.5]",-0.5795501057798665,"(-inf, 138.68]",0.3508536149625971,"(1350.0, 1750.0]",-0.5494831152766727,"(702.5, inf]",-1.7446851744547323
2487,1,0,609.2853128,800,224,"(-inf, 1.5]",-0.5795501057798665,"(138.68, 1121.69]",0.041654227303983424,"(250.0, 1150.0]",0.34084726192349113,"(191.5, 450.5]",0.4745183096002622
2323,0,4,933.3834042,1100,337,"(1.5, 15.5]",-0.0406773138368468,"(138.68, 1121.69]",0.041654227303983424,"(250.0, 1150.0]",0.34084726192349113,"(191.5, 450.5]",0.4745183096002622
3626,0,0,1461.260446,1600,777,"(-inf, 1.5]",-0.5795501057798665,"(1121.69, inf]",-1.0359899775063022,"(1350.0, 1750.0]",-0.5494831152766727,"(702.5, inf]",-1.7446851744547323
1354,0,0,217.9180167,700,213,"(-inf, 1.5]",-0.5795501057798665,"(138.68, 1121.69]",0.041654227303983424,"(250.0, 1150.0]",0.34084726192349113,"(191.5, 450.5]",0.4745183096002622
371,1,10,351.2395889,1000,500,"(1.5, 15.5]",-0.0406773138368468,"(138.68, 1121.69]",0.041654227303983424,"(250.0, 1150.0]",0.34084726192349113,"(450.5, 623.5]",0.04047982904804176
4176,1,0,29.09578835,1100,487,"(-inf, 1.5]",-0.5795501057798665,"(-inf, 138.68]",0.3508536149625971,"(250.0, 1150.0]",0.34084726192349113,"(450.5, 623.5]",0.04047982904804176
2879,1,0,68.56426899,1500,762,"(-inf, 1.5]",-0.5795501057798665,"(-inf, 138.68]",0.3508536149625971,"(1350.0, 1750.0]",-0.5494831152766727,"(702.5, inf]",-1.7446851744547323
4867,1,0,516.5632088,1100,471,"(-inf, 1.5]",-0.5795501057798665,"(138.68, 1121.69]",0.041654227303983424,"(250.0, 1150.0]",0.34084726192349113,"(450.5, 623.5]",0.04047982904804176
1768,0,0,1098.973337,1500,801,"(-inf, 1.5]",-0.5795501057798665,"(138.68, 1121.69]",0.041654227303983424,"(1350.0, 1750.0]",-0.5494831152766727,"(702.5, inf]",-1.7446851744547323
1520,0,5,403.1817547,1300,637,"(1.5, 15.5]",-0.0406773138368468,"(138.68, 1121.69]",0.041654227303983424,"(1150.0, 1350.0]",-0.2281076149142269,"(623.5, 702.5]",-0.563990054998142
4557,0,10,1270.219793,1900,629,"(1.5, 15.5]",-0.0406773138368468,"(1121.69, inf]",-1.0359899775063022,"(1750.0, inf]",-1.264675762282789,"(623.5, 702.5]",-0.563990054998142
1756,1,6,963.9412,1000,74,"(1.5, 15.5]",-0.0406773138368468,"(138.68, 1121.69]",0.041654227303983424,"(250.0, 1150.0]",0.34084726192349113,"(-inf, 191.5]",1.1741703917563333
3947,1,40,440.507947,600,365,"(30.5, 60.5]",2.1720634895446294,"(138.68, 1121.69]",0.041654227303983424,"(250.0, 1150.0]",0.34084726192349113,"(191.5, 450.5]",0.4745183096002622
1243,0,2,173.6082238,1400,804,"(1.5, 15.5]",-0.0406773138368468,"(138.68, 1121.69]",0.041654227303983424,"(1350.0, 1750.0]",-0.5494831152766727,"(702.5, inf]",-1.7446851744547323
4056,1,15,544.121975,1100,139,"(1.5, 15.5]",-0.0406773138368468,"(138.68, 1121.69]",0.041654227303983424,"(250.0, 1150.0]",0.34084726192349113,"(-inf, 191.5]",1.1741703917563333
3723,1,0,147.856106,200,169,"(-inf, 1.5]",-0.5795501057798665,"(138.68, 1121.69]",0.041654227303983424,"(-inf, 250.0]",0.6610277277346917,"(-inf, 191.5]",1.1741703917563333
396,0,1,1035.922662,1200,203,"(-inf, 1.5]",-0.5795501057798665,"(138.68, 1121.69]",0.041654227303983424,"(1150.0, 1350.0]",-0.2281076149142269,"(191.5, 450.5]",0.4745183096002622
4509,1,0,98.21925792,200,175,"(-inf, 1.5]",-0.5795501057798665,"(-inf, 138.68]",0.3508536149625971,"(-inf, 250.0]",0.6610277277346917,"(-inf, 191.5]",1.1741703917563333
2017,0,29,675.4679437,700,44,"(15.5, 30.5]",0.6686743240412198,"(138.68, 1121.69]",0.041654227303983424,"(250.0, 1150.0]",0.34084726192349113,"(-inf, 191.5]",1.1741703917563333
1431,0,0,416.2086817,600,239,"(-inf, 1.5]",-0.5795501057798665,"(138.68, 1121.69]",0.041654227303983424,"(250.0, 1150.0]",0.34084726192349113,"(191.5, 450.5]",0.4745183096002622
1920,0,0,701.7731673,800,297,"(-inf, 1.5]",-0.5795501057798665,"(138.68, 1121.69]",0.041654227303983424,"(250.0, 1150.0]",0.34084726192349113,"(191.5, 450.5]",0.4745183096002622
830,1,0,82.71127158,300,13,"(-inf, 1.5]",-0.5795501057798665,"(-inf, 138.68]",0.3508536149625971,"(250.0, 1150.0]",0.34084726192349113,"(-inf, 191.5]",1.1741703917563333
499,0,0,737.99703,1100,735,"(-inf, 1.5]",-0.5795501057798665,"(138.68, 1121.69]",0.041654227303983424,"(250.0, 1150.0]",0.34084726192349113,"(702.5, inf]",-1.7446851744547323
146,0,7,1646.838165,2000,782,"(1.5, 15.5]",-0.0406773138368468,"(1121.69, inf]",-1.0359899775063022,"(1750.0, inf]",-1.264675762282789,"(702.5, inf]",-1.7446851744547323
832,0,2,99.33585289,900,368,"(1.5, 15.5]",-0.0406773138368468,"(-inf, 138.68]",0.3508536149625971,"(250.0, 1150.0]",0.34084726192349113,"(191.5, 450.5]",0.4745183096002622
343,0,10,1426.016155,1800,898,"(1.5, 15.5]",-0.0406773138368468,"(1121.69, inf]",-1.0359899775063022,"(1750.0, inf]",-1.264675762282789,"(702.5, inf]",-1.7446851744547323
4087,0,1,414.9228756,800,479,"(-inf, 1.5]",-0.5795501057798665,"(138.68, 1121.69]",0.041654227303983424,"(250.0, 1150.0]",0.34084726192349113,"(450.5, 623.5]",0.04047982904804176
754,0,0,947.0372087,1900,875,"(-inf, 1.5]",-0.5795501057798665,"(138.68, 1121.69]",0.041654227303983424,"(1750.0, inf]",-1.264675762282789,"(702.5, inf]",-1.7446851744547323
4488,0,16,285.2484819,1500,803,"(15.5, 30.5]",0.6686743240412198,"(138.68, 1121.69]",0.041654227303983424,"(1350.0, 1750.0]",-0.5494831152766727,"(702.5, inf]",-1.7446851744547323
2580,1,46,459.3632601,700,25,"(30.5, 60.5]",2.1720634895446294,"(138.68, 1121.69]",0.041654227303983424,"(250.0, 1150.0]",0.34084726192349113,"(-inf, 191.5]",1.1741703917563333
4820,0,0,1144.283588,1900,719,"(-inf, 1.5]",-0.5795501057798665,"(1121.69, inf]",-1.0359899775063022,"(1750.0, inf]",-1.264675762282789,"(702.5, inf]",-1.7446851744547323
4419,0,4,1376.255578,1500,660,"(1.5, 15.5]",-0.0406773138368468,"(1121.69, inf]",-1.0359899775063022,"(1350.0, 1750.0]",-0.5494831152766727,"(623.5, 702.5]",-0.563990054998142
4604,1,44,593.0600618,700,270,"(30.5, 60.5]",2.1720634895446294,"(138.68, 1121.69]",0.041654227303983424,"(250.0, 1150.0]",0.34084726192349113,"(191.5, 450.5]",0.4745183096002622
2916,0,0,52.8864752,1200,953,"(-inf, 1.5]",-0.5795501057798665,"(-inf, 138.68]",0.3508536149625971,"(1150.0, 1350.0]",-0.2281076149142269,"(702.5, inf]",-1.7446851744547323
2812,0,6,108.2657012,200,27,"(1.5, 15.5]",-0.0406773138368468,"(-inf, 138.68]",0.3508536149625971,"(-inf, 250.0]",0.6610277277346917,"(-inf, 191.5]",1.1741703917563333
432,1,36,60.19255648,200,110,"(30.5, 60.5]",2.1720634895446294,"(-inf, 138.68]",0.3508536149625971,"(-inf, 250.0]",0.6610277277346917,"(-inf, 191.5]",1.1741703917563333
3245,1,38,59.89418487,200,285,"(30.5, 60.5]",2.1720634895446294,"(-inf, 138.68]",0.3508536149625971,"(-inf, 250.0]",0.6610277277346917,"(191.5, 450.5]",0.4745183096002622
1058,0,23,356.4972361,1000,559,"(15.5, 30.5]",0.6686743240412198,"(138.68, 1121.69]",0.041654227303983424,"(250.0, 1150.0]",0.34084726192349113,"(450.5, 623.5]",0.04047982904804176
2906,0,17,272.212317,800,552,"(15.5, 30.5]",0.6686743240412198,"(138.68, 1121.69]",0.041654227303983424,"(250.0, 1150.0]",0.34084726192349113,"(450.5, 623.5]",0.04047982904804176
940,1,4,154.626512,200,287,"(1.5, 15.5]",-0.0406773138368468,"(138.68, 1121.69]",0.041654227303983424,"(-inf, 250.0]",0.6610277277346917,"(191.5, 450.5]",0.4745183096002622
2542,0,1,440.7576692,1800,725,"(-inf, 1.5]",-0.5795501057798665,"(138.68, 1121.69]",0.041654227303983424,"(1750.0, inf]",-1.264675762282789,"(702.5, inf]",-1.7446851744547323
2682,1,42,372.9422122,1200,501,"(30.5, 60.5]",2.1720634895446294,"(138.68, 1121.69]",0.041654227303983424,"(1150.0, 1350.0]",-0.2281076149142269,"(450.5, 623.5]",0.04047982904804176
3314,1,2,495.21926,500,50,"(1.5, 15.5]",-0.0406773138368468,"(138.68, 1121.69]",0.041654227303983424,"(250.0, 1150.0]",0.34084726192349113,"(-inf, 191.5]",1.1741703917563333
2521,1,4,418.5672376,1400,632,"(1.5, 15.5]",-0.0406773138368468,"(138.68, 1121.69]",0.041654227303983424,"(1350.0, 1750.0]",-0.5494831152766727,"(623.5, 702.5]",-0.563990054998142
4281,1,12,819.014666,1000,446,"(1.5, 15.5]",-0.0406773138368468,"(138.68, 1121.69]",0.041654227303983424,"(250.0, 1150.0]",0.34084726192349113,"(191.5, 450.5]",0.4745183096002622
45,0,1,119.6421218,400,347,"(-inf, 1.5]",-0.5795501057798665,"(-inf, 138.68]",0.3508536149625971,"(250.0, 1150.0]",0.34084726192349113,"(191.5, 450.5]",0.4745183096002622
3543,0,4,1065.955336,1400,93,"(1.5, 15.5]",-0.0406773138368468,"(138.68, 1121.69]",0.041654227303983424,"(1350.0, 1750.0]",-0.5494831152766727,"(-inf, 191.5]",1.1741703917563333
323,1,24,297.0371497,1000,638,"(15.5, 30.5]",0.6686743240412198,"(138.68, 1121.69]",0.041654227303983424,"(250.0, 1150.0]",0.34084726192349113,"(623.5, 702.5]",-0.563990054998142
4515,0,3,558.1288961,700,861,"(1.5, 15.5]",-0.0406773138368468,"(138.68, 1121.69]",0.041654227303983424,"(250.0, 1150.0]",0.34084726192349113,"(702.5, inf]",-1.7446851744547323
3609,0,6,1112.88318,2100,933,"(1.5, 15.5]",-0.0406773138368468,"(138.68, 1121.69]",0.041654227303983424,"(1750.0, inf]",-1.264675762282789,"(702.5, inf]",-1.7446851744547323
701,0,9,49.49425396,700,584,"(1.5, 15.5]",-0.0406773138368468,"(-inf, 138.68]",0.3508536149625971,"(250.0, 1150.0]",0.34084726192349113,"(450.5, 623.5]",0.04047982904804176
1241,0,0,670.1693949,1200,623,"(-inf, 1.5]",-0.5795501057798665,"(138.68, 1121.69]",0.041654227303983424,"(1150.0, 1350.0]",-0.2281076149142269,"(450.5, 623.5]",0.04047982904804176
2822,0,0,108.8816701,1500,850,"(-inf, 1.5]",-0.5795501057798665,"(-inf, 138.68]",0.3508536149625971,"(1350.0, 1750.0]",-0.5494831152766727,"(702.5, inf]",-1.7446851744547323
2049,1,6,4.037399575,200,321,"(1.5, 15.5]",-0.0406773138368468,"(-inf, 138.68]",0.3508536149625971,"(-inf, 250.0]",0.6610277277346917,"(191.5, 450.5]",0.4745183096002622
2637,0,0,779.7687306,1300,692,"(-inf, 1.5]",-0.5795501057798665,"(138.68, 1121.69]",0.041654227303983424,"(1150.0, 1350.0]",-0.2281076149142269,"(623.5, 702.5]",-0.563990054998142
1550,0,2,31.85024631,300,41,"(1.5, 15.5]",-0.0406773138368468,"(-inf, 138.68]",0.3508536149625971,"(250.0, 1150.0]",0.34084726192349113,"(-inf, 191.5]",1.1741703917563333
3395,0,0,246.2526323,1700,970,"(-inf, 1.5]",-0.5795501057798665,"(138.68, 1121.69]",0.041654227303983424,"(1350.0, 1750.0]",-0.5494831152766727,"(702.5, inf]",-1.7446851744547323
2245,1,0,240.1410678,1000,616,"(-inf, 1.5]",-0.5795501057798665,"(138.68, 1121.69]",0.041654227303983424,"(250.0, 1150.0]",0.34084726192349113,"(450.5, 623.5]",0.04047982904804176
1083,1,2,424.1619458,600,36,"(1.5, 15.5]",-0.0406773138368468,"(138.68, 1121.69]",0.041654227303983424,"(250.0, 1150.0]",0.34084726192349113,"(-inf, 191.5]",1.1741703917563333
1014,1,0,273.7901073,1300,411,"(-inf, 1.5]",-0.5795501057798665,"(138.68, 1121.69]",0.041654227303983424,"(1150.0, 1350.0]",-0.2281076149142269,"(191.5, 450.5]",0.4745183096002622
2115,0,9,284.151415,1500,905,"(1.5, 15.5]",-0.0406773138368468,"(138.68, 1121.69]",0.041654227303983424,"(1350.0, 1750.0]",-0.5494831152766727,"(702.5, inf]",-1.7446851744547323
2263,0,7,235.1448364,2100,814,"(1.5, 15.5]",-0.0406773138368468,"(138.68, 1121.69]",0.041654227303983424,"(1750.0, inf]",-1.264675762282789,"(702.5, inf]",-1.7446851744547323
3554,1,1,61.41616054,800,12,"(-inf, 1.5]",-0.5795501057798665,"(-inf, 138.68]",0.3508536149625971,"(250.0, 1150.0]",0.34084726192349113,"(-inf, 191.5]",1.1741703917563333
2466,0,1,0.176762115,200,197,"(-inf, 1.5]",-0.5795501057798665,"(-inf, 138.68]",0.3508536149625971,"(-inf, 250.0]",0.6610277277346917,"(191.5, 450.5]",0.4745183096002622
3737,0,0,113.3572038,1300,650,"(-inf, 1.5]",-0.5795501057798665,"(-inf, 138.68]",0.3508536149625971,"(1150.0, 1350.0]",-0.2281076149142269,"(623.5, 702.5]",-0.563990054998142
324,0,14,297.7866165,1200,947,"(1.5, 15.5]",-0.0406773138368468,"(138.68, 1121.69]",0.041654227303983424,"(1150.0, 1350.0]",-0.2281076149142269,"(702.5, inf]",-1.7446851744547323
1517,1,19,264.9447393,900,169,"(15.5, 30.5]",0.6686743240412198,"(138.68, 1121.69]",0.041654227303983424,"(250.0, 1150.0]",0.34084726192349113,"(-inf, 191.5]",1.1741703917563333
1577,0,2,246.9083885,400,354,"(1.5, 15.5]",-0.0406773138368468,"(138.68, 1121.69]",0.041654227303983424,"(250.0, 1150.0]",0.34084726192349113,"(191.5, 450.5]",0.4745183096002622
2797,0,17,214.3058846,600,226,"(15.5, 30.5]",0.6686743240412198,"(138.68, 1121.69]",0.041654227303983424,"(250.0, 1150.0]",0.34084726192349113,"(191.5, 450.5]",0.4745183096002622
966,0,24,97.9955069,700,138,"(15.5, 30.5]",0.6686743240412198,"(-inf, 138.68]",0.3508536149625971,"(250.0, 1150.0]",0.34084726192349113,"(-inf, 191.5]",1.1741703917563333
4079,0,0,31.44250664,800,99,"(-inf, 1.5]",-0.5795501057798665,"(-inf, 138.68]",0.3508536149625971,"(250.0, 1150.0]",0.34084726192349113,"(-inf, 191.5]",1.1741703917563333
3584,0,10,15.70192695,200,149,"(1.5, 15.5]",-0.0406773138368468,"(-inf, 138.68]",0.3508536149625971,"(-inf, 250.0]",0.6610277277346917,"(-inf, 191.5]",1.1741703917563333
1708,0,5,435.8703098,900,598,"(1.5, 15.5]",-0.0406773138368468,"(138.68, 1121.69]",0.041654227303983424,"(250.0, 1150.0]",0.34084726192349113,"(450.5, 623.5]",0.04047982904804176
3687,0,6,146.6817832,1100,502,"(1.5, 15.5]",-0.0406773138368468,"(138.68, 1121.69]",0.041654227303983424,"(250.0, 1150.0]",0.34084726192349113,"(450.5, 623.5]",0.04047982904804176
867,0,1,777.6654501,800,378,"(-inf, 1.5]",-0.5795501057798665,"(138.68, 1121.69]",0.041654227303983424,"(250.0, 1150.0]",0.34084726192349113,"(191.5, 450.5]",0.4745183096002622
3520,0,20,803.322195,1000,205,"(15.5, 30.5]",0.6686743240412198,"(138.68, 1121.69]",0.041654227303983424,"(250.0, 1150.0]",0.34084726192349113,"(191.5, 450.5]",0.4745183096002622
1427,0,3,34.80212997,300,10,"(1.5, 15.5]",-0.0406773138368468,"(-inf, 138.68]",0.3508536149625971,"(250.0, 1150.0]",0.34084726192349113,"(-inf, 191.5]",1.1741703917563333
4497,1,28,516.0821827,1000,519,"(15.5, 30.5]",0.6686743240412198,"(138.68, 1121.69]",0.041654227303983424,"(250.0, 1150.0]",0.34084726192349113,"(450.5, 623.5]",0.04047982904804176
897,0,1,154.916266,1200,922,"(-inf, 1.5]",-0.5795501057798665,"(138.68, 1121.69]",0.041654227303983424,"(1150.0, 1350.0]",-0.2281076149142269,"(702.5, inf]",-1.7446851744547323
1054,1,51,1406.275255,2100,663,"(30.5, 60.5]",2.1720634895446294,"(1121.69, inf]",-1.0359899775063022,"(1750.0, inf]",-1.264675762282789,"(623.5, 702.5]",-0.563990054998142
3259,1,53,787.7740074,800,32,"(30.5, 60.5]",2.1720634895446294,"(138.68, 1121.69]",0.041654227303983424,"(250.0, 1150.0]",0.34084726192349113,"(-inf, 191.5]",1.1741703917563333
20,0,0,495.7420496,700,374,"(-inf, 1.5]",-0.5795501057798665,"(138.68, 1121.69]",0.041654227303983424,"(250.0, 1150.0]",0.34084726192349113,"(191.5, 450.5]",0.4745183096002622
1722,0,0,300.1352116,600,210,"(-inf, 1.5]",-0.5795501057798665,"(138.68, 1121.69]",0.041654227303983424,"(250.0, 1150.0]",0.34084726192349113,"(191.5, 450.5]",0.4745183096002622
1752,0,0,772.9760888,1900,983,"(-inf, 1.5]",-0.5795501057798665,"(138.68, 1121.69]",0.041654227303983424,"(1750.0, inf]",-1.264675762282789,"(702.5, inf]",-1.7446851744547323
524,0,0,1379.17027,2400,738,"(-inf, 1.5]",-0.5795501057798665,"(1121.69, inf]",-1.0359899775063022,"(1750.0, inf]",-1.264675762282789,"(702.5, inf]",-1.7446851744547323
3970,0,5,10.41583276,700,639,"(1.5, 15.5]",-0.0406773138368468,"(-inf, 138.68]",0.3508536149625971,"(250.0, 1150.0]",0.34084726192349113,"(623.5, 702.5]",-0.563990054998142
3591,0,0,329.8460125,1800,755,"(-inf, 1.5]",-0.5795501057798665,"(138.68, 1121.69]",0.041654227303983424,"(1750.0, inf]",-1.264675762282789,"(702.5, inf]",-1.7446851744547323
4804,0,0,283.8475757,600,260,"(-inf, 1.5]",-0.5795501057798665,"(138.68, 1121.69]",0.041654227303983424,"(250.0, 1150.0]",0.34084726192349113,"(191.5, 450.5]",0.4745183096002622
4853,0,3,165.5859657,800,14,"(1.5, 15.5]",-0.0406773138368468,"(138.68, 1121.69]",0.041654227303983424,"(250.0, 1150.0]",0.34084726192349113,"(-inf, 191.5]",1.1741703917563333
724,1,61,1656.539346,1900,623,"(60.5, inf]",4.147649406746059,"(1121.69, inf]",-1.0359899775063022,"(1750.0, inf]",-1.264675762282789,"(450.5, 623.5]",0.04047982904804176
3593,0,4,224.79239,700,259,"(1.5, 15.5]",-0.0406773138368468,"(138.68, 1121.69]",0.041654227303983424,"(250.0, 1150.0]",0.34084726192349113,"(191.5, 450.5]",0.4745183096002622
1691,1,22,138.5975485,700,362,"(15.5, 30.5]",0.6686743240412198,"(-inf, 138.68]",0.3508536149625971,"(250.0, 1150.0]",0.34084726192349113,"(191.5, 450.5]",0.4745183096002622
3924,0,1,1130.330366,1200,638,"(-inf, 1.5]",-0.5795501057798665,"(1121.69, inf]",-1.0359899775063022,"(1150.0, 1350.0]",-0.2281076149142269,"(623.5, 702.5]",-0.563990054998142
3372,0,0,647.7554361,900,845,"(-inf, 1.5]",-0.5795501057798665,"(138.68, 1121.69]",0.041654227303983424,"(250.0, 1150.0]",0.34084726192349113,"(702.5, inf]",-1.7446851744547323
1063,1,0,642.7849231,1200,22,"(-inf, 1.5]",-0.5795501057798665,"(138.68, 1121.69]",0.041654227303983424,"(1150.0, 1350.0]",-0.2281076149142269,"(-inf, 191.5]",1.1741703917563333
2539,0,23,82.4700834,1000,323,"(15.5, 30.5]",0.6686743240412198,"(-inf, 138.68]",0.3508536149625971,"(250.0, 1150.0]",0.34084726192349113,"(191.5, 450.5]",0.4745183096002622
1151,0,3,502.6839218,1100,577,"(1.5, 15.5]",-0.0406773138368468,"(138.68, 1121.69]",0.041654227303983424,"(250.0, 1150.0]",0.34084726192349113,"(450.5, 623.5]",0.04047982904804176
1397,0,2,1607.916243,1900,984,"(1.5, 15.5]",-0.0406773138368468,"(1121.69, inf]",-1.0359899775063022,"(1750.0, inf]",-1.264675762282789,"(702.5, inf]",-1.7446851744547323
1764,0,0,1974.59998,2100,939,"(-inf, 1.5]",-0.5795501057798665,"(1121.69, inf]",-1.0359899775063022,"(1750.0, inf]",-1.264675762282789,"(702.5, inf]",-1.7446851744547323
2104,1,24,156.7349616,200,11,"(15.5, 30.5]",0.6686743240412198,"(138.68, 1121.69]",0.041654227303983424,"(-inf, 250.0]",0.6610277277346917,"(-inf, 191.5]",1.1741703917563333
1380,1,0,759.8373031,900,388,"(-inf, 1.5]",-0.5795501057798665,"(138.68, 1121.69]",0.041654227303983424,"(250.0, 1150.0]",0.34084726192349113,"(191.5, 450.5]",0.4745183096002622
2091,0,4,387.1573981,400,359,"(1.5, 15.5]",-0.0406773138368468,"(138.68, 1121.69]",0.041654227303983424,"(250.0, 1150.0]",0.34084726192349113,"(191.5, 450.5]",0.4745183096002622
3839,0,1,278.3233252,800,600,"(-inf, 1.5]",-0.5795501057798665,"(138.68, 1121.69]",0.041654227303983424,"(250.0, 1150.0]",0.34084726192349113,"(450.5, 623.5]",0.04047982904804176
366,0,2,884.6002507,2500,684,"(1.5, 15.5]",-0.0406773138368468,"(138.68, 1121.69]",0.041654227303983424,"(1750.0, inf]",-1.264675762282789,"(623.5, 702.5]",-0.563990054998142
3967,0,0,1090.799078,1100,621,"(-inf, 1.5]",-0.5795501057798665,"(138.68, 1121.69]",0.041654227303983424,"(250.0, 1150.0]",0.34084726192349113,"(450.5, 623.5]",0.04047982904804176
1040,0,11,429.8233957,700,278,"(1.5, 15.5]",-0.0406773138368468,"(138.68, 1121.69]",0.041654227303983424,"(250.0, 1150.0]",0.34084726192349113,"(191.5, 450.5]",0.4745183096002622
3701,1,17,491.3511425,500,361,"(15.5, 30.5]",0.6686743240412198,"(138.68, 1121.69]",0.041654227303983424,"(250.0, 1150.0]",0.34084726192349113,"(191.5, 450.5]",0.4745183096002622
4317,0,0,70.6795778,1100,588,"(-inf, 1.5]",-0.5795501057798665,"(-inf, 138.68]",0.3508536149625971,"(250.0, 1150.0]",0.34084726192349113,"(450.5, 623.5]",0.04047982904804176
3845,0,3,948.9003333,1400,897,"(1.5, 15.5]",-0.0406773138368468,"(138.68, 1121.69]",0.041654227303983424,"(1350.0, 1750.0]",-0.5494831152766727,"(702.5, inf]",-1.7446851744547323
2990,0,51,195.0020056,200,35,"(30.5, 60.5]",2.1720634895446294,"(138.68, 1121.69]",0.041654227303983424,"(-inf, 250.0]",0.6610277277346917,"(-inf, 191.5]",1.1741703917563333
3053,0,0,215.069155,800,264,"(-inf, 1.5]",-0.5795501057798665,"(138.68, 1121.69]",0.041654227303983424,"(250.0, 1150.0]",0.34084726192349113,"(191.5, 450.5]",0.4745183096002622
1204,1,2,247.5761958,900,335,"(1.5, 15.5]",-0.0406773138368468,"(138.68, 1121.69]",0.041654227303983424,"(250.0, 1150.0]",0.34084726192349113,"(191.5, 450.5]",0.4745183096002622
2486,0,0,739.5158086,900,775,"(-inf, 1.5]",-0.5795501057798665,"(138.68, 1121.69]",0.041654227303983424,"(250.0, 1150.0]",0.34084726192349113,"(702.5, inf]",-1.7446851744547323
1263,0,2,1317.136918,1700,633,"(1.5, 15.5]",-0.0406773138368468,"(1121.69, inf]",-1.0359899775063022,"(1350.0, 1750.0]",-0.5494831152766727,"(623.5, 702.5]",-0.563990054998142
90,1,3,359.1178365,1000,141,"(1.5, 15.5]",-0.0406773138368468,"(138.68, 1121.69]",0.041654227303983424,"(250.0, 1150.0]",0.34084726192349113,"(-inf, 191.5]",1.1741703917563333
1599,0,1,199.3258522,700,332,"(-inf, 1.5]",-0.5795501057798665,"(138.68, 1121.69]",0.041654227303983424,"(250.0, 1150.0]",0.34084726192349113,"(191.5, 450.5]",0.4745183096002622
4034,0,4,29.30005509,200,341,"(1.5, 15.5]",-0.0406773138368468,"(-inf, 138.68]",0.3508536149625971,"(-inf, 250.0]",0.6610277277346917,"(191.5, 450.5]",0.4745183096002622
1457,0,0,919.5105598,1800,866,"(-inf, 1.5]",-0.5795501057798665,"(138.68, 1121.69]",0.041654227303983424,"(1750.0, inf]",-1.264675762282789,"(702.5, inf]",-1.7446851744547323
2863,0,0,171.922453,1500,901,"(-inf, 1.5]",-0.5795501057798665,"(138.68, 1121.69]",0.041654227303983424,"(1350.0, 1750.0]",-0.5494831152766727,"(702.5, inf]",-1.7446851744547323
2981,1,5,757.8603109,1000,3,"(1.5, 15.5]",-0.0406773138368468,"(138.68, 1121.69]",0.041654227303983424,"(250.0, 1150.0]",0.34084726192349113,"(-inf, 191.5]",1.1741703917563333
1068,0,11,1052.150413,1100,868,"(1.5, 15.5]",-0.0406773138368468,"(138.68, 1121.69]",0.041654227303983424,"(250.0, 1150.0]",0.34084726192349113,"(702.5, inf]",-1.7446851744547323
134,0,2,939.3817328,1600,802,"(1.5, 15.5]",-0.0406773138368468,"(138.68, 1121.69]",0.041654227303983424,"(1350.0, 1750.0]",-0.5494831152766727,"(702.5, inf]",-1.7446851744547323
1438,0,3,241.3899702,2300,990,"(1.5, 15.5]",-0.0406773138368468,"(138.68, 1121.69]",0.041654227303983424,"(1750.0, inf]",-1.264675762282789,"(702.5, inf]",-1.7446851744547323
3492,0,12,522.8100199,800,208,"(1.5, 15.5]",-0.0406773138368468,"(138.68, 1121.69]",0.041654227303983424,"(250.0, 1150.0]",0.34084726192349113,"(191.5, 450.5]",0.4745183096002622
3827,0,0,49.52341552,200,888,"(-inf, 1.5]",-0.5795501057798665,"(-inf, 138.68]",0.3508536149625971,"(-inf, 250.0]",0.6610277277346917,"(702.5, inf]",-1.7446851744547323
941,1,0,1108.634575,1800,671,"(-inf, 1.5]",-0.5795501057798665,"(138.68, 1121.69]",0.041654227303983424,"(1750.0, inf]",-1.264675762282789,"(623.5, 702.5]",-0.563990054998142
4132,0,15,21.49177396,600,750,"(1.5, 15.5]",-0.0406773138368468,"(-inf, 138.68]",0.3508536149625971,"(250.0, 1150.0]",0.34084726192349113,"(702.5, inf]",-1.7446851744547323
1433,1,3,381.4747513,400,156,"(1.5, 15.5]",-0.0406773138368468,"(138.68, 1121.69]",0.041654227303983424,"(250.0, 1150.0]",0.34084726192349113,"(-inf, 191.5]",1.1741703917563333
327,0,0,664.981327,1500,824,"(-inf, 1.5]",-0.5795501057798665,"(138.68, 1121.69]",0.041654227303983424,"(1350.0, 1750.0]",-0.5494831152766727,"(702.5, inf]",-1.7446851744547323
1746,0,0,176.6802616,200,117,"(-inf, 1.5]",-0.5795501057798665,"(138.68, 1121.69]",0.041654227303983424,"(-inf, 250.0]",0.6610277277346917,"(-inf, 191.5]",1.1741703917563333
2564,1,11,684.4013028,1400,37,"(1.5, 15.5]",-0.0406773138368468,"(138.68, 1121.69]",0.041654227303983424,"(1350.0, 1750.0]",-0.5494831152766727,"(-inf, 191.5]",1.1741703917563333
3781,0,1,535.0217141,1100,776,"(-inf, 1.5]",-0.5795501057798665,"(138.68, 1121.69]",0.041654227303983424,"(250.0, 1150.0]",0.34084726192349113,"(702.5, inf]",-1.7446851744547323
1387,0,0,613.7126866,1800,748,"(-inf, 1.5]",-0.5795501057798665,"(138.68, 1121.69]",0.041654227303983424,"(1750.0, inf]",-1.264675762282789,"(702.5, inf]",-1.7446851744547323
4308,1,89,747.9422631,1000,209,"(60.5, inf]",4.147649406746059,"(138.68, 1121.69]",0.041654227303983424,"(250.0, 1150.0]",0.34084726192349113,"(191.5, 450.5]",0.4745183096002622
2608,0,11,737.2704286,800,555,"(1.5, 15.5]",-0.0406773138368468,"(138.68, 1121.69]",0.041654227303983424,"(250.0, 1150.0]",0.34084726192349113,"(450.5, 623.5]",0.04047982904804176
2679,1,0,84.40054044,400,409,"(-inf, 1.5]",-0.5795501057798665,"(-inf, 138.68]",0.3508536149625971,"(250.0, 1150.0]",0.34084726192349113,"(191.5, 450.5]",0.4745183096002622
4217,0,1,1998.210489,2500,700,"(-inf, 1.5]",-0.5795501057798665,"(1121.69, inf]",-1.0359899775063022,"(1750.0, inf]",-1.264675762282789,"(623.5, 702.5]",-0.563990054998142
1273,1,0,702.3552559,800,477,"(-inf, 1.5]",-0.5795501057798665,"(138.68, 1121.69]",0.041654227303983424,"(250.0, 1150.0]",0.34084726192349113,"(450.5, 623.5]",0.04047982904804176
227,0,4,594.5379933,900,435,"(1.5, 15.5]",-0.0406773138368468,"(138.68, 1121.69]",0.041654227303983424,"(250.0, 1150.0]",0.34084726192349113,"(191.5, 450.5]",0.4745183096002622
4304,1,8,585.5896002,1000,5,"(1.5, 15.5]",-0.0406773138368468,"(138.68, 1121.69]",0.041654227303983424,"(250.0, 1150.0]",0.34084726192349113,"(-inf, 191.5]",1.1741703917563333
2961,0,18,216.1844257,300,192,"(15.5, 30.5]",0.6686743240412198,"(138.68, 1121.69]",0.041654227303983424,"(250.0, 1150.0]",0.34084726192349113,"(191.5, 450.5]",0.4745183096002622
1307,1,0,259.4951505,300,273,"(-inf, 1.5]",-0.5795501057798665,"(138.68, 1121.69]",0.041654227303983424,"(250.0, 1150.0]",0.34084726192349113,"(191.5, 450.5]",0.4745183096002622
2413,1,5,277.1233162,1000,189,"(1.5, 15.5]",-0.0406773138368468,"(138.68, 1121.69]",0.041654227303983424,"(250.0, 1150.0]",0.34084726192349113,"(-inf, 191.5]",1.1741703917563333
2888,1,18,171.3322274,200,49,"(15.5, 30.5]",0.6686743240412198,"(138.68, 1121.69]",0.041654227303983424,"(-inf, 250.0]",0.6610277277346917,"(-inf, 191.5]",1.1741703917563333
292,0,6,1150.526223,1200,729,"(1.5, 15.5]",-0.0406773138368468,"(1121.69, inf]",-1.0359899775063022,"(1150.0, 1350.0]",-0.2281076149142269,"(702.5, inf]",-1.7446851744547323
520,0,13,613.6445303,900,786,"(1.5, 15.5]",-0.0406773138368468,"(138.68, 1121.69]",0.041654227303983424,"(250.0, 1150.0]",0.34084726192349113,"(702.5, inf]",-1.7446851744547323
1092,1,1,330.3493282,1500,522,"(-inf, 1.5]",-0.5795501057798665,"(138.68, 1121.69]",0.041654227303983424,"(1350.0, 1750.0]",-0.5494831152766727,"(450.5, 623.5]",0.04047982904804176
1296,0,0,660.7516176,800,454,"(-inf, 1.5]",-0.5795501057798665,"(138.68, 1121.69]",0.041654227303983424,"(250.0, 1150.0]",0.34084726192349113,"(450.5, 623.5]",0.04047982904804176
4591,0,29,226.7277618,300,170,"(15.5, 30.5]",0.6686743240412198,"(138.68, 1121.69]",0.041654227303983424,"(250.0, 1150.0]",0.34084726192349113,"(-inf, 191.5]",1.1741703917563333
1062,1,7,157.4183732,600,344,"(1.5, 15.5]",-0.0406773138368468,"(138.68, 1121.69]",0.041654227303983424,"(250.0, 1150.0]",0.34084726192349113,"(191.5, 450.5]",0.4745183096002622
3897,1,3,1302.728293,1600,583,"(1.5, 15.5]",-0.0406773138368468,"(1121.69, inf]",-1.0359899775063022,"(1350.0, 1750.0]",-0.5494831152766727,"(450.5, 623.5]",0.04047982904804176
4545,0,4,55.86236445,300,6,"(1.5, 15.5]",-0.0406773138368468,"(-inf, 138.68]",0.3508536149625971,"(250.0, 1150.0]",0.34084726192349113,"(-inf, 191.5]",1.1741703917563333
2669,0,3,397.468996,1000,786,"(1.5, 15.5]",-0.0406773138368468,"(138.68, 1121.69]",0.041654227303983424,"(250.0, 1150.0]",0.34084726192349113,"(702.5, inf]",-1.7446851744547323
4066,1,5,1057.671076,1100,650,"(1.5, 15.5]",-0.0406773138368468,"(138.68, 1121.69]",0.041654227303983424,"(250.0, 1150.0]",0.34084726192349113,"(623.5, 702.5]",-0.563990054998142
1115,0,0,378.8441969,500,228,"(-inf, 1.5]",-0.5795501057798665,"(138.68, 1121.69]",0.041654227303983424,"(250.0, 1150.0]",0.34084726192349113,"(191.5, 450.5]",0.4745183096002622
2281,0,8,649.4012782,1800,885,"(1.5, 15.5]",-0.0406773138368468,"(138.68, 1121.69]",0.041654227303983424,"(1750.0, inf]",-1.264675762282789,"(702.5, inf]",-1.7446851744547323
299,1,73,325.8451281,1100,450,"(60.5, inf]",4.147649406746059,"(138.68, 1121.69]",0.041654227303983424,"(250.0, 1150.0]",0.34084726192349113,"(191.5, 450.5]",0.4745183096002622
3438,1,47,1541.715182,1700,7,"(30.5, 60.5]",2.1720634895446294,"(1121.69, inf]",-1.0359899775063022,"(1350.0, 1750.0]",-0.5494831152766727,"(-inf, 191.5]",1.1741703917563333
1386,1,6,437.3300595,1000,470,"(1.5, 15.5]",-0.0406773138368468,"(138.68, 1121.69]",0.041654227303983424,"(250.0, 1150.0]",0.34084726192349113,"(450.5, 623.5]",0.04047982904804176
4980,0,0,207.2984226,900,403,"(-inf, 1.5]",-0.5795501057798665,"(138.68, 1121.69]",0.041654227303983424,"(250.0, 1150.0]",0.34084726192349113,"(191.5, 450.5]",0.4745183096002622
1022,0,16,551.9686881,1600,755,"(15.5, 30.5]",0.6686743240412198,"(138.68, 1121.69]",0.041654227303983424,"(1350.0, 1750.0]",-0.5494831152766727,"(702.5, inf]",-1.7446851744547323
3021,1,9,538.8459801,800,317,"(1.5, 15.5]",-0.0406773138368468,"(138.68, 1121.69]",0.041654227303983424,"(250.0, 1150.0]",0.34084726192349113,"(191.5, 450.5]",0.4745183096002622
3766,1,4,388.161246,1300,862,"(1.5, 15.5]",-0.0406773138368468,"(138.68, 1121.69]",0.041654227303983424,"(1150.0, 1350.0]",-0.2281076149142269,"(702.5, inf]",-1.7446851744547323
3058,0,17,470.0772684,600,590,"(15.5, 30.5]",0.6686743240412198,"(138.68, 1121.69]",0.041654227303983424,"(250.0, 1150.0]",0.34084726192349113,"(450.5, 623.5]",0.04047982904804176
3647,0,0,2226.794503,2300,693,"(-inf, 1.5]",-0.5795501057798665,"(1121.69, inf]",-1.0359899775063022,"(1750.0, inf]",-1.264675762282789,"(623.5, 702.5]",-0.563990054998142
652,1,1,1002.453153,1200,0,"(-inf, 1.5]",-0.5795501057798665,"(138.68, 1121.69]",0.041654227303983424,"(1150.0, 1350.0]",-0.2281076149142269,"(-inf, 191.5]",1.1741703917563333
4143,0,1,354.9180429,1000,510,"(-inf, 1.5]",-0.5795501057798665,"(138.68, 1121.69]",0.041654227303983424,"(250.0, 1150.0]",0.34084726192349113,"(450.5, 623.5]",0.04047982904804176
1833,0,13,769.6122929,1100,504,"(1.5, 15.5]",-0.0406773138368468,"(138.68, 1121.69]",0.041654227303983424,"(250.0, 1150.0]",0.34084726192349113,"(450.5, 623.5]",0.04047982904804176
1466,0,0,79.13944116,1000,898,"(-inf, 1.5]",-0.5795501057798665,"(-inf, 138.68]",0.3508536149625971,"(250.0, 1150.0]",0.34084726192349113,"(702.5, inf]",-1.7446851744547323
3890,0,0,676.2962264,1700,730,"(-inf, 1.5]",-0.5795501057798665,"(138.68, 1121.69]",0.041654227303983424,"(1350.0, 1750.0]",-0.5494831152766727,"(702.5, inf]",-1.7446851744547323
1943,0,3,707.5736582,900,42,"(1.5, 15.5]",-0.0406773138368468,"(138.68, 1121.69]",0.041654227303983424,"(250.0, 1150.0]",0.34084726192349113,"(-inf, 191.5]",1.1741703917563333
1662,0,0,1404.602935,1700,771,"(-inf, 1.5]",-0.5795501057798665,"(1121.69, inf]",-1.0359899775063022,"(1350.0, 1750.0]",-0.5494831152766727,"(702.5, inf]",-1.7446851744547323
1740,0,8,151.4326907,600,490,"(1.5, 15.5]",-0.0406773138368468,"(138.68, 1121.69]",0.041654227303983424,"(250.0, 1150.0]",0.34084726192349113,"(450.5, 623.5]",0.04047982904804176
2480,1,77,43.81816079,400,62,"(60.5, inf]",4.147649406746059,"(-inf, 138.68]",0.3508536149625971,"(250.0, 1150.0]",0.34084726192349113,"(-inf, 191.5]",1.1741703917563333
2329,1,1,656.6642529,1500,588,"(-inf, 1.5]",-0.5795501057798665,"(138.68, 1121.69]",0.041654227303983424,"(1350.0, 1750.0]",-0.5494831152766727,"(450.5, 623.5]",0.04047982904804176
2126,1,1,234.5259344,900,26,"(-inf, 1.5]",-0.5795501057798665,"(138.68, 1121.69]",0.041654227303983424,"(250.0, 1150.0]",0.34084726192349113,"(-inf, 191.5]",1.1741703917563333
4973,0,17,126.0755563,400,376,"(15.5, 30.5]",0.6686743240412198,"(-inf, 138.68]",0.3508536149625971,"(250.0, 1150.0]",0.34084726192349113,"(191.5, 450.5]",0.4745183096002622
2058,0,0,473.5721318,900,753,"(-inf, 1.5]",-0.5795501057798665,"(138.68, 1121.69]",0.041654227303983424,"(250.0, 1150.0]",0.34084726192349113,"(702.5, inf]",-1.7446851744547323
1377,0,0,532.5761643,700,145,"(-inf, 1.5]",-0.5795501057798665,"(138.68, 1121.69]",0.041654227303983424,"(250.0, 1150.0]",0.34084726192349113,"(-inf, 191.5]",1.1741703917563333
2109,0,5,129.7218425,700,403,"(1.5, 15.5]",-0.0406773138368468,"(-inf, 138.68]",0.3508536149625971,"(250.0, 1150.0]",0.34084726192349113,"(191.5, 450.5]",0.4745183096002622
608,0,0,474.9066735,1200,931,"(-inf, 1.5]",-0.5795501057798665,"(138.68, 1121.69]",0.041654227303983424,"(1150.0, 1350.0]",-0.2281076149142269,"(702.5, inf]",-1.7446851744547323
3927,0,0,106.1518044,2000,877,"(-inf, 1.5]",-0.5795501057798665,"(-inf, 138.68]",0.3508536149625971,"(1750.0, inf]",-1.264675762282789,"(702.5, inf]",-1.7446851744547323
4124,0,2,60.65812664,500,122,"(1.5, 15.5]",-0.0406773138368468,"(-inf, 138.68]",0.3508536149625971,"(250.0, 1150.0]",0.34084726192349113,"(-inf, 191.5]",1.1741703917563333
1794,1,1,586.2122713,700,135,"(-inf, 1.5]",-0.5795501057798665,"(138.68, 1121.69]",0.041654227303983424,"(250.0, 1150.0]",0.34084726192349113,"(-inf, 191.5]",1.1741703917563333
3604,0,0,130.8749494,1200,653,"(-inf, 1.5]",-0.5795501057798665,"(-inf, 138.68]",0.3508536149625971,"(1150.0, 1350.0]",-0.2281076149142269,"(623.5, 702.5]",-0.563990054998142
3348,1,1,177.8312193,400,225,"(-inf, 1.5]",-0.5795501057798665,"(138.68, 1121.69]",0.041654227303983424,"(250.0, 1150.0]",0.34084726192349113,"(191.5, 450.5]",0.4745183096002622
1348,0,0,14.90882037,400,285,"(-inf, 1.5]",-0.5795501057798665,"(-inf, 138.68]",0.3508536149625971,"(250.0, 1150.0]",0.34084726192349113,"(191.5, 450.5]",0.4745183096002622
908,0,7,110.1934112,600,321,"(1.5, 15.5]",-0.0406773138368468,"(-inf, 138.68]",0.3508536149625971,"(250.0, 1150.0]",0.34084726192349113,"(191.5, 450.5]",0.4745183096002622
1896,0,4,1651.562536,1900,976,"(1.5, 15.5]",-0.0406773138368468,"(1121.69, inf]",-1.0359899775063022,"(1750.0, inf]",-1.264675762282789,"(702.5, inf]",-1.7446851744547323
1712,0,2,179.8686634,200,156,"(1.5, 15.5]",-0.0406773138368468,"(138.68, 1121.69]",0.041654227303983424,"(-inf, 250.0]",0.6610277277346917,"(-inf, 191.5]",1.1741703917563333
2097,0,56,139.6585983,200,72,"(30.5, 60.5]",2.1720634895446294,"(138.68, 1121.69]",0.041654227303983424,"(-inf, 250.0]",0.6610277277346917,"(-inf, 191.5]",1.1741703917563333
2783,1,20,1012.475717,1100,541,"(15.5, 30.5]",0.6686743240412198,"(138.68, 1121.69]",0.041654227303983424,"(250.0, 1150.0]",0.34084726192349113,"(450.5, 623.5]",0.04047982904804176
285,0,2,219.2376421,1200,876,"(1.5, 15.5]",-0.0406773138368468,"(138.68, 1121.69]",0.041654227303983424,"(1150.0, 1350.0]",-0.2281076149142269,"(702.5, inf]",-1.7446851744547323
662,0,0,695.7935083,700,649,"(-inf, 1.5]",-0.5795501057798665,"(138.68, 1121.69]",0.041654227303983424,"(250.0, 1150.0]",0.34084726192349113,"(623.5, 702.5]",-0.563990054998142
2461,0,2,47.51724464,2000,950,"(1.5, 15.5]",-0.0406773138368468,"(-inf, 138.68]",0.3508536149625971,"(1750.0, inf]",-1.264675762282789,"(702.5, inf]",-1.7446851744547323
319,0,0,89.53809075,1000,403,"(-inf, 1.5]",-0.5795501057798665,"(-inf, 138.68]",0.3508536149625971,"(250.0, 1150.0]",0.34084726192349113,"(191.5, 450.5]",0.4745183096002622
489,0,2,482.7887441,1800,779,"(1.5, 15.5]",-0.0406773138368468,"(138.68, 1121.69]",0.041654227303983424,"(1750.0, inf]",-1.264675762282789,"(702.5, inf]",-1.7446851744547323
1524,1,1,650.7520397,800,213,"(-inf, 1.5]",-0.5795501057798665,"(138.68, 1121.69]",0.041654227303983424,"(250.0, 1150.0]",0.34084726192349113,"(191.5, 450.5]",0.4745183096002622
1549,0,43,88.78711315,800,273,"(30.5, 60.5]",2.1720634895446294,"(-inf, 138.68]",0.3508536149625971,"(250.0, 1150.0]",0.34084726192349113,"(191.5, 450.5]",0.4745183096002622
2153,1,5,530.5677817,900,212,"(1.5, 15.5]",-0.0406773138368468,"(138.68, 1121.69]",0.041654227303983424,"(250.0, 1150.0]",0.34084726192349113,"(191.5, 450.5]",0.4745183096002622
4159,1,63,42.70522564,600,346,"(60.5, inf]",4.147649406746059,"(-inf, 138.68]",0.3508536149625971,"(250.0, 1150.0]",0.34084726192349113,"(191.5, 450.5]",0.4745183096002622
3624,1,10,581.2888086,1300,679,"(1.5, 15.5]",-0.0406773138368468,"(138.68, 1121.69]",0.041654227303983424,"(1150.0, 1350.0]",-0.2281076149142269,"(623.5, 702.5]",-0.563990054998142
2225,0,10,832.2982077,1000,556,"(1.5, 15.5]",-0.0406773138368468,"(138.68, 1121.69]",0.041654227303983424,"(250.0, 1150.0]",0.34084726192349113,"(450.5, 623.5]",0.04047982904804176
29,1,20,112.3472289,1000,176,"(15.5, 30.5]",0.6686743240412198,"(-inf, 138.68]",0.3508536149625971,"(250.0, 1150.0]",0.34084726192349113,"(-inf, 191.5]",1.1741703917563333
3933,0,0,693.2020543,800,642,"(-inf, 1.5]",-0.5795501057798665,"(138.68, 1121.69]",0.041654227303983424,"(250.0, 1150.0]",0.34084726192349113,"(623.5, 702.5]",-0.563990054998142
883,1,22,469.5813858,1100,566,"(15.5, 30.5]",0.6686743240412198,"(138.68, 1121.69]",0.041654227303983424,"(250.0, 1150.0]",0.34084726192349113,"(450.5, 623.5]",0.04047982904804176
3678,0,0,488.7938359,1900,757,"(-inf, 1.5]",-0.5795501057798665,"(138.68, 1121.69]",0.041654227303983424,"(1750.0, inf]",-1.264675762282789,"(702.5, inf]",-1.7446851744547323
2114,0,11,235.7802799,700,469,"(1.5, 15.5]",-0.0406773138368468,"(138.68, 1121.69]",0.041654227303983424,"(250.0, 1150.0]",0.34084726192349113,"(450.5, 623.5]",0.04047982904804176
4910,0,53,163.2177899,200,297,"(30.5, 60.5]",2.1720634895446294,"(138.68, 1121.69]",0.041654227303983424,"(-inf, 250.0]",0.6610277277346917,"(191.5, 450.5]",0.4745183096002622
534,0,1,563.9134823,1500,986,"(-inf, 1.5]",-0.5795501057798665,"(138.68, 1121.69]",0.041654227303983424,"(1350.0, 1750.0]",-0.5494831152766727,"(702.5, inf]",-1.7446851744547323
3091,1,46,41.44451646,700,365,"(30.5, 60.5]",2.1720634895446294,"(-inf, 138.68]",0.3508536149625971,"(250.0, 1150.0]",0.34084726192349113,"(191.5, 450.5]",0.4745183096002622
4057,0,3,87.43224965,700,327,"(1.5, 15.5]",-0.0406773138368468,"(-inf, 138.68]",0.3508536149625971,"(250.0, 1150.0]",0.34084726192349113,"(191.5, 450.5]",0.4745183096002622
404,1,48,396.1500385,400,50,"(30.5, 60.5]",2.1720634895446294,"(138.68, 1121.69]",0.041654227303983424,"(250.0, 1150.0]",0.34084726192349113,"(-inf, 191.5]",1.1741703917563333
4110,0,0,196.7422173,300,325,"(-inf, 1.5]",-0.5795501057798665,"(138.68, 1121.69]",0.041654227303983424,"(250.0, 1150.0]",0.34084726192349113,"(191.5, 450.5]",0.4745183096002622
1607,1,4,160.8530786,200,139,"(1.5, 15.5]",-0.0406773138368468,"(138.68, 1121.69]",0.041654227303983424,"(-inf, 250.0]",0.6610277277346917,"(-inf, 191.5]",1.1741703917563333
4134,0,0,302.2021737,2000,963,"(-inf, 1.5]",-0.5795501057798665,"(138.68, 1121.69]",0.041654227303983424,"(1750.0, inf]",-1.264675762282789,"(702.5, inf]",-1.7446851744547323
3686,0,6,502.6107662,600,636,"(1.5, 15.5]",-0.0406773138368468,"(138.68, 1121.69]",0.041654227303983424,"(250.0, 1150.0]",0.34084726192349113,"(623.5, 702.5]",-0.563990054998142
2468,1,4,1423.238295,1700,67,"(1.5, 15.5]",-0.0406773138368468,"(1121.69, inf]",-1.0359899775063022,"(1350.0, 1750.0]",-0.5494831152766727,"(-inf, 191.5]",1.1741703917563333
398,1,0,415.0778221,700,345,"(-inf, 1.5]",-0.5795501057798665,"(138.68, 1121.69]",0.041654227303983424,"(250.0, 1150.0]",0.34084726192349113,"(191.5, 450.5]",0.4745183096002622
3708,0,3,12.80826988,400,398,"(1.5, 15.5]",-0.0406773138368468,"(-inf, 138.68]",0.3508536149625971,"(250.0, 1150.0]",0.34084726192349113,"(191.5, 450.5]",0.4745183096002622
2511,0,5,211.5772621,600,555,"(1.5, 15.5]",-0.0406773138368468,"(138.68, 1121.69]",0.041654227303983424,"(250.0, 1150.0]",0.34084726192349113,"(450.5, 623.5]",0.04047982904804176
4314,1,7,286.8614799,300,10,"(1.5, 15.5]",-0.0406773138368468,"(138.68, 1121.69]",0.041654227303983424,"(250.0, 1150.0]",0.34084726192349113,"(-inf, 191.5]",1.1741703917563333
989,0,0,1234.168861,1400,685,"(-inf, 1.5]",-0.5795501057798665,"(1121.69, inf]",-1.0359899775063022,"(1350.0, 1750.0]",-0.5494831152766727,"(623.5, 702.5]",-0.563990054998142
4047,0,11,1435.55536,1900,629,"(1.5, 15.5]",-0.0406773138368468,"(1121.69, inf]",-1.0359899775063022,"(1750.0, inf]",-1.264675762282789,"(623.5, 702.5]",-0.563990054998142
4670,1,7,255.3463332,300,122,"(1.5, 15.5]",-0.0406773138368468,"(138.68, 1121.69]",0.041654227303983424,"(250.0, 1150.0]",0.34084726192349113,"(-inf, 191.5]",1.1741703917563333
2951,0,9,233.8525012,900,7,"(1.5, 15.5]",-0.0406773138368468,"(138.68, 1121.69]",0.041654227303983424,"(250.0, 1150.0]",0.34084726192349113,"(-inf, 191.5]",1.1741703917563333
2261,0,1,773.9541068,1100,502,"(-inf, 1.5]",-0.5795501057798665,"(138.68, 1121.69]",0.041654227303983424,"(250.0, 1150.0]",0.34084726192349113,"(450.5, 623.5]",0.04047982904804176
3670,0,10,541.8362258,1400,605,"(1.5, 15.5]",-0.0406773138368468,"(138.68, 1121.69]",0.041654227303983424,"(1350.0, 1750.0]",-0.5494831152766727,"(450.5, 623.5]",0.04047982904804176
2177,1,4,551.5824407,600,376,"(1.5, 15.5]",-0.0406773138368468,"(138.68, 1121.69]",0.041654227303983424,"(250.0, 1150.0]",0.34084726192349113,"(191.5, 450.5]",0.4745183096002622
560,0,5,172.9249464,200,97,"(1.5, 15.5]",-0.0406773138368468,"(138.68, 1121.69]",0.041654227303983424,"(-inf, 250.0]",0.6610277277346917,"(-inf, 191.5]",1.1741703917563333
3592,0,0,1707.777323,3000,974,"(-inf, 1.5]",-0.5795501057798665,"(1121.69, inf]",-1.0359899775063022,"(1750.0, inf]",-1.264675762282789,"(702.5, inf]",-1.7446851744547323
670,0,17,1071.098002,1400,704,"(15.5, 30.5]",0.6686743240412198,"(138.68, 1121.69]",0.041654227303983424,"(1350.0, 1750.0]",-0.5494831152766727,"(702.5, inf]",-1.7446851744547323
1337,0,2,673.3198627,2000,953,"(1.5, 15.5]",-0.0406773138368468,"(138.68, 1121.69]",0.041654227303983424,"(1750.0, inf]",-1.264675762282789,"(702.5, inf]",-1.7446851744547323
194,0,0,319.8631035,1700,885,"(-inf, 1.5]",-0.5795501057798665,"(138.68, 1121.69]",0.041654227303983424,"(1350.0, 1750.0]",-0.5494831152766727,"(702.5, inf]",-1.7446851744547323
3671,0,14,647.8946922,1300,766,"(1.5, 15.5]",-0.0406773138368468,"(138.68, 1121.69]",0.041654227303983424,"(1150.0, 1350.0]",-0.2281076149142269,"(702.5, inf]",-1.7446851744547323
4031,0,1,472.2862373,1600,933,"(-inf, 1.5]",-0.5795501057798665,"(138.68, 1121.69]",0.041654227303983424,"(1350.0, 1750.0]",-0.5494831152766727,"(702.5, inf]",-1.7446851744547323
3332,0,2,178.9039634,1500,889,"(1.5, 15.5]",-0.0406773138368468,"(138.68, 1121.69]",0.041654227303983424,"(1350.0, 1750.0]",-0.5494831152766727,"(702.5, inf]",-1.7446851744547323
1892,1,4,177.2428167,1200,240,"(1.5, 15.5]",-0.0406773138368468,"(138.68, 1121.69]",0.041654227303983424,"(1150.0, 1350.0]",-0.2281076149142269,"(191.5, 450.5]",0.4745183096002622
1518,0,0,2.403938196,900,276,"(-inf, 1.5]",-0.5795501057798665,"(-inf, 138.68]",0.3508536149625971,"(250.0, 1150.0]",0.34084726192349113,"(191.5, 450.5]",0.4745183096002622
3305,0,6,391.0617357,500,221,"(1.5, 15.5]",-0.0406773138368468,"(138.68, 1121.69]",0.041654227303983424,"(250.0, 1150.0]",0.34084726192349113,"(191.5, 450.5]",0.4745183096002622
4878,1,45,808.460401,1100,405,"(30.5, 60.5]",2.1720634895446294,"(138.68, 1121.69]",0.041654227303983424,"(250.0, 1150.0]",0.34084726192349113,"(191.5, 450.5]",0.4745183096002622
1618,0,1,661.5916173,900,583,"(-inf, 1.5]",-0.5795501057798665,"(138.68, 1121.69]",0.041654227303983424,"(250.0, 1150.0]",0.34084726192349113,"(450.5, 623.5]",0.04047982904804176
1341,1,5,47.77883352,1000,593,"(1.5, 15.5]",-0.0406773138368468,"(-inf, 138.68]",0.3508536149625971,"(250.0, 1150.0]",0.34084726192349113,"(450.5, 623.5]",0.04047982904804176
3945,0,14,817.0279735,1200,702,"(1.5, 15.5]",-0.0406773138368468,"(138.68, 1121.69]",0.041654227303983424,"(1150.0, 1350.0]",-0.2281076149142269,"(623.5, 702.5]",-0.563990054998142
640,0,0,525.7437537,1200,554,"(-inf, 1.5]",-0.5795501057798665,"(138.68, 1121.69]",0.041654227303983424,"(1150.0, 1350.0]",-0.2281076149142269,"(450.5, 623.5]",0.04047982904804176
1800,1,27,320.8678947,400,67,"(15.5, 30.5]",0.6686743240412198,"(138.68, 1121.69]",0.041654227303983424,"(250.0, 1150.0]",0.34084726192349113,"(-inf, 191.5]",1.1741703917563333
2316,0,3,1579.975111,1600,644,"(1.5, 15.5]",-0.0406773138368468,"(1121.69, inf]",-1.0359899775063022,"(1350.0, 1750.0]",-0.5494831152766727,"(623.5, 702.5]",-0.563990054998142
1008,0,0,166.4682166,1900,762,"(-inf, 1.5]",-0.5795501057798665,"(138.68, 1121.69]",0.041654227303983424,"(1750.0, inf]",-1.264675762282789,"(702.5, inf]",-1.7446851744547323
2718,1,2,1306.580802,1700,502,"(1.5, 15.5]",-0.0406773138368468,"(1121.69, inf]",-1.0359899775063022,"(1350.0, 1750.0]",-0.5494831152766727,"(450.5, 623.5]",0.04047982904804176
3745,0,2,73.95571904,300,37,"(1.5, 15.5]",-0.0406773138368468,"(-inf, 138.68]",0.3508536149625971,"(250.0, 1150.0]",0.34084726192349113,"(-inf, 191.5]",1.1741703917563333
4425,0,24,441.3716651,1000,439,"(15.5, 30.5]",0.6686743240412198,"(138.68, 1121.69]",0.041654227303983424,"(250.0, 1150.0]",0.34084726192349113,"(191.5, 450.5]",0.4745183096002622
3261,0,19,153.8212118,800,372,"(15.5, 30.5]",0.6686743240412198,"(138.68, 1121.69]",0.041654227303983424,"(250.0, 1150.0]",0.34084726192349113,"(191.5, 450.5]",0.4745183096002622
3956,0,1,837.9049494,1000,199,"(-inf, 1.5]",-0.5795501057798665,"(138.68, 1121.69]",0.041654227303983424,"(250.0, 1150.0]",0.34084726192349113,"(191.5, 450.5]",0.4745183096002622
428,0,13,570.9882761,1100,846,"(1.5, 15.5]",-0.0406773138368468,"(138.68, 1121.69]",0.041654227303983424,"(250.0, 1150.0]",0.34084726192349113,"(702.5, inf]",-1.7446851744547323
2180,1,9,199.5139965,200,51,"(1.5, 15.5]",-0.0406773138368468,"(138.68, 1121.69]",0.041654227303983424,"(-inf, 250.0]",0.6610277277346917,"(-inf, 191.5]",1.1741703917563333
4763,0,1,973.3553023,1700,979,"(-inf, 1.5]",-0.5795501057798665,"(138.68, 1121.69]",0.041654227303983424,"(1350.0, 1750.0]",-0.5494831152766727,"(702.5, inf]",-1.7446851744547323
2080,0,1,130.6126985,200,68,"(-inf, 1.5]",-0.5795501057798665,"(-inf, 138.68]",0.3508536149625971,"(-inf, 250.0]",0.6610277277346917,"(-inf, 191.5]",1.1741703917563333
164,0,0,1670.677886,2000,691,"(-inf, 1.5]",-0.5795501057798665,"(1121.69, inf]",-1.0359899775063022,"(1750.0, inf]",-1.264675762282789,"(623.5, 702.5]",-0.563990054998142
1839,1,50,66.73511086,300,264,"(30.5, 60.5]",2.1720634895446294,"(-inf, 138.68]",0.3508536149625971,"(250.0, 1150.0]",0.34084726192349113,"(191.5, 450.5]",0.4745183096002622
4002,0,1,26.40742976,700,224,"(-inf, 1.5]",-0.5795501057798665,"(-inf, 138.68]",0.3508536149625971,"(250.0, 1150.0]",0.34084726192349113,"(191.5, 450.5]",0.4745183096002622
952,1,0,281.1010149,800,38,"(-inf, 1.5]",-0.5795501057798665,"(138.68, 1121.69]",0.041654227303983424,"(250.0, 1150.0]",0.34084726192349113,"(-inf, 191.5]",1.1741703917563333
375,1,77,114.7132026,200,116,"(60.5, inf]",4.147649406746059,"(-inf, 138.68]",0.3508536149625971,"(-inf, 250.0]",0.6610277277346917,"(-inf, 191.5]",1.1741703917563333
1297,0,0,2563.583577,2600,959,"(-inf, 1.5]",-0.5795501057798665,"(1121.69, inf]",-1.0359899775063022,"(1750.0, inf]",-1.264675762282789,"(702.5, inf]",-1.7446851744547323
4679,0,0,1279.460905,1300,946,"(-inf, 1.5]",-0.5795501057798665,"(1121.69, inf]",-1.0359899775063022,"(1150.0, 1350.0]",-0.2281076149142269,"(702.5, inf]",-1.7446851744547323
2253,0,1,146.1180892,200,59,"(-inf, 1.5]",-0.5795501057798665,"(138.68, 1121.69]",0.041654227303983424,"(-inf, 250.0]",0.6610277277346917,"(-inf, 191.5]",1.1741703917563333
474,0,2,1468.196478,2100,855,"(1.5, 15.5]",-0.0406773138368468,"(1121.69, inf]",-1.0359899775063022,"(1750.0, inf]",-1.264675762282789,"(702.5, inf]",-1.7446851744547323
4948,0,0,164.8948499,700,404,"(-inf, 1.5]",-0.5795501057798665,"(138.68, 1121.69]",0.041654227303983424,"(250.0, 1150.0]",0.34084726192349113,"(191.5, 450.5]",0.4745183096002622
797,0,1,1250.870505,1600,884,"(-inf, 1.5]",-0.5795501057798665,"(1121.69, inf]",-1.0359899775063022,"(1350.0, 1750.0]",-0.5494831152766727,"(702.5, inf]",-1.7446851744547323
1828,1,6,150.3734736,300,45,"(1.5, 15.5]",-0.0406773138368468,"(138.68, 1121.69]",0.041654227303983424,"(250.0, 1150.0]",0.34084726192349113,"(-inf, 191.5]",1.1741703917563333
4981,0,2,1020.8464,1500,645,"(1.5, 15.5]",-0.0406773138368468,"(138.68, 1121.69]",0.041654227303983424,"(1350.0, 1750.0]",-0.5494831152766727,"(623.5, 702.5]",-0.563990054998142
331,0,1,333.2716746,1700,955,"(-inf, 1.5]",-0.5795501057798665,"(138.68, 1121.69]",0.041654227303983424,"(1350.0, 1750.0]",-0.5494831152766727,"(702.5, inf]",-1.7446851744547323
580,0,25,273.2016782,600,372,"(15.5, 30.5]",0.6686743240412198,"(138.68, 1121.69]",0.041654227303983424,"(250.0, 1150.0]",0.34084726192349113,"(191.5, 450.5]",0.4745183096002622
3892,1,5,10.97301028,200,173,"(1.5, 15.5]",-0.0406773138368468,"(-inf, 138.68]",0.3508536149625971,"(-inf, 250.0]",0.6610277277346917,"(-inf, 191.5]",1.1741703917563333
4247,0,2,608.8508759,2500,701,"(1.5, 15.5]",-0.0406773138368468,"(138.68, 1121.69]",0.041654227303983424,"(1750.0, inf]",-1.264675762282789,"(623.5, 702.5]",-0.563990054998142
326,0,13,781.7712327,1300,511,"(1.5, 15.5]",-0.0406773138368468,"(138.68, 1121.69]",0.041654227303983424,"(1150.0, 1350.0]",-0.2281076149142269,"(450.5, 623.5]",0.04047982904804176
2462,0,16,321.3154248,500,318,"(15.5, 30.5]",0.6686743240412198,"(138.68, 1121.69]",0.041654227303983424,"(250.0, 1150.0]",0.34084726192349113,"(191.5, 450.5]",0.4745183096002622
732,1,18,985.623145,1100,695,"(15.5, 30.5]",0.6686743240412198,"(138.68, 1121.69]",0.041654227303983424,"(250.0, 1150.0]",0.34084726192349113,"(623.5, 702.5]",-0.563990054998142
2484,1,3,344.6256391,900,264,"(1.5, 15.5]",-0.0406773138368468,"(138.68, 1121.69]",0.041654227303983424,"(250.0, 1150.0]",0.34084726192349113,"(191.5, 450.5]",0.4745183096002622
2028,0,1,192.6135204,1600,846,"(-inf, 1.5]",-0.5795501057798665,"(138.68, 1121.69]",0.041654227303983424,"(1350.0, 1750.0]",-0.5494831152766727,"(702.5, inf]",-1.7446851744547323
721,0,0,686.6373297,1100,541,"(-inf, 1.5]",-0.5795501057798665,"(138.68, 1121.69]",0.041654227303983424,"(250.0, 1150.0]",0.34084726192349113,"(450.5, 623.5]",0.04047982904804176
791,0,5,65.88494427,1000,658,"(1.5, 15.5]",-0.0406773138368468,"(-inf, 138.68]",0.3508536149625971,"(250.0, 1150.0]",0.34084726192349113,"(623.5, 702.5]",-0.563990054998142
3683,0,1,61.50930339,900,255,"(-inf, 1.5]",-0.5795501057798665,"(-inf, 138.68]",0.3508536149625971,"(250.0, 1150.0]",0.34084726192349113,"(191.5, 450.5]",0.4745183096002622
1334,1,3,82.07498858,200,41,"(1.5, 15.5]",-0.0406773138368468,"(-inf, 138.68]",0.3508536149625971,"(-inf, 250.0]",0.6610277277346917,"(-inf, 191.5]",1.1741703917563333
4847,0,0,584.8153072,1100,252,"(-inf, 1.5]",-0.5795501057798665,"(138.68, 1121.69]",0.041654227303983424,"(250.0, 1150.0]",0.34084726192349113,"(191.5, 450.5]",0.4745183096002622
3402,1,0,698.7757422,1000,622,"(-inf, 1.5]",-0.5795501057798665,"(138.68, 1121.69]",0.041654227303983424,"(250.0, 1150.0]",0.34084726192349113,"(450.5, 623.5]",0.04047982904804176
4446,1,1,485.9806334,900,85,"(-inf, 1.5]",-0.5795501057798665,"(138.68, 1121.69]",0.041654227303983424,"(250.0, 1150.0]",0.34084726192349113,"(-inf, 191.5]",1.1741703917563333
1024,0,2,595.2591678,800,245,"(1.5, 15.5]",-0.0406773138368468,"(138.68, 1121.69]",0.041654227303983424,"(250.0, 1150.0]",0.34084726192349113,"(191.5, 450.5]",0.4745183096002622
15,0,4,233.8432612,400,690,"(1.5, 15.5]",-0.0406773138368468,"(138.68, 1121.69]",0.041654227303983424,"(250.0, 1150.0]",0.34084726192349113,"(623.5, 702.5]",-0.563990054998142
921,0,0,1167.075083,1700,977,"(-inf, 1.5]",-0.5795501057798665,"(1121.69, inf]",-1.0359899775063022,"(1350.0, 1750.0]",-0.5494831152766727,"(702.5, inf]",-1.7446851744547323
854,0,1,105.8448987,200,83,"(-inf, 1.5]",-0.5795501057798665,"(-inf, 138.68]",0.3508536149625971,"(-inf, 250.0]",0.6610277277346917,"(-inf, 191.5]",1.1741703917563333
545,0,1,1006.672443,1200,705,"(-inf, 1.5]",-0.5795501057798665,"(138.68, 1121.69]",0.041654227303983424,"(1150.0, 1350.0]",-0.2281076149142269,"(702.5, inf]",-1.7446851744547323
4472,0,0,641.5931703,1400,925,"(-inf, 1.5]",-0.5795501057798665,"(138.68, 1121.69]",0.041654227303983424,"(1350.0, 1750.0]",-0.5494831152766727,"(702.5, inf]",-1.7446851744547323
436,0,10,1154.926698,2100,940,"(1.5, 15.5]",-0.0406773138368468,"(1121.69, inf]",-1.0359899775063022,"(1750.0, inf]",-1.264675762282789,"(702.5, inf]",-1.7446851744547323
3615,0,2,534.5299235,800,504,"(1.5, 15.5]",-0.0406773138368468,"(138.68, 1121.69]",0.041654227303983424,"(250.0, 1150.0]",0.34084726192349113,"(450.5, 623.5]",0.04047982904804176
4550,0,2,128.0175267,300,417,"(1.5, 15.5]",-0.0406773138368468,"(-inf, 138.68]",0.3508536149625971,"(250.0, 1150.0]",0.34084726192349113,"(191.5, 450.5]",0.4745183096002622
218,0,2,813.2179009,1400,561,"(1.5, 15.5]",-0.0406773138368468,"(138.68, 1121.69]",0.041654227303983424,"(1350.0, 1750.0]",-0.5494831152766727,"(450.5, 623.5]",0.04047982904804176
3107,0,1,55.89536599,500,354,"(-inf, 1.5]",-0.5795501057798665,"(-inf, 138.68]",0.3508536149625971,"(250.0, 1150.0]",0.34084726192349113,"(191.5, 450.5]",0.4745183096002622
488,0,0,95.39340023,200,179,"(-inf, 1.5]",-0.5795501057798665,"(-inf, 138.68]",0.3508536149625971,"(-inf, 250.0]",0.6610277277346917,"(-inf, 191.5]",1.1741703917563333
4697,0,3,121.3636122,300,658,"(1.5, 15.5]",-0.0406773138368468,"(-inf, 138.68]",0.3508536149625971,"(250.0, 1150.0]",0.34084726192349113,"(623.5, 702.5]",-0.563990054998142
2563,1,0,90.55391004,200,173,"(-inf, 1.5]",-0.5795501057798665,"(-inf, 138.68]",0.3508536149625971,"(-inf, 250.0]",0.6610277277346917,"(-inf, 191.5]",1.1741703917563333
4637,0,8,82.66969881,400,124,"(1.5, 15.5]",-0.0406773138368468,"(-inf, 138.68]",0.3508536149625971,"(250.0, 1150.0]",0.34084726192349113,"(-inf, 191.5]",1.1741703917563333
4799,0,0,1398.309254,2400,973,"(-inf, 1.5]",-0.5795501057798665,"(1121.69, inf]",-1.0359899775063022,"(1750.0, inf]",-1.264675762282789,"(702.5, inf]",-1.7446851744547323
4235,1,12,331.2515225,600,93,"(1.5, 15.5]",-0.0406773138368468,"(138.68, 1121.69]",0.041654227303983424,"(250.0, 1150.0]",0.34084726192349113,"(-inf, 191.5]",1.1741703917563333
3885,0,0,361.9594621,800,369,"(-inf, 1.5]",-0.5795501057798665,"(138.68, 1121.69]",0.041654227303983424,"(250.0, 1150.0]",0.34084726192349113,"(191.5, 450.5]",0.4745183096002622
1981,0,4,568.5898293,1000,425,"(1.5, 15.5]",-0.0406773138368468,"(138.68, 1121.69]",0.041654227303983424,"(250.0, 1150.0]",0.34084726192349113,"(191.5, 450.5]",0.4745183096002622
1801,0,0,60.91884926,1000,730,"(-inf, 1.5]",-0.5795501057798665,"(-inf, 138.68]",0.3508536149625971,"(250.0, 1150.0]",0.34084726192349113,"(702.5, inf]",-1.7446851744547323
3803,0,3,149.3961831,200,48,"(1.5, 15.5]",-0.0406773138368468,"(138.68, 1121.69]",0.041654227303983424,"(-inf, 250.0]",0.6610277277346917,"(-inf, 191.5]",1.1741703917563333
4791,0,0,133.8435394,1200,780,"(-inf, 1.5]",-0.5795501057798665,"(-inf, 138.68]",0.3508536149625971,"(1150.0, 1350.0]",-0.2281076149142269,"(702.5, inf]",-1.7446851744547323
584,0,2,864.4647854,1300,707,"(1.5, 15.5]",-0.0406773138368468,"(138.68, 1121.69]",0.041654227303983424,"(1150.0, 1350.0]",-0.2281076149142269,"(702.5, inf]",-1.7446851744547323
1516,1,2,393.6093593,500,402,"(1.5, 15.5]",-0.0406773138368468,"(138.68, 1121.69]",0.041654227303983424,"(250.0, 1150.0]",0.34084726192349113,"(191.5, 450.5]",0.4745183096002622
2393,0,0,1877.529442,2000,711,"(-inf, 1.5]",-0.5795501057798665,"(1121.69, inf]",-1.0359899775063022,"(1750.0, inf]",-1.264675762282789,"(702.5, inf]",-1.7446851744547323
2973,1,9,405.3111739,700,221,"(1.5, 15.5]",-0.0406773138368468,"(138.68, 1121.69]",0.041654227303983424,"(250.0, 1150.0]",0.34084726192349113,"(191.5, 450.5]",0.4745183096002622
4788,0,0,567.3535331,2100,927,"(-inf, 1.5]",-0.5795501057798665,"(138.68, 1121.69]",0.041654227303983424,"(1750.0, inf]",-1.264675762282789,"(702.5, inf]",-1.7446851744547323
2026,0,0,218.7619997,1100,771,"(-inf, 1.5]",-0.5795501057798665,"(138.68, 1121.69]",0.041654227303983424,"(250.0, 1150.0]",0.34084726192349113,"(702.5, inf]",-1.7446851744547323
668,1,10,262.0337085,1900,745,"(1.5, 15.5]",-0.0406773138368468,"(138.68, 1121.69]",0.041654227303983424,"(1750.0, inf]",-1.264675762282789,"(702.5, inf]",-1.7446851744547323
4811,0,0,918.9005236,1800,844,"(-inf, 1.5]",-0.5795501057798665,"(138.68, 1121.69]",0.041654227303983424,"(1750.0, inf]",-1.264675762282789,"(702.5, inf]",-1.7446851744547323
336,0,0,9.798391331,900,200,"(-inf, 1.5]",-0.5795501057798665,"(-inf, 138.68]",0.3508536149625971,"(250.0, 1150.0]",0.34084726192349113,"(191.5, 450.5]",0.4745183096002622
4144,0,0,612.1748603,700,495,"(-inf, 1.5]",-0.5795501057798665,"(138.68, 1121.69]",0.041654227303983424,"(250.0, 1150.0]",0.34084726192349113,"(450.5, 623.5]",0.04047982904804176
4709,0,9,261.9684807,300,669,"(1.5, 15.5]",-0.0406773138368468,"(138.68, 1121.69]",0.041654227303983424,"(250.0, 1150.0]",0.34084726192349113,"(623.5, 702.5]",-0.563990054998142
1398,1,12,220.1078064,1200,5,"(1.5, 15.5]",-0.0406773138368468,"(138.68, 1121.69]",0.041654227303983424,"(1150.0, 1350.0]",-0.2281076149142269,"(-inf, 191.5]",1.1741703917563333
455,0,22,323.5303808,800,488,"(15.5, 30.5]",0.6686743240412198,"(138.68, 1121.69]",0.041654227303983424,"(250.0, 1150.0]",0.34084726192349113,"(450.5, 623.5]",0.04047982904804176
4606,0,8,426.2658875,600,431,"(1.5, 15.5]",-0.0406773138368468,"(138.68, 1121.69]",0.041654227303983424,"(250.0, 1150.0]",0.34084726192349113,"(191.5, 450.5]",0.4745183096002622
111,0,0,64.79000657,2100,676,"(-inf, 1.5]",-0.5795501057798665,"(-inf, 138.68]",0.3508536149625971,"(1750.0, inf]",-1.264675762282789,"(623.5, 702.5]",-0.563990054998142
148,0,0,223.4012399,600,472,"(-inf, 1.5]",-0.5795501057798665,"(138.68, 1121.69]",0.041654227303983424,"(250.0, 1150.0]",0.34084726192349113,"(450.5, 623.5]",0.04047982904804176
2284,0,0,684.2315049,1200,679,"(-inf, 1.5]",-0.5795501057798665,"(138.68, 1121.69]",0.041654227303983424,"(1150.0, 1350.0]",-0.2281076149142269,"(623.5, 702.5]",-0.563990054998142
3215,1,16,1077.41619,1900,657,"(15.5, 30.5]",0.6686743240412198,"(138.68, 1121.69]",0.041654227303983424,"(1750.0, inf]",-1.264675762282789,"(623.5, 702.5]",-0.563990054998142
94,0,0,571.8489639,800,242,"(-inf, 1.5]",-0.5795501057798665,"(138.68, 1121.69]",0.041654227303983424,"(250.0, 1150.0]",0.34084726192349113,"(191.5, 450.5]",0.4745183096002622
3077,1,32,1016.256781,1500,809,"(30.5, 60.5]",2.1720634895446294,"(138.68, 1121.69]",0.041654227303983424,"(1350.0, 1750.0]",-0.5494831152766727,"(702.5, inf]",-1.7446851744547323
2362,0,8,342.8728942,700,154,"(1.5, 15.5]",-0.0406773138368468,"(138.68, 1121.69]",0.041654227303983424,"(250.0, 1150.0]",0.34084726192349113,"(-inf, 191.5]",1.1741703917563333
3291,0,0,268.8159687,2000,772,"(-inf, 1.5]",-0.5795501057798665,"(138.68, 1121.69]",0.041654227303983424,"(1750.0, inf]",-1.264675762282789,"(702.5, inf]",-1.7446851744547323
2278,0,0,264.5442635,800,371,"(-inf, 1.5]",-0.5795501057798665,"(138.68, 1121.69]",0.041654227303983424,"(250.0, 1150.0]",0.34084726192349113,"(191.5, 450.5]",0.4745183096002622
2779,0,8,957.9617489,1000,312,"(1.5, 15.5]",-0.0406773138368468,"(138.68, 1121.69]",0.041654227303983424,"(250.0, 1150.0]",0.34084726192349113,"(191.5, 450.5]",0.4745183096002622
2051,1,1,389.3553339,800,275,"(-inf, 1.5]",-0.5795501057798665,"(138.68, 1121.69]",0.041654227303983424,"(250.0, 1150.0]",0.34084726192349113,"(191.5, 450.5]",0.4745183096002622
1861,0,0,21.96648675,600,441,"(-inf, 1.5]",-0.5795501057798665,"(-inf, 138.68]",0.3508536149625971,"(250.0, 1150.0]",0.34084726192349113,"(191.5, 450.5]",0.4745183096002622
3191,0,18,569.2459084,1100,22,"(15.5, 30.5]",0.6686743240412198,"(138.68, 1121.69]",0.041654227303983424,"(250.0, 1150.0]",0.34084726192349113,"(-inf, 191.5]",1.1741703917563333
2395,1,5,145.5316096,200,138,"(1.5, 15.5]",-0.0406773138368468,"(138.68, 1121.69]",0.041654227303983424,"(-inf, 250.0]",0.6610277277346917,"(-inf, 191.5]",1.1741703917563333
2,0,12,1060.501843,1300,569,"(1.5, 15.5]",-0.0406773138368468,"(138.68, 1121.69]",0.041654227303983424,"(1150.0, 1350.0]",-0.2281076149142269,"(450.5, 623.5]",0.04047982904804176
3166,0,2,1875.016448,2400,960,"(1.5, 15.5]",-0.0406773138368468,"(1121.69, inf]",-1.0359899775063022,"(1750.0, inf]",-1.264675762282789,"(702.5, inf]",-1.7446851744547323
4957,0,0,597.0186446,3300,953,"(-inf, 1.5]",-0.5795501057798665,"(138.68, 1121.69]",0.041654227303983424,"(1750.0, inf]",-1.264675762282789,"(702.5, inf]",-1.7446851744547323
2053,1,13,353.3139538,1000,212,"(1.5, 15.5]",-0.0406773138368468,"(138.68, 1121.69]",0.041654227303983424,"(250.0, 1150.0]",0.34084726192349113,"(191.5, 450.5]",0.4745183096002622
3936,1,4,18.8676878,200,39,"(1.5, 15.5]",-0.0406773138368468,"(-inf, 138.68]",0.3508536149625971,"(-inf, 250.0]",0.6610277277346917,"(-inf, 191.5]",1.1741703917563333
4292,0,2,206.4822537,1100,617,"(1.5, 15.5]",-0.0406773138368468,"(138.68, 1121.69]",0.041654227303983424,"(250.0, 1150.0]",0.34084726192349113,"(450.5, 623.5]",0.04047982904804176
2867,0,0,156.6773739,900,663,"(-inf, 1.5]",-0.5795501057798665,"(138.68, 1121.69]",0.041654227303983424,"(250.0, 1150.0]",0.34084726192349113,"(623.5, 702.5]",-0.563990054998142
3363,0,3,655.4175385,1800,832,"(1.5, 15.5]",-0.0406773138368468,"(138.68, 1121.69]",0.041654227303983424,"(1750.0, inf]",-1.264675762282789,"(702.5, inf]",-1.7446851744547323
1170,0,0,577.9119189,1300,946,"(-inf, 1.5]",-0.5795501057798665,"(138.68, 1121.69]",0.041654227303983424,"(1150.0, 1350.0]",-0.2281076149142269,"(702.5, inf]",-1.7446851744547323
4792,0,13,192.4224118,600,286,"(1.5, 15.5]",-0.0406773138368468,"(138.68, 1121.69]",0.041654227303983424,"(250.0, 1150.0]",0.34084726192349113,"(191.5, 450.5]",0.4745183096002622
624,1,3,352.5110743,1100,23,"(1.5, 15.5]",-0.0406773138368468,"(138.68, 1121.69]",0.041654227303983424,"(250.0, 1150.0]",0.34084726192349113,"(-inf, 191.5]",1.1741703917563333
1782,0,0,607.0765554,900,874,"(-inf, 1.5]",-0.5795501057798665,"(138.68, 1121.69]",0.041654227303983424,"(250.0, 1150.0]",0.34084726192349113,"(702.5, inf]",-1.7446851744547323
3095,1,0,93.62474805,500,135,"(-inf, 1.5]",-0.5795501057798665,"(-inf, 138.68]",0.3508536149625971,"(250.0, 1150.0]",0.34084726192349113,"(-inf, 191.5]",1.1741703917563333
4775,0,1,984.8731585,1100,738,"(-inf, 1.5]",-0.5795501057798665,"(138.68, 1121.69]",0.041654227303983424,"(250.0, 1150.0]",0.34084726192349113,"(702.5, inf]",-1.7446851744547323
4568,0,1,232.2928853,1300,748,"(-inf, 1.5]",-0.5795501057798665,"(138.68, 1121.69]",0.041654227303983424,"(1150.0, 1350.0]",-0.2281076149142269,"(702.5, inf]",-1.7446851744547323
1659,0,1,195.3382838,400,11,"(-inf, 1.5]",-0.5795501057798665,"(138.68, 1121.69]",0.041654227303983424,"(250.0, 1150.0]",0.34084726192349113,"(-inf, 191.5]",1.1741703917563333
3800,0,0,1290.967896,1300,750,"(-inf, 1.5]",-0.5795501057798665,"(1121.69, inf]",-1.0359899775063022,"(1150.0, 1350.0]",-0.2281076149142269,"(702.5, inf]",-1.7446851744547323
224,0,0,989.4183237,1200,822,"(-inf, 1.5]",-0.5795501057798665,"(138.68, 1121.69]",0.041654227303983424,"(1150.0, 1350.0]",-0.2281076149142269,"(702.5, inf]",-1.7446851744547323
822,0,0,186.376816,2000,931,"(-inf, 1.5]",-0.5795501057798665,"(138.68, 1121.69]",0.041654227303983424,"(1750.0, inf]",-1.264675762282789,"(702.5, inf]",-1.7446851744547323
4779,0,11,199.7888131,1200,733,"(1.5, 15.5]",-0.0406773138368468,"(138.68, 1121.69]",0.041654227303983424,"(1150.0, 1350.0]",-0.2281076149142269,"(702.5, inf]",-1.7446851744547323
3620,0,0,723.2408197,1300,896,"(-inf, 1.5]",-0.5795501057798665,"(138.68, 1121.69]",0.041654227303983424,"(1150.0, 1350.0]",-0.2281076149142269,"(702.5, inf]",-1.7446851744547323
2150,0,2,643.3757244,1300,574,"(1.5, 15.5]",-0.0406773138368468,"(138.68, 1121.69]",0.041654227303983424,"(1150.0, 1350.0]",-0.2281076149142269,"(450.5, 623.5]",0.04047982904804176
3004,0,8,50.17738145,800,625,"(1.5, 15.5]",-0.0406773138368468,"(-inf, 138.68]",0.3508536149625971,"(250.0, 1150.0]",0.34084726192349113,"(623.5, 702.5]",-0.563990054998142
4542,0,8,928.7215467,1400,500,"(1.5, 15.5]",-0.0406773138368468,"(138.68, 1121.69]",0.041654227303983424,"(1350.0, 1750.0]",-0.5494831152766727,"(450.5, 623.5]",0.04047982904804176
3381,0,1,823.6064207,2100,716,"(-inf, 1.5]",-0.5795501057798665,"(138.68, 1121.69]",0.041654227303983424,"(1750.0, inf]",-1.264675762282789,"(702.5, inf]",-1.7446851744547323
3666,1,22,117.2885172,1300,450,"(15.5, 30.5]",0.6686743240412198,"(-inf, 138.68]",0.3508536149625971,"(1150.0, 1350.0]",-0.2281076149142269,"(191.5, 450.5]",0.4745183096002622
1650,0,0,14.66375834,1900,787,"(-inf, 1.5]",-0.5795501057798665,"(-inf, 138.68]",0.3508536149625971,"(1750.0, inf]",-1.264675762282789,"(702.5, inf]",-1.7446851744547323
171,0,1,896.9821219,1800,703,"(-inf, 1.5]",-0.5795501057798665,"(138.68, 1121.69]",0.041654227303983424,"(1750.0, inf]",-1.264675762282789,"(702.5, inf]",-1.7446851744547323
4726,0,1,334.2489558,1100,421,"(-inf, 1.5]",-0.5795501057798665,"(138.68, 1121.69]",0.041654227303983424,"(250.0, 1150.0]",0.34084726192349113,"(191.5, 450.5]",0.4745183096002622
3457,1,0,696.0954309,1500,639,"(-inf, 1.5]",-0.5795501057798665,"(138.68, 1121.69]",0.041654227303983424,"(1350.0, 1750.0]",-0.5494831152766727,"(623.5, 702.5]",-0.563990054998142
4927,0,17,39.30328332,700,246,"(15.5, 30.5]",0.6686743240412198,"(-inf, 138.68]",0.3508536149625971,"(250.0, 1150.0]",0.34084726192349113,"(191.5, 450.5]",0.4745183096002622
1414,0,1,262.9845906,500,469,"(-inf, 1.5]",-0.5795501057798665,"(138.68, 1121.69]",0.041654227303983424,"(250.0, 1150.0]",0.34084726192349113,"(450.5, 623.5]",0.04047982904804176
2119,0,15,159.409149,800,316,"(1.5, 15.5]",-0.0406773138368468,"(138.68, 1121.69]",0.041654227303983424,"(250.0, 1150.0]",0.34084726192349113,"(191.5, 450.5]",0.4745183096002622
290,1,1,337.3858,1000,196,"(-inf, 1.5]",-0.5795501057798665,"(138.68, 1121.69]",0.041654227303983424,"(250.0, 1150.0]",0.34084726192349113,"(191.5, 450.5]",0.4745183096002622
75,1,0,16.41807599,1700,722,"(-inf, 1.5]",-0.5795501057798665,"(-inf, 138.68]",0.3508536149625971,"(1350.0, 1750.0]",-0.5494831152766727,"(702.5, inf]",-1.7446851744547323
3736,0,0,1361.588858,1600,684,"(-inf, 1.5]",-0.5795501057798665,"(1121.69, inf]",-1.0359899775063022,"(1350.0, 1750.0]",-0.5494831152766727,"(623.5, 702.5]",-0.563990054998142
1146,0,0,604.9328367,900,719,"(-inf, 1.5]",-0.5795501057798665,"(138.68, 1121.69]",0.041654227303983424,"(250.0, 1150.0]",0.34084726192349113,"(702.5, inf]",-1.7446851744547323
419,0,0,293.3971211,1700,738,"(-inf, 1.5]",-0.5795501057798665,"(138.68, 1121.69]",0.041654227303983424,"(1350.0, 1750.0]",-0.5494831152766727,"(702.5, inf]",-1.7446851744547323
616,0,0,947.7615232,1600,973,"(-inf, 1.5]",-0.5795501057798665,"(138.68, 1121.69]",0.041654227303983424,"(1350.0, 1750.0]",-0.5494831152766727,"(702.5, inf]",-1.7446851744547323
1441,1,2,214.3807553,600,244,"(1.5, 15.5]",-0.0406773138368468,"(138.68, 1121.69]",0.041654227303983424,"(250.0, 1150.0]",0.34084726192349113,"(191.5, 450.5]",0.4745183096002622
4988,0,5,210.7049642,300,182,"(1.5, 15.5]",-0.0406773138368468,"(138.68, 1121.69]",0.041654227303983424,"(250.0, 1150.0]",0.34084726192349113,"(-inf, 191.5]",1.1741703917563333
3926,1,17,407.6930835,1000,425,"(15.5, 30.5]",0.6686743240412198,"(138.68, 1121.69]",0.041654227303983424,"(250.0, 1150.0]",0.34084726192349113,"(191.5, 450.5]",0.4745183096002622
2685,1,23,463.358267,800,254,"(15.5, 30.5]",0.6686743240412198,"(138.68, 1121.69]",0.041654227303983424,"(250.0, 1150.0]",0.34084726192349113,"(191.5, 450.5]",0.4745183096002622
4852,0,4,231.5971457,300,442,"(1.5, 15.5]",-0.0406773138368468,"(138.68, 1121.69]",0.041654227303983424,"(250.0, 1150.0]",0.34084726192349113,"(191.5, 450.5]",0.4745183096002622
4900,0,0,1539.166683,2000,914,"(-inf, 1.5]",-0.5795501057798665,"(1121.69, inf]",-1.0359899775063022,"(1750.0, inf]",-1.264675762282789,"(702.5, inf]",-1.7446851744547323
3167,1,12,226.0531415,800,262,"(1.5, 15.5]",-0.0406773138368468,"(138.68, 1121.69]",0.041654227303983424,"(250.0, 1150.0]",0.34084726192349113,"(191.5, 450.5]",0.4745183096002622
4795,0,14,609.6125842,2200,787,"(1.5, 15.5]",-0.0406773138368468,"(138.68, 1121.69]",0.041654227303983424,"(1750.0, inf]",-1.264675762282789,"(702.5, inf]",-1.7446851744547323
3843,0,4,276.3648034,400,75,"(1.5, 15.5]",-0.0406773138368468,"(138.68, 1121.69]",0.041654227303983424,"(250.0, 1150.0]",0.34084726192349113,"(-inf, 191.5]",1.1741703917563333
4027,0,1,1526.578976,1800,733,"(-inf, 1.5]",-0.5795501057798665,"(1121.69, inf]",-1.0359899775063022,"(1750.0, inf]",-1.264675762282789,"(702.5, inf]",-1.7446851744547323
1855,1,40,183.4629972,200,47,"(30.5, 60.5]",2.1720634895446294,"(138.68, 1121.69]",0.041654227303983424,"(-inf, 250.0]",0.6610277277346917,"(-inf, 191.5]",1.1741703917563333
1973,0,18,625.1267005,1300,252,"(15.5, 30.5]",0.6686743240412198,"(138.68, 1121.69]",0.041654227303983424,"(1150.0, 1350.0]",-0.2281076149142269,"(191.5, 450.5]",0.4745183096002622
1327,1,19,665.5529211,700,283,"(15.5, 30.5]",0.6686743240412198,"(138.68, 1121.69]",0.041654227303983424,"(250.0, 1150.0]",0.34084726192349113,"(191.5, 450.5]",0.4745183096002622
4536,1,37,328.924315,600,62,"(30.5, 60.5]",2.1720634895446294,"(138.68, 1121.69]",0.041654227303983424,"(250.0, 1150.0]",0.34084726192349113,"(-inf, 191.5]",1.1741703917563333
2376,1,0,659.670497,1100,421,"(-inf, 1.5]",-0.5795501057798665,"(138.68, 1121.69]",0.041654227303983424,"(250.0, 1150.0]",0.34084726192349113,"(191.5, 450.5]",0.4745183096002622
2932,0,3,670.2079594,1500,902,"(1.5, 15.5]",-0.0406773138368468,"(138.68, 1121.69]",0.041654227303983424,"(1350.0, 1750.0]",-0.5494831152766727,"(702.5, inf]",-1.7446851744547323
557,1,2,80.41413572,200,177,"(1.5, 15.5]",-0.0406773138368468,"(-inf, 138.68]",0.3508536149625971,"(-inf, 250.0]",0.6610277277346917,"(-inf, 191.5]",1.1741703917563333
3299,0,6,155.7252475,200,94,"(1.5, 15.5]",-0.0406773138368468,"(138.68, 1121.69]",0.041654227303983424,"(-inf, 250.0]",0.6610277277346917,"(-inf, 191.5]",1.1741703917563333
4224,0,6,394.5271972,2200,970,"(1.5, 15.5]",-0.0406773138368468,"(138.68, 1121.69]",0.041654227303983424,"(1750.0, inf]",-1.264675762282789,"(702.5, inf]",-1.7446851744547323
401,1,4,605.7527289,700,288,"(1.5, 15.5]",-0.0406773138368468,"(138.68, 1121.69]",0.041654227303983424,"(250.0, 1150.0]",0.34084726192349113,"(191.5, 450.5]",0.4745183096002622
1642,1,25,809.5333043,1200,645,"(15.5, 30.5]",0.6686743240412198,"(138.68, 1121.69]",0.041654227303983424,"(1150.0, 1350.0]",-0.2281076149142269,"(623.5, 702.5]",-0.563990054998142
4449,0,2,50.78712293,200,153,"(1.5, 15.5]",-0.0406773138368468,"(-inf, 138.68]",0.3508536149625971,"(-inf, 250.0]",0.6610277277346917,"(-inf, 191.5]",1.1741703917563333
2065,0,12,293.5638602,700,256,"(1.5, 15.5]",-0.0406773138368468,"(138.68, 1121.69]",0.041654227303983424,"(250.0, 1150.0]",0.34084726192349113,"(191.5, 450.5]",0.4745183096002622
4742,1,11,1188.279769,1300,292,"(1.5, 15.5]",-0.0406773138368468,"(1121.69, inf]",-1.0359899775063022,"(1150.0, 1350.0]",-0.2281076149142269,"(191.5, 450.5]",0.4745183096002622
370,0,0,1047.505273,1200,566,"(-inf, 1.5]",-0.5795501057798665,"(138.68, 1121.69]",0.041654227303983424,"(1150.0, 1350.0]",-0.2281076149142269,"(450.5, 623.5]",0.04047982904804176
2567,0,0,796.916078,2500,873,"(-inf, 1.5]",-0.5795501057798665,"(138.68, 1121.69]",0.041654227303983424,"(1750.0, inf]",-1.264675762282789,"(702.5, inf]",-1.7446851744547323
2368,1,59,672.1011776,1500,535,"(30.5, 60.5]",2.1720634895446294,"(138.68, 1121.69]",0.041654227303983424,"(1350.0, 1750.0]",-0.5494831152766727,"(450.5, 623.5]",0.04047982904804176
4054,1,63,76.27706849,300,69,"(60.5, inf]",4.147649406746059,"(-inf, 138.68]",0.3508536149625971,"(250.0, 1150.0]",0.34084726192349113,"(-inf, 191.5]",1.1741703917563333
1797,0,50,59.76655576,300,484,"(30.5, 60.5]",2.1720634895446294,"(-inf, 138.68]",0.3508536149625971,"(250.0, 1150.0]",0.34084726192349113,"(450.5, 623.5]",0.04047982904804176
1107,1,5,433.8921874,900,188,"(1.5, 15.5]",-0.0406773138368468,"(138.68, 1121.69]",0.041654227303983424,"(250.0, 1150.0]",0.34084726192349113,"(-inf, 191.5]",1.1741703917563333
623,0,0,436.1311703,2400,782,"(-inf, 1.5]",-0.5795501057798665,"(138.68, 1121.69]",0.041654227303983424,"(1750.0, inf]",-1.264675762282789,"(702.5, inf]",-1.7446851744547323
550,1,37,389.8046055,1000,503,"(30.5, 60.5]",2.1720634895446294,"(138.68, 1121.69]",0.041654227303983424,"(250.0, 1150.0]",0.34084726192349113,"(450.5, 623.5]",0.04047982904804176
4493,0,0,207.4783183,800,661,"(-inf, 1.5]",-0.5795501057798665,"(138.68, 1121.69]",0.041654227303983424,"(250.0, 1150.0]",0.34084726192349113,"(623.5, 702.5]",-0.563990054998142
3981,0,10,86.6750145,1200,594,"(1.5, 15.5]",-0.0406773138368468,"(-inf, 138.68]",0.3508536149625971,"(1150.0, 1350.0]",-0.2281076149142269,"(450.5, 623.5]",0.04047982904804176
2611,1,10,1059.421675,1400,799,"(1.5, 15.5]",-0.0406773138368468,"(138.68, 1121.69]",0.041654227303983424,"(1350.0, 1750.0]",-0.5494831152766727,"(702.5, inf]",-1.7446851744547323
1142,0,5,424.480755,800,395,"(1.5, 15.5]",-0.0406773138368468,"(138.68, 1121.69]",0.041654227303983424,"(250.0, 1150.0]",0.34084726192349113,"(191.5, 450.5]",0.4745183096002622
3460,0,0,1068.461757,1800,901,"(-inf, 1.5]",-0.5795501057798665,"(138.68, 1121.69]",0.041654227303983424,"(1750.0, inf]",-1.264675762282789,"(702.5, inf]",-1.7446851744547323
4785,0,11,108.3243407,300,134,"(1.5, 15.5]",-0.0406773138368468,"(-inf, 138.68]",0.3508536149625971,"(250.0, 1150.0]",0.34084726192349113,"(-inf, 191.5]",1.1741703917563333
4511,0,0,1304.718353,2200,935,"(-inf, 1.5]",-0.5795501057798665,"(1121.69, inf]",-1.0359899775063022,"(1750.0, inf]",-1.264675762282789,"(702.5, inf]",-1.7446851744547323
1362,1,0,260.7364936,500,319,"(-inf, 1.5]",-0.5795501057798665,"(138.68, 1121.69]",0.041654227303983424,"(250.0, 1150.0]",0.34084726192349113,"(191.5, 450.5]",0.4745183096002622
1904,0,1,561.7818352,600,491,"(-inf, 1.5]",-0.5795501057798665,"(138.68, 1121.69]",0.041654227303983424,"(250.0, 1150.0]",0.34084726192349113,"(450.5, 623.5]",0.04047982904804176
835,1,83,419.1691729,500,595,"(60.5, inf]",4.147649406746059,"(138.68, 1121.69]",0.041654227303983424,"(250.0, 1150.0]",0.34084726192349113,"(450.5, 623.5]",0.04047982904804176
836,1,60,1229.680309,1300,569,"(30.5, 60.5]",2.1720634895446294,"(1121.69, inf]",-1.0359899775063022,"(1150.0, 1350.0]",-0.2281076149142269,"(450.5, 623.5]",0.04047982904804176
4349,0,0,176.6418883,900,357,"(-inf, 1.5]",-0.5795501057798665,"(138.68, 1121.69]",0.041654227303983424,"(250.0, 1150.0]",0.34084726192349113,"(191.5, 450.5]",0.4745183096002622
4118,0,0,187.3342682,1200,678,"(-inf, 1.5]",-0.5795501057798665,"(138.68, 1121.69]",0.041654227303983424,"(1150.0, 1350.0]",-0.2281076149142269,"(623.5, 702.5]",-0.563990054998142
2083,1,0,977.8892965,1000,25,"(-inf, 1.5]",-0.5795501057798665,"(138.68, 1121.69]",0.041654227303983424,"(250.0, 1150.0]",0.34084726192349113,"(-inf, 191.5]",1.1741703917563333
3755,0,0,620.284735,1000,818,"(-inf, 1.5]",-0.5795501057798665,"(138.68, 1121.69]",0.041654227303983424,"(250.0, 1150.0]",0.34084726192349113,"(702.5, inf]",-1.7446851744547323
3265,0,0,369.485758,1200,832,"(-inf, 1.5]",-0.5795501057798665,"(138.68, 1121.69]",0.041654227303983424,"(1150.0, 1350.0]",-0.2281076149142269,"(702.5, inf]",-1.7446851744547323
1613,0,0,240.9159045,1700,768,"(-inf, 1.5]",-0.5795501057798665,"(138.68, 1121.69]",0.041654227303983424,"(1350.0, 1750.0]",-0.5494831152766727,"(702.5, inf]",-1.7446851744547323
1486,1,18,510.3175406,700,225,"(15.5, 30.5]",0.6686743240412198,"(138.68, 1121.69]",0.041654227303983424,"(250.0, 1150.0]",0.34084726192349113,"(191.5, 450.5]",0.4745183096002622
4290,0,4,68.16720983,1900,832,"(1.5, 15.5]",-0.0406773138368468,"(-inf, 138.68]",0.3508536149625971,"(1750.0, inf]",-1.264675762282789,"(702.5, inf]",-1.7446851744547323
4656,0,15,346.5727351,500,433,"(1.5, 15.5]",-0.0406773138368468,"(138.68, 1121.69]",0.041654227303983424,"(250.0, 1150.0]",0.34084726192349113,"(191.5, 450.5]",0.4745183096002622
88,1,86,24.41999848,800,6,"(60.5, inf]",4.147649406746059,"(-inf, 138.68]",0.3508536149625971,"(250.0, 1150.0]",0.34084726192349113,"(-inf, 191.5]",1.1741703917563333
916,1,21,119.2056724,1000,549,"(15.5, 30.5]",0.6686743240412198,"(-inf, 138.68]",0.3508536149625971,"(250.0, 1150.0]",0.34084726192349113,"(450.5, 623.5]",0.04047982904804176
2478,0,1,54.20524264,200,79,"(-inf, 1.5]",-0.5795501057798665,"(-inf, 138.68]",0.3508536149625971,"(-inf, 250.0]",0.6610277277346917,"(-inf, 191.5]",1.1741703917563333
22,1,1,178.3840205,200,61,"(-inf, 1.5]",-0.5795501057798665,"(138.68, 1121.69]",0.041654227303983424,"(-inf, 250.0]",0.6610277277346917,"(-inf, 191.5]",1.1741703917563333
3302,0,1,53.19612881,300,363,"(-inf, 1.5]",-0.5795501057798665,"(-inf, 138.68]",0.3508536149625971,"(250.0, 1150.0]",0.34084726192349113,"(191.5, 450.5]",0.4745183096002622
4263,1,5,249.127303,300,338,"(1.5, 15.5]",-0.0406773138368468,"(138.68, 1121.69]",0.041654227303983424,"(250.0, 1150.0]",0.34084726192349113,"(191.5, 450.5]",0.4745183096002622
4578,0,0,103.434842,1400,715,"(-inf, 1.5]",-0.5795501057798665,"(-inf, 138.68]",0.3508536149625971,"(1350.0, 1750.0]",-0.5494831152766727,"(702.5, inf]",-1.7446851744547323
1645,0,0,618.7779819,1000,641,"(-inf, 1.5]",-0.5795501057798665,"(138.68, 1121.69]",0.041654227303983424,"(250.0, 1150.0]",0.34084726192349113,"(623.5, 702.5]",-0.563990054998142
1027,0,1,2.197743558,900,37,"(-inf, 1.5]",-0.5795501057798665,"(-inf, 138.68]",0.3508536149625971,"(250.0, 1150.0]",0.34084726192349113,"(-inf, 191.5]",1.1741703917563333
1798,1,58,696.4115361,700,476,"(30.5, 60.5]",2.1720634895446294,"(138.68, 1121.69]",0.041654227303983424,"(250.0, 1150.0]",0.34084726192349113,"(450.5, 623.5]",0.04047982904804176
3826,0,0,11.28326228,1100,407,"(-inf, 1.5]",-0.5795501057798665,"(-inf, 138.68]",0.3508536149625971,"(250.0, 1150.0]",0.34084726192349113,"(191.5, 450.5]",0.4745183096002622
4826,0,1,332.2225041,500,404,"(-inf, 1.5]",-0.5795501057798665,"(138.68, 1121.69]",0.041654227303983424,"(250.0, 1150.0]",0.34084726192349113,"(191.5, 450.5]",0.4745183096002622
1157,1,11,198.6785195,400,403,"(1.5, 15.5]",-0.0406773138368468,"(138.68, 1121.69]",0.041654227303983424,"(250.0, 1150.0]",0.34084726192349113,"(191.5, 450.5]",0.4745183096002622
4589,0,0,1112.530939,2300,793,"(-inf, 1.5]",-0.5795501057798665,"(138.68, 1121.69]",0.041654227303983424,"(1750.0, inf]",-1.264675762282789,"(702.5, inf]",-1.7446851744547323
3000,1,21,51.52165658,700,422,"(15.5, 30.5]",0.6686743240412198,"(-inf, 138.68]",0.3508536149625971,"(250.0, 1150.0]",0.34084726192349113,"(191.5, 450.5]",0.4745183096002622
936,1,2,469.1768765,1000,539,"(1.5, 15.5]",-0.0406773138368468,"(138.68, 1121.69]",0.041654227303983424,"(250.0, 1150.0]",0.34084726192349113,"(450.5, 623.5]",0.04047982904804176
3541,0,0,94.07994358,1700,929,"(-inf, 1.5]",-0.5795501057798665,"(-inf, 138.68]",0.3508536149625971,"(1350.0, 1750.0]",-0.5494831152766727,"(702.5, inf]",-1.7446851744547323
4587,0,1,198.1371901,2000,768,"(-inf, 1.5]",-0.5795501057798665,"(138.68, 1121.69]",0.041654227303983424,"(1750.0, inf]",-1.264675762282789,"(702.5, inf]",-1.7446851744547323
4482,1,1,86.45464942,200,90,"(-inf, 1.5]",-0.5795501057798665,"(-inf, 138.68]",0.3508536149625971,"(-inf, 250.0]",0.6610277277346917,"(-inf, 191.5]",1.1741703917563333
546,0,0,36.68848243,200,637,"(-inf, 1.5]",-0.5795501057798665,"(-inf, 138.68]",0.3508536149625971,"(-inf, 250.0]",0.6610277277346917,"(623.5, 702.5]",-0.563990054998142
778,0,0,881.7121695,1600,990,"(-inf, 1.5]",-0.5795501057798665,"(138.68, 1121.69]",0.041654227303983424,"(1350.0, 1750.0]",-0.5494831152766727,"(702.5, inf]",-1.7446851744547323
1530,0,10,875.138689,1200,615,"(1.5, 15.5]",-0.0406773138368468,"(138.68, 1121.69]",0.041654227303983424,"(1150.0, 1350.0]",-0.2281076149142269,"(450.5, 623.5]",0.04047982904804176
3815,0,1,475.7145631,900,274,"(-inf, 1.5]",-0.5795501057798665,"(138.68, 1121.69]",0.041654227303983424,"(250.0, 1150.0]",0.34084726192349113,"(191.5, 450.5]",0.4745183096002622
4710,0,0,607.6986843,1400,650,"(-inf, 1.5]",-0.5795501057798665,"(138.68, 1121.69]",0.041654227303983424,"(1350.0, 1750.0]",-0.5494831152766727,"(623.5, 702.5]",-0.563990054998142
2642,0,0,707.8523618,1900,904,"(-inf, 1.5]",-0.5795501057798665,"(138.68, 1121.69]",0.041654227303983424,"(1750.0, inf]",-1.264675762282789,"(702.5, inf]",-1.7446851744547323
3156,1,1,2.747883575,200,4,"(-inf, 1.5]",-0.5795501057798665,"(-inf, 138.68]",0.3508536149625971,"(-inf, 250.0]",0.6610277277346917,"(-inf, 191.5]",1.1741703917563333
2239,1,27,773.3750444,900,288,"(15.5, 30.5]",0.6686743240412198,"(138.68, 1121.69]",0.041654227303983424,"(250.0, 1150.0]",0.34084726192349113,"(191.5, 450.5]",0.4745183096002622
3085,0,8,1026.977484,1300,593,"(1.5, 15.5]",-0.0406773138368468,"(138.68, 1121.69]",0.041654227303983424,"(1150.0, 1350.0]",-0.2281076149142269,"(450.5, 623.5]",0.04047982904804176
956,0,2,1471.098421,2000,848,"(1.5, 15.5]",-0.0406773138368468,"(1121.69, inf]",-1.0359899775063022,"(1750.0, inf]",-1.264675762282789,"(702.5, inf]",-1.7446851744547323
3514,0,9,356.5728285,1100,261,"(1.5, 15.5]",-0.0406773138368468,"(138.68, 1121.69]",0.041654227303983424,"(250.0, 1150.0]",0.34084726192349113,"(191.5, 450.5]",0.4745183096002622
1087,1,1,179.3982214,600,260,"(-inf, 1.5]",-0.5795501057798665,"(138.68, 1121.69]",0.041654227303983424,"(250.0, 1150.0]",0.34084726192349113,"(191.5, 450.5]",0.4745183096002622
2643,0,10,443.2075719,500,163,"(1.5, 15.5]",-0.0406773138368468,"(138.68, 1121.69]",0.041654227303983424,"(250.0, 1150.0]",0.34084726192349113,"(-inf, 191.5]",1.1741703917563333
2561,0,2,134.8606907,1100,927,"(1.5, 15.5]",-0.0406773138368468,"(-inf, 138.68]",0.3508536149625971,"(250.0, 1150.0]",0.34084726192349113,"(702.5, inf]",-1.7446851744547323
997,1,32,77.79033488,200,178,"(30.5, 60.5]",2.1720634895446294,"(-inf, 138.68]",0.3508536149625971,"(-inf, 250.0]",0.6610277277346917,"(-inf, 191.5]",1.1741703917563333
3660,0,0,910.1625512,2000,811,"(-inf, 1.5]",-0.5795501057798665,"(138.68, 1121.69]",0.041654227303983424,"(1750.0, inf]",-1.264675762282789,"(702.5, inf]",-1.7446851744547323
3909,0,30,256.0093662,500,683,"(15.5, 30.5]",0.6686743240412198,"(138.68, 1121.69]",0.041654227303983424,"(250.0, 1150.0]",0.34084726192349113,"(623.5, 702.5]",-0.563990054998142
755,0,11,554.5118298,2100,835,"(1.5, 15.5]",-0.0406773138368468,"(138.68, 1121.69]",0.041654227303983424,"(1750.0, inf]",-1.264675762282789,"(702.5, inf]",-1.7446851744547323
3895,0,1,13.75568506,1000,423,"(-inf, 1.5]",-0.5795501057798665,"(-inf, 138.68]",0.3508536149625971,"(250.0, 1150.0]",0.34084726192349113,"(191.5, 450.5]",0.4745183096002622
723,0,0,410.0487275,800,767,"(-inf, 1.5]",-0.5795501057798665,"(138.68, 1121.69]",0.041654227303983424,"(250.0, 1150.0]",0.34084726192349113,"(702.5, inf]",-1.7446851744547323
743,1,1,183.9962804,600,310,"(-inf, 1.5]",-0.5795501057798665,"(138.68, 1121.69]",0.041654227303983424,"(250.0, 1150.0]",0.34084726192349113,"(191.5, 450.5]",0.4745183096002622
2481,1,30,575.5113662,2500,817,"(15.5, 30.5]",0.6686743240412198,"(138.68, 1121.69]",0.041654227303983424,"(1750.0, inf]",-1.264675762282789,"(702.5, inf]",-1.7446851744547323
2380,1,23,561.3697941,1200,235,"(15.5, 30.5]",0.6686743240412198,"(138.68, 1121.69]",0.041654227303983424,"(1150.0, 1350.0]",-0.2281076149142269,"(191.5, 450.5]",0.4745183096002622
503,0,0,533.3670499,1400,500,"(-inf, 1.5]",-0.5795501057798665,"(138.68, 1121.69]",0.041654227303983424,"(1350.0, 1750.0]",-0.5494831152766727,"(450.5, 623.5]",0.04047982904804176
23,0,2,1001.392414,1900,883,"(1.5, 15.5]",-0.0406773138368468,"(138.68, 1121.69]",0.041654227303983424,"(1750.0, inf]",-1.264675762282789,"(702.5, inf]",-1.7446851744547323
2903,1,0,1330.60414,2000,845,"(-inf, 1.5]",-0.5795501057798665,"(1121.69, inf]",-1.0359899775063022,"(1750.0, inf]",-1.264675762282789,"(702.5, inf]",-1.7446851744547323
935,1,17,1173.756236,2500,940,"(15.5, 30.5]",0.6686743240412198,"(1121.69, inf]",-1.0359899775063022,"(1750.0, inf]",-1.264675762282789,"(702.5, inf]",-1.7446851744547323
2582,0,18,125.266899,200,87,"(15.5, 30.5]",0.6686743240412198,"(-inf, 138.68]",0.3508536149625971,"(-inf, 250.0]",0.6610277277346917,"(-inf, 191.5]",1.1741703917563333
967,1,35,777.5069472,800,401,"(30.5, 60.5]",2.1720634895446294,"(138.68, 1121.69]",0.041654227303983424,"(250.0, 1150.0]",0.34084726192349113,"(191.5, 450.5]",0.4745183096002622
3618,1,5,654.8071417,1100,529,"(1.5, 15.5]",-0.0406773138368468,"(138.68, 1121.69]",0.041654227303983424,"(250.0, 1150.0]",0.34084726192349113,"(450.5, 623.5]",0.04047982904804176
3612,0,3,619.3389192,700,545,"(1.5, 15.5]",-0.0406773138368468,"(138.68, 1121.69]",0.041654227303983424,"(250.0, 1150.0]",0.34084726192349113,"(450.5, 623.5]",0.04047982904804176
2360,1,0,262.1699721,500,483,"(-inf, 1.5]",-0.5795501057798665,"(138.68, 1121.69]",0.041654227303983424,"(250.0, 1150.0]",0.34084726192349113,"(450.5, 623.5]",0.04047982904804176
3928,0,0,177.892307,300,406,"(-inf, 1.5]",-0.5795501057798665,"(138.68, 1121.69]",0.041654227303983424,"(250.0, 1150.0]",0.34084726192349113,"(191.5, 450.5]",0.4745183096002622
1333,0,58,35.79055161,800,436,"(30.5, 60.5]",2.1720634895446294,"(-inf, 138.68]",0.3508536149625971,"(250.0, 1150.0]",0.34084726192349113,"(191.5, 450.5]",0.4745183096002622
514,1,0,335.9723675,400,407,"(-inf, 1.5]",-0.5795501057798665,"(138.68, 1121.69]",0.041654227303983424,"(250.0, 1150.0]",0.34084726192349113,"(191.5, 450.5]",0.4745183096002622
4338,0,0,61.08985556,800,296,"(-inf, 1.5]",-0.5795501057798665,"(-inf, 138.68]",0.3508536149625971,"(250.0, 1150.0]",0.34084726192349113,"(191.5, 450.5]",0.4745183096002622
3122,0,0,1448.038851,1900,927,"(-inf, 1.5]",-0.5795501057798665,"(1121.69, inf]",-1.0359899775063022,"(1750.0, inf]",-1.264675762282789,"(702.5, inf]",-1.7446851744547323
1286,0,8,978.740317,1200,865,"(1.5, 15.5]",-0.0406773138368468,"(138.68, 1121.69]",0.041654227303983424,"(1150.0, 1350.0]",-0.2281076149142269,"(702.5, inf]",-1.7446851744547323
294,0,0,81.71390068,1900,897,"(-inf, 1.5]",-0.5795501057798665,"(-inf, 138.68]",0.3508536149625971,"(1750.0, inf]",-1.264675762282789,"(702.5, inf]",-1.7446851744547323
1042,0,4,814.9705439,1100,521,"(1.5, 15.5]",-0.0406773138368468,"(138.68, 1121.69]",0.041654227303983424,"(250.0, 1150.0]",0.34084726192349113,"(450.5, 623.5]",0.04047982904804176
2194,0,0,452.691957,1500,907,"(-inf, 1.5]",-0.5795501057798665,"(138.68, 1121.69]",0.041654227303983424,"(1350.0, 1750.0]",-0.5494831152766727,"(702.5, inf]",-1.7446851744547323
1313,0,8,155.4084836,200,36,"(1.5, 15.5]",-0.0406773138368468,"(138.68, 1121.69]",0.041654227303983424,"(-inf, 250.0]",0.6610277277346917,"(-inf, 191.5]",1.1741703917563333
2512,0,12,42.81107628,2100,888,"(1.5, 15.5]",-0.0406773138368468,"(-inf, 138.68]",0.3508536149625971,"(1750.0, inf]",-1.264675762282789,"(702.5, inf]",-1.7446851744547323
604,1,0,522.5419252,900,109,"(-inf, 1.5]",-0.5795501057798665,"(138.68, 1121.69]",0.041654227303983424,"(250.0, 1150.0]",0.34084726192349113,"(-inf, 191.5]",1.1741703917563333
1511,0,1,312.8287779,1500,624,"(-inf, 1.5]",-0.5795501057798665,"(138.68, 1121.69]",0.041654227303983424,"(1350.0, 1750.0]",-0.5494831152766727,"(623.5, 702.5]",-0.563990054998142
1047,0,3,43.08597548,600,443,"(1.5, 15.5]",-0.0406773138368468,"(-inf, 138.68]",0.3508536149625971,"(250.0, 1150.0]",0.34084726192349113,"(191.5, 450.5]",0.4745183096002622
3579,1,13,29.53835713,200,99,"(1.5, 15.5]",-0.0406773138368468,"(-inf, 138.68]",0.3508536149625971,"(-inf, 250.0]",0.6610277277346917,"(-inf, 191.5]",1.1741703917563333
3602,1,15,453.3698076,700,139,"(1.5, 15.5]",-0.0406773138368468,"(138.68, 1121.69]",0.041654227303983424,"(250.0, 1150.0]",0.34084726192349113,"(-inf, 191.5]",1.1741703917563333
618,0,5,95.47737844,1000,643,"(1.5, 15.5]",-0.0406773138368468,"(-inf, 138.68]",0.3508536149625971,"(250.0, 1150.0]",0.34084726192349113,"(623.5, 702.5]",-0.563990054998142
3524,1,15,279.3556892,500,81,"(1.5, 15.5]",-0.0406773138368468,"(138.68, 1121.69]",0.041654227303983424,"(250.0, 1150.0]",0.34084726192349113,"(-inf, 191.5]",1.1741703917563333
2650,0,0,813.6317655,1700,698,"(-inf, 1.5]",-0.5795501057798665,"(138.68, 1121.69]",0.041654227303983424,"(1350.0, 1750.0]",-0.5494831152766727,"(623.5, 702.5]",-0.563990054998142
1421,1,50,89.34418184,600,617,"(30.5, 60.5]",2.1720634895446294,"(-inf, 138.68]",0.3508536149625971,"(250.0, 1150.0]",0.34084726192349113,"(450.5, 623.5]",0.04047982904804176
1061,1,0,119.0017051,200,73,"(-inf, 1.5]",-0.5795501057798665,"(-inf, 138.68]",0.3508536149625971,"(-inf, 250.0]",0.6610277277346917,"(-inf, 191.5]",1.1741703917563333
711,0,1,240.8843439,1100,409,"(-inf, 1.5]",-0.5795501057798665,"(138.68, 1121.69]",0.041654227303983424,"(250.0, 1150.0]",0.34084726192349113,"(191.5, 450.5]",0.4745183096002622
2543,0,14,129.4817599,800,200,"(1.5, 15.5]",-0.0406773138368468,"(-inf, 138.68]",0.3508536149625971,"(250.0, 1150.0]",0.34084726192349113,"(191.5, 450.5]",0.4745183096002622
3062,0,0,225.1800145,600,724,"(-inf, 1.5]",-0.5795501057798665,"(138.68, 1121.69]",0.041654227303983424,"(250.0, 1150.0]",0.34084726192349113,"(702.5, inf]",-1.7446851744547323
477,0,0,1142.382898,1300,994,"(-inf, 1.5]",-0.5795501057798665,"(1121.69, inf]",-1.0359899775063022,"(1150.0, 1350.0]",-0.2281076149142269,"(702.5, inf]",-1.7446851744547323
3350,0,0,401.9418244,1100,588,"(-inf, 1.5]",-0.5795501057798665,"(138.68, 1121.69]",0.041654227303983424,"(250.0, 1150.0]",0.34084726192349113,"(450.5, 623.5]",0.04047982904804176
3884,0,1,254.7063042,1000,246,"(-inf, 1.5]",-0.5795501057798665,"(138.68, 1121.69]",0.041654227303983424,"(250.0, 1150.0]",0.34084726192349113,"(191.5, 450.5]",0.4745183096002622
382,0,1,343.5711058,400,293,"(-inf, 1.5]",-0.5795501057798665,"(138.68, 1121.69]",0.041654227303983424,"(250.0, 1150.0]",0.34084726192349113,"(191.5, 450.5]",0.4745183096002622
2173,1,5,402.7773129,800,467,"(1.5, 15.5]",-0.0406773138368468,"(138.68, 1121.69]",0.041654227303983424,"(250.0, 1150.0]",0.34084726192349113,"(450.5, 623.5]",0.04047982904804176
4451,0,1,500.5301156,1800,735,"(-inf, 1.5]",-0.5795501057798665,"(138.68, 1121.69]",0.041654227303983424,"(1750.0, inf]",-1.264675762282789,"(702.5, inf]",-1.7446851744547323
3664,0,11,1078.260796,2200,927,"(1.5, 15.5]",-0.0406773138368468,"(138.68, 1121.69]",0.041654227303983424,"(1750.0, inf]",-1.264675762282789,"(702.5, inf]",-1.7446851744547323
1777,0,9,416.1189564,700,678,"(1.5, 15.5]",-0.0406773138368468,"(138.68, 1121.69]",0.041654227303983424,"(250.0, 1150.0]",0.34084726192349113,"(623.5, 702.5]",-0.563990054998142
4329,0,17,344.333906,400,178,"(15.5, 30.5]",0.6686743240412198,"(138.68, 1121.69]",0.041654227303983424,"(250.0, 1150.0]",0.34084726192349113,"(-inf, 191.5]",1.1741703917563333
1631,0,1,1016.944715,1400,745,"(-inf, 1.5]",-0.5795501057798665,"(138.68, 1121.69]",0.041654227303983424,"(1350.0, 1750.0]",-0.5494831152766727,"(702.5, inf]",-1.7446851744547323
1315,1,9,242.7027798,900,225,"(1.5, 15.5]",-0.0406773138368468,"(138.68, 1121.69]",0.041654227303983424,"(250.0, 1150.0]",0.34084726192349113,"(191.5, 450.5]",0.4745183096002622
2089,0,4,580.6920817,700,310,"(1.5, 15.5]",-0.0406773138368468,"(138.68, 1121.69]",0.041654227303983424,"(250.0, 1150.0]",0.34084726192349113,"(191.5, 450.5]",0.4745183096002622
313,0,0,2331.8449,2600,977,"(-inf, 1.5]",-0.5795501057798665,"(1121.69, inf]",-1.0359899775063022,"(1750.0, inf]",-1.264675762282789,"(702.5, inf]",-1.7446851744547323
1630,0,5,309.2938987,600,164,"(1.5, 15.5]",-0.0406773138368468,"(138.68, 1121.69]",0.041654227303983424,"(250.0, 1150.0]",0.34084726192349113,"(-inf, 191.5]",1.1741703917563333
2118,1,15,437.6102464,500,599,"(1.5, 15.5]",-0.0406773138368468,"(138.68, 1121.69]",0.041654227303983424,"(250.0, 1150.0]",0.34084726192349113,"(450.5, 623.5]",0.04047982904804176
621,1,2,468.5137853,1800,979,"(1.5, 15.5]",-0.0406773138368468,"(138.68, 1121.69]",0.041654227303983424,"(1750.0, inf]",-1.264675762282789,"(702.5, inf]",-1.7446851744547323
2534,0,4,456.4710684,500,411,"(1.5, 15.5]",-0.0406773138368468,"(138.68, 1121.69]",0.041654227303983424,"(250.0, 1150.0]",0.34084726192349113,"(191.5, 450.5]",0.4745183096002622
2242,1,0,246.1663665,600,188,"(-inf, 1.5]",-0.5795501057798665,"(138.68, 1121.69]",0.041654227303983424,"(250.0, 1150.0]",0.34084726192349113,"(-inf, 191.5]",1.1741703917563333
4386,0,2,1205.079017,1600,914,"(1.5, 15.5]",-0.0406773138368468,"(1121.69, inf]",-1.0359899775063022,"(1350.0, 1750.0]",-0.5494831152766727,"(702.5, inf]",-1.7446851744547323
2541,0,11,665.7366561,1500,511,"(1.5, 15.5]",-0.0406773138368468,"(138.68, 1121.69]",0.041654227303983424,"(1350.0, 1750.0]",-0.5494831152766727,"(450.5, 623.5]",0.04047982904804176
2866,0,4,691.8538743,700,38,"(1.5, 15.5]",-0.0406773138368468,"(138.68, 1121.69]",0.041654227303983424,"(250.0, 1150.0]",0.34084726192349113,"(-inf, 191.5]",1.1741703917563333
453,0,0,1137.991538,1300,773,"(-inf, 1.5]",-0.5795501057798665,"(1121.69, inf]",-1.0359899775063022,"(1150.0, 1350.0]",-0.2281076149142269,"(702.5, inf]",-1.7446851744547323
2721,0,0,20.67544209,2200,808,"(-inf, 1.5]",-0.5795501057798665,"(-inf, 138.68]",0.3508536149625971,"(1750.0, inf]",-1.264675762282789,"(702.5, inf]",-1.7446851744547323
1111,0,0,419.0713181,500,192,"(-inf, 1.5]",-0.5795501057798665,"(138.68, 1121.69]",0.041654227303983424,"(250.0, 1150.0]",0.34084726192349113,"(191.5, 450.5]",0.4745183096002622
3809,1,22,347.8026965,1200,557,"(15.5, 30.5]",0.6686743240412198,"(138.68, 1121.69]",0.041654227303983424,"(1150.0, 1350.0]",-0.2281076149142269,"(450.5, 623.5]",0.04047982904804176
4567,0,12,183.7515762,2300,855,"(1.5, 15.5]",-0.0406773138368468,"(138.68, 1121.69]",0.041654227303983424,"(1750.0, inf]",-1.264675762282789,"(702.5, inf]",-1.7446851744547323
589,1,9,815.5603061,1000,380,"(1.5, 15.5]",-0.0406773138368468,"(138.68, 1121.69]",0.041654227303983424,"(250.0, 1150.0]",0.34084726192349113,"(191.5, 450.5]",0.4745183096002622
4393,1,4,28.09727585,1000,437,"(1.5, 15.5]",-0.0406773138368468,"(-inf, 138.68]",0.3508536149625971,"(250.0, 1150.0]",0.34084726192349113,"(191.5, 450.5]",0.4745183096002622
3784,0,8,1546.009581,1900,674,"(1.5, 15.5]",-0.0406773138368468,"(1121.69, inf]",-1.0359899775063022,"(1750.0, inf]",-1.264675762282789,"(623.5, 702.5]",-0.563990054998142
4724,0,0,437.9720221,1100,822,"(-inf, 1.5]",-0.5795501057798665,"(138.68, 1121.69]",0.041654227303983424,"(250.0, 1150.0]",0.34084726192349113,"(702.5, inf]",-1.7446851744547323
4920,1,1,36.9899333,600,14,"(-inf, 1.5]",-0.5795501057798665,"(-inf, 138.68]",0.3508536149625971,"(250.0, 1150.0]",0.34084726192349113,"(-inf, 191.5]",1.1741703917563333
4720,0,0,439.7709696,1800,849,"(-inf, 1.5]",-0.5795501057798665,"(138.68, 1121.69]",0.041654227303983424,"(1750.0, inf]",-1.264675762282789,"(702.5, inf]",-1.7446851744547323
4427,0,0,1734.825887,2100,989,"(-inf, 1.5]",-0.5795501057798665,"(1121.69, inf]",-1.0359899775063022,"(1750.0, inf]",-1.264675762282789,"(702.5, inf]",-1.7446851744547323
1258,0,1,566.4522345,1400,857,"(-inf, 1.5]",-0.5795501057798665,"(138.68, 1121.69]",0.041654227303983424,"(1350.0, 1750.0]",-0.5494831152766727,"(702.5, inf]",-1.7446851744547323
1804,0,9,1597.233729,2100,821,"(1.5, 15.5]",-0.0406773138368468,"(1121.69, inf]",-1.0359899775063022,"(1750.0, inf]",-1.264675762282789,"(702.5, inf]",-1.7446851744547323
2743,0,3,140.4552194,900,509,"(1.5, 15.5]",-0.0406773138368468,"(138.68, 1121.69]",0.041654227303983424,"(250.0, 1150.0]",0.34084726192349113,"(450.5, 623.5]",0.04047982904804176
3988,0,1,948.9703756,1000,873,"(-inf, 1.5]",-0.5795501057798665,"(138.68, 1121.69]",0.041654227303983424,"(250.0, 1150.0]",0.34084726192349113,"(702.5, inf]",-1.7446851744547323
2980,0,3,397.3257719,800,372,"(1.5, 15.5]",-0.0406773138368468,"(138.68, 1121.69]",0.041654227303983424,"(250.0, 1150.0]",0.34084726192349113,"(191.5, 450.5]",0.4745183096002622
1791,0,1,1992.883144,2000,952,"(-inf, 1.5]",-0.5795501057798665,"(1121.69, inf]",-1.0359899775063022,"(1750.0, inf]",-1.264675762282789,"(702.5, inf]",-1.7446851744547323
3019,1,0,890.8381623,900,471,"(-inf, 1.5]",-0.5795501057798665,"(138.68, 1121.69]",0.041654227303983424,"(250.0, 1150.0]",0.34084726192349113,"(450.5, 623.5]",0.04047982904804176
2757,0,0,626.6249331,1000,791,"(-inf, 1.5]",-0.5795501057798665,"(138.68, 1121.69]",0.041654227303983424,"(250.0, 1150.0]",0.34084726192349113,"(702.5, inf]",-1.7446851744547323
2531,1,11,553.2084809,700,71,"(1.5, 15.5]",-0.0406773138368468,"(138.68, 1121.69]",0.041654227303983424,"(250.0, 1150.0]",0.34084726192349113,"(-inf, 191.5]",1.1741703917563333
2252,0,14,298.295554,700,201,"(1.5, 15.5]",-0.0406773138368468,"(138.68, 1121.69]",0.041654227303983424,"(250.0, 1150.0]",0.34084726192349113,"(191.5, 450.5]",0.4745183096002622
2513,1,24,692.0779433,1100,485,"(15.5, 30.5]",0.6686743240412198,"(138.68, 1121.69]",0.041654227303983424,"(250.0, 1150.0]",0.34084726192349113,"(450.5, 623.5]",0.04047982904804176
3823,0,0,582.7051616,1500,597,"(-inf, 1.5]",-0.5795501057798665,"(138.68, 1121.69]",0.041654227303983424,"(1350.0, 1750.0]",-0.5494831152766727,"(450.5, 623.5]",0.04047982904804176
1353,1,0,296.3123498,700,166,"(-inf, 1.5]",-0.5795501057798665,"(138.68, 1121.69]",0.041654227303983424,"(250.0, 1150.0]",0.34084726192349113,"(-inf, 191.5]",1.1741703917563333
3650,0,0,122.4060723,300,669,"(-inf, 1.5]",-0.5795501057798665,"(-inf, 138.68]",0.3508536149625971,"(250.0, 1150.0]",0.34084726192349113,"(623.5, 702.5]",-0.563990054998142
3690,0,26,54.35743639,1600,952,"(15.5, 30.5]",0.6686743240412198,"(-inf, 138.68]",0.3508536149625971,"(1350.0, 1750.0]",-0.5494831152766727,"(702.5, inf]",-1.7446851744547323
4468,0,2,199.319264,300,392,"(1.5, 15.5]",-0.0406773138368468,"(138.68, 1121.69]",0.041654227303983424,"(250.0, 1150.0]",0.34084726192349113,"(191.5, 450.5]",0.4745183096002622
2198,0,15,1597.285564,2100,961,"(1.5, 15.5]",-0.0406773138368468,"(1121.69, inf]",-1.0359899775063022,"(1750.0, inf]",-1.264675762282789,"(702.5, inf]",-1.7446851744547323
1987,0,7,1233.883341,1300,850,"(1.5, 15.5]",-0.0406773138368468,"(1121.69, inf]",-1.0359899775063022,"(1150.0, 1350.0]",-0.2281076149142269,"(702.5, inf]",-1.7446851744547323
3382,1,0,905.181647,1000,383,"(-inf, 1.5]",-0.5795501057798665,"(138.68, 1121.69]",0.041654227303983424,"(250.0, 1150.0]",0.34084726192349113,"(191.5, 450.5]",0.4745183096002622
1674,1,11,755.9673257,1100,500,"(1.5, 15.5]",-0.0406773138368468,"(138.68, 1121.69]",0.041654227303983424,"(250.0, 1150.0]",0.34084726192349113,"(450.5, 623.5]",0.04047982904804176
1418,0,6,320.9178546,1100,259,"(1.5, 15.5]",-0.0406773138368468,"(138.68, 1121.69]",0.041654227303983424,"(250.0, 1150.0]",0.34084726192349113,"(191.5, 450.5]",0.4745183096002622
4431,1,56,79.75102969,1000,291,"(30.5, 60.5]",2.1720634895446294,"(-inf, 138.68]",0.3508536149625971,"(250.0, 1150.0]",0.34084726192349113,"(191.5, 450.5]",0.4745183096002622
2277,0,0,1951.195862,2000,790,"(-inf, 1.5]",-0.5795501057798665,"(1121.69, inf]",-1.0359899775063022,"(1750.0, inf]",-1.264675762282789,"(702.5, inf]",-1.7446851744547323
2527,1,7,417.3797705,600,20,"(1.5, 15.5]",-0.0406773138368468,"(138.68, 1121.69]",0.041654227303983424,"(250.0, 1150.0]",0.34084726192349113,"(-inf, 191.5]",1.1741703917563333
4445,0,0,1486.413066,1700,944,"(-inf, 1.5]",-0.5795501057798665,"(1121.69, inf]",-1.0359899775063022,"(1350.0, 1750.0]",-0.5494831152766727,"(702.5, inf]",-1.7446851744547323
2394,0,50,844.7485759,1200,141,"(30.5, 60.5]",2.1720634895446294,"(138.68, 1121.69]",0.041654227303983424,"(1150.0, 1350.0]",-0.2281076149142269,"(-inf, 191.5]",1.1741703917563333
4491,0,0,22.61676548,1500,711,"(-inf, 1.5]",-0.5795501057798665,"(-inf, 138.68]",0.3508536149625971,"(1350.0, 1750.0]",-0.5494831152766727,"(702.5, inf]",-1.7446851744547323
3283,1,1,39.11722072,500,83,"(-inf, 1.5]",-0.5795501057798665,"(-inf, 138.68]",0.3508536149625971,"(250.0, 1150.0]",0.34084726192349113,"(-inf, 191.5]",1.1741703917563333
1199,0,1,38.00526558,300,63,"(-inf, 1.5]",-0.5795501057798665,"(-inf, 138.68]",0.3508536149625971,"(250.0, 1150.0]",0.34084726192349113,"(-inf, 191.5]",1.1741703917563333
3743,1,1,112.0333951,1100,260,"(-inf, 1.5]",-0.5795501057798665,"(-inf, 138.68]",0.3508536149625971,"(250.0, 1150.0]",0.34084726192349113,"(191.5, 450.5]",0.4745183096002622
1026,0,0,33.00782995,300,28,"(-inf, 1.5]",-0.5795501057798665,"(-inf, 138.68]",0.3508536149625971,"(250.0, 1150.0]",0.34084726192349113,"(-inf, 191.5]",1.1741703917563333
841,0,18,308.0897185,500,74,"(15.5, 30.5]",0.6686743240412198,"(138.68, 1121.69]",0.041654227303983424,"(250.0, 1150.0]",0.34084726192349113,"(-inf, 191.5]",1.1741703917563333
3185,1,9,101.1177514,1000,227,"(1.5, 15.5]",-0.0406773138368468,"(-inf, 138.68]",0.3508536149625971,"(250.0, 1150.0]",0.34084726192349113,"(191.5, 450.5]",0.4745183096002622
1799,0,0,993.4849658,1300,738,"(-inf, 1.5]",-0.5795501057798665,"(138.68, 1121.69]",0.041654227303983424,"(1150.0, 1350.0]",-0.2281076149142269,"(702.5, inf]",-1.7446851744547323
38,0,0,450.757855,1100,549,"(-inf, 1.5]",-0.5795501057798665,"(138.68, 1121.69]",0.041654227303983424,"(250.0, 1150.0]",0.34084726192349113,"(450.5, 623.5]",0.04047982904804176
483,0,0,1248.95241,2000,985,"(-inf, 1.5]",-0.5795501057798665,"(1121.69, inf]",-1.0359899775063022,"(1750.0, inf]",-1.264675762282789,"(702.5, inf]",-1.7446851744547323
963,0,0,234.7706884,600,653,"(-inf, 1.5]",-0.5795501057798665,"(138.68, 1121.69]",0.041654227303983424,"(250.0, 1150.0]",0.34084726192349113,"(623.5, 702.5]",-0.563990054998142
3921,0,0,99.44014673,1200,579,"(-inf, 1.5]",-0.5795501057798665,"(-inf, 138.68]",0.3508536149625971,"(1150.0, 1350.0]",-0.2281076149142269,"(450.5, 623.5]",0.04047982904804176
1264,0,3,921.5090927,1700,513,"(1.5, 15.5]",-0.0406773138368468,"(138.68, 1121.69]",0.041654227303983424,"(1350.0, 1750.0]",-0.5494831152766727,"(450.5, 623.5]",0.04047982904804176
1342,0,0,229.5089561,1900,972,"(-inf, 1.5]",-0.5795501057798665,"(138.68, 1121.69]",0.041654227303983424,"(1750.0, inf]",-1.264675762282789,"(702.5, inf]",-1.7446851744547323
2504,0,1,1085.335487,2300,980,"(-inf, 1.5]",-0.5795501057798665,"(138.68, 1121.69]",0.041654227303983424,"(1750.0, inf]",-1.264675762282789,"(702.5, inf]",-1.7446851744547323
39,1,1,78.46586898,600,9,"(-inf, 1.5]",-0.5795501057798665,"(-inf, 138.68]",0.3508536149625971,"(250.0, 1150.0]",0.34084726192349113,"(-inf, 191.5]",1.1741703917563333
1028,0,0,1947.250843,2100,957,"(-inf, 1.5]",-0.5795501057798665,"(1121.69, inf]",-1.0359899775063022,"(1750.0, inf]",-1.264675762282789,"(702.5, inf]",-1.7446851744547323
3369,0,2,16.49072766,500,661,"(1.5, 15.5]",-0.0406773138368468,"(-inf, 138.68]",0.3508536149625971,"(250.0, 1150.0]",0.34084726192349113,"(623.5, 702.5]",-0.563990054998142
1037,0,12,206.4852664,400,117,"(1.5, 15.5]",-0.0406773138368468,"(138.68, 1121.69]",0.041654227303983424,"(250.0, 1150.0]",0.34084726192349113,"(-inf, 191.5]",1.1741703917563333
3911,0,1,495.872116,1300,768,"(-inf, 1.5]",-0.5795501057798665,"(138.68, 1121.69]",0.041654227303983424,"(1150.0, 1350.0]",-0.2281076149142269,"(702.5, inf]",-1.7446851744547323
1494,1,21,369.3205953,800,358,"(15.5, 30.5]",0.6686743240412198,"(138.68, 1121.69]",0.041654227303983424,"(250.0, 1150.0]",0.34084726192349113,"(191.5, 450.5]",0.4745183096002622
1643,1,9,496.4562713,900,132,"(1.5, 15.5]",-0.0406773138368468,"(138.68, 1121.69]",0.041654227303983424,"(250.0, 1150.0]",0.34084726192349113,"(-inf, 191.5]",1.1741703917563333
41,0,8,175.0046288,800,680,"(1.5, 15.5]",-0.0406773138368468,"(138.68, 1121.69]",0.041654227303983424,"(250.0, 1150.0]",0.34084726192349113,"(623.5, 702.5]",-0.563990054998142
1565,0,4,103.5874849,1000,442,"(1.5, 15.5]",-0.0406773138368468,"(-inf, 138.68]",0.3508536149625971,"(250.0, 1150.0]",0.34084726192349113,"(191.5, 450.5]",0.4745183096002622
3732,0,0,475.3652233,1100,633,"(-inf, 1.5]",-0.5795501057798665,"(138.68, 1121.69]",0.041654227303983424,"(250.0, 1150.0]",0.34084726192349113,"(623.5, 702.5]",-0.563990054998142
175,1,13,353.7425223,1200,152,"(1.5, 15.5]",-0.0406773138368468,"(138.68, 1121.69]",0.041654227303983424,"(1150.0, 1350.0]",-0.2281076149142269,"(-inf, 191.5]",1.1741703917563333
1429,0,0,308.9741191,1000,803,"(-inf, 1.5]",-0.5795501057798665,"(138.68, 1121.69]",0.041654227303983424,"(250.0, 1150.0]",0.34084726192349113,"(702.5, inf]",-1.7446851744547323
2936,0,0,1072.984975,1600,930,"(-inf, 1.5]",-0.5795501057798665,"(138.68, 1121.69]",0.041654227303983424,"(1350.0, 1750.0]",-0.5494831152766727,"(702.5, inf]",-1.7446851744547323
3500,0,0,1661.858522,2200,881,"(-inf, 1.5]",-0.5795501057798665,"(1121.69, inf]",-1.0359899775063022,"(1750.0, inf]",-1.264675762282789,"(702.5, inf]",-1.7446851744547323
4756,0,3,388.4312644,700,544,"(1.5, 15.5]",-0.0406773138368468,"(138.68, 1121.69]",0.041654227303983424,"(250.0, 1150.0]",0.34084726192349113,"(450.5, 623.5]",0.04047982904804176
3847,0,0,1513.84961,1800,974,"(-inf, 1.5]",-0.5795501057798665,"(1121.69, inf]",-1.0359899775063022,"(1750.0, inf]",-1.264675762282789,"(702.5, inf]",-1.7446851744547323
2828,0,13,333.968963,400,661,"(1.5, 15.5]",-0.0406773138368468,"(138.68, 1121.69]",0.041654227303983424,"(250.0, 1150.0]",0.34084726192349113,"(623.5, 702.5]",-0.563990054998142
4652,0,3,519.7022586,1000,389,"(1.5, 15.5]",-0.0406773138368468,"(138.68, 1121.69]",0.041654227303983424,"(250.0, 1150.0]",0.34084726192349113,"(191.5, 450.5]",0.4745183096002622
1725,0,0,351.6968808,700,689,"(-inf, 1.5]",-0.5795501057798665,"(138.68, 1121.69]",0.041654227303983424,"(250.0, 1150.0]",0.34084726192349113,"(623.5, 702.5]",-0.563990054998142
1358,0,1,742.0443791,1300,539,"(-inf, 1.5]",-0.5795501057798665,"(138.68, 1121.69]",0.041654227303983424,"(1150.0, 1350.0]",-0.2281076149142269,"(450.5, 623.5]",0.04047982904804176
1456,0,3,178.0253658,200,498,"(1.5, 15.5]",-0.0406773138368468,"(138.68, 1121.69]",0.041654227303983424,"(-inf, 250.0]",0.6610277277346917,"(450.5, 623.5]",0.04047982904804176
2034,0,11,105.7046075,900,79,"(1.5, 15.5]",-0.0406773138368468,"(-inf, 138.68]",0.3508536149625971,"(250.0, 1150.0]",0.34084726192349113,"(-inf, 191.5]",1.1741703917563333
612,1,43,190.6298518,1000,386,"(30.5, 60.5]",2.1720634895446294,"(138.68, 1121.69]",0.041654227303983424,"(250.0, 1150.0]",0.34084726192349113,"(191.5, 450.5]",0.4745183096002622
4147,1,20,75.4376047,200,28,"(15.5, 30.5]",0.6686743240412198,"(-inf, 138.68]",0.3508536149625971,"(-inf, 250.0]",0.6610277277346917,"(-inf, 191.5]",1.1741703917563333
3333,0,3,811.6613806,1200,562,"(1.5, 15.5]",-0.0406773138368468,"(138.68, 1121.69]",0.041654227303983424,"(1150.0, 1350.0]",-0.2281076149142269,"(450.5, 623.5]",0.04047982904804176
2136,0,0,161.2701077,1500,846,"(-inf, 1.5]",-0.5795501057798665,"(138.68, 1121.69]",0.041654227303983424,"(1350.0, 1750.0]",-0.5494831152766727,"(702.5, inf]",-1.7446851744547323
942,0,1,33.82175582,300,713,"(-inf, 1.5]",-0.5795501057798665,"(-inf, 138.68]",0.3508536149625971,"(250.0, 1150.0]",0.34084726192349113,"(702.5, inf]",-1.7446851744547323
3797,0,0,681.3889001,1600,727,"(-inf, 1.5]",-0.5795501057798665,"(138.68, 1121.69]",0.041654227303983424,"(1350.0, 1750.0]",-0.5494831152766727,"(702.5, inf]",-1.7446851744547323
824,0,1,2277.785872,2300,936,"(-inf, 1.5]",-0.5795501057798665,"(1121.69, inf]",-1.0359899775063022,"(1750.0, inf]",-1.264675762282789,"(702.5, inf]",-1.7446851744547323
165,0,0,610.7652348,3000,847,"(-inf, 1.5]",-0.5795501057798665,"(138.68, 1121.69]",0.041654227303983424,"(1750.0, inf]",-1.264675762282789,"(702.5, inf]",-1.7446851744547323
3,0,8,36.35745588,1000,640,"(1.5, 15.5]",-0.0406773138368468,"(-inf, 138.68]",0.3508536149625971,"(250.0, 1150.0]",0.34084726192349113,"(623.5, 702.5]",-0.563990054998142
4023,1,51,435.6255239,1000,344,"(30.5, 60.5]",2.1720634895446294,"(138.68, 1121.69]",0.041654227303983424,"(250.0, 1150.0]",0.34084726192349113,"(191.5, 450.5]",0.4745183096002622
3391,0,0,1056.685071,1200,517,"(-inf, 1.5]",-0.5795501057798665,"(138.68, 1121.69]",0.041654227303983424,"(1150.0, 1350.0]",-0.2281076149142269,"(450.5, 623.5]",0.04047982904804176
2221,1,5,736.2848892,900,22,"(1.5, 15.5]",-0.0406773138368468,"(138.68, 1121.69]",0.041654227303983424,"(250.0, 1150.0]",0.34084726192349113,"(-inf, 191.5]",1.1741703917563333
896,1,10,1015.884899,1500,611,"(1.5, 15.5]",-0.0406773138368468,"(138.68, 1121.69]",0.041654227303983424,"(1350.0, 1750.0]",-0.5494831152766727,"(450.5, 623.5]",0.04047982904804176
2884,1,6,499.3263583,1000,275,"(1.5, 15.5]",-0.0406773138368468,"(138.68, 1121.69]",0.041654227303983424,"(250.0, 1150.0]",0.34084726192349113,"(191.5, 450.5]",0.4745183096002622
2600,1,0,142.8114937,1700,108,"(-inf, 1.5]",-0.5795501057798665,"(138.68, 1121.69]",0.041654227303983424,"(1350.0, 1750.0]",-0.5494831152766727,"(-inf, 191.5]",1.1741703917563333
3517,0,0,32.24346009,1200,676,"(-inf, 1.5]",-0.5795501057798665,"(-inf, 138.68]",0.3508536149625971,"(1150.0, 1350.0]",-0.2281076149142269,"(623.5, 702.5]",-0.563990054998142
1679,1,36,1356.610947,1700,986,"(30.5, 60.5]",2.1720634895446294,"(1121.69, inf]",-1.0359899775063022,"(1350.0, 1750.0]",-0.5494831152766727,"(702.5, inf]",-1.7446851744547323
1869,0,5,63.06844973,1400,636,"(1.5, 15.5]",-0.0406773138368468,"(-inf, 138.68]",0.3508536149625971,"(1350.0, 1750.0]",-0.5494831152766727,"(623.5, 702.5]",-0.563990054998142
2014,0,18,137.7519002,1100,827,"(15.5, 30.5]",0.6686743240412198,"(-inf, 138.68]",0.3508536149625971,"(250.0, 1150.0]",0.34084726192349113,"(702.5, inf]",-1.7446851744547323
1100,0,9,364.2357733,500,413,"(1.5, 15.5]",-0.0406773138368468,"(138.68, 1121.69]",0.041654227303983424,"(250.0, 1150.0]",0.34084726192349113,"(191.5, 450.5]",0.4745183096002622
4725,0,0,487.5490217,600,330,"(-inf, 1.5]",-0.5795501057798665,"(138.68, 1121.69]",0.041654227303983424,"(250.0, 1150.0]",0.34084726192349113,"(191.5, 450.5]",0.4745183096002622
1627,1,0,353.5454505,400,177,"(-inf, 1.5]",-0.5795501057798665,"(138.68, 1121.69]",0.041654227303983424,"(250.0, 1150.0]",0.34084726192349113,"(-inf, 191.5]",1.1741703917563333
2883,0,1,272.4891299,600,434,"(-inf, 1.5]",-0.5795501057798665,"(138.68, 1121.69]",0.041654227303983424,"(250.0, 1150.0]",0.34084726192349113,"(191.5, 450.5]",0.4745183096002622
3569,0,6,36.50657695,400,66,"(1.5, 15.5]",-0.0406773138368468,"(-inf, 138.68]",0.3508536149625971,"(250.0, 1150.0]",0.34084726192349113,"(-inf, 191.5]",1.1741703917563333
4623,0,1,194.7783076,600,695,"(-inf, 1.5]",-0.5795501057798665,"(138.68, 1121.69]",0.041654227303983424,"(250.0, 1150.0]",0.34084726192349113,"(623.5, 702.5]",-0.563990054998142
57,0,0,595.0811011,2300,861,"(-inf, 1.5]",-0.5795501057798665,"(138.68, 1121.69]",0.041654227303983424,"(1750.0, inf]",-1.264675762282789,"(702.5, inf]",-1.7446851744547323
1891,0,0,265.8847377,600,201,"(-inf, 1.5]",-0.5795501057798665,"(138.68, 1121.69]",0.041654227303983424,"(250.0, 1150.0]",0.34084726192349113,"(191.5, 450.5]",0.4745183096002622
2012,0,0,55.82222281,200,89,"(-inf, 1.5]",-0.5795501057798665,"(-inf, 138.68]",0.3508536149625971,"(-inf, 250.0]",0.6610277277346917,"(-inf, 191.5]",1.1741703917563333
4380,1,0,437.6917392,500,254,"(-inf, 1.5]",-0.5795501057798665,"(138.68, 1121.69]",0.041654227303983424,"(250.0, 1150.0]",0.34084726192349113,"(191.5, 450.5]",0.4745183096002622
2690,1,36,687.0646461,1100,253,"(30.5, 60.5]",2.1720634895446294,"(138.68, 1121.69]",0.041654227303983424,"(250.0, 1150.0]",0.34084726192349113,"(191.5, 450.5]",0.4745183096002622
2952,0,19,1579.854423,2300,753,"(15.5, 30.5]",0.6686743240412198,"(1121.69, inf]",-1.0359899775063022,"(1750.0, inf]",-1.264675762282789,"(702.5, inf]",-1.7446851744547323
4612,0,0,1318.914147,1400,734,"(-inf, 1.5]",-0.5795501057798665,"(1121.69, inf]",-1.0359899775063022,"(1350.0, 1750.0]",-0.5494831152766727,"(702.5, inf]",-1.7446851744547323
3986,0,0,236.51557,400,52,"(-inf, 1.5]",-0.5795501057798665,"(138.68, 1121.69]",0.041654227303983424,"(250.0, 1150.0]",0.34084726192349113,"(-inf, 191.5]",1.1741703917563333
870,1,1,819.7662614,900,395,"(-inf, 1.5]",-0.5795501057798665,"(138.68, 1121.69]",0.041654227303983424,"(250.0, 1150.0]",0.34084726192349113,"(191.5, 450.5]",0.4745183096002622
4743,0,0,1266.234866,1400,874,"(-inf, 1.5]",-0.5795501057798665,"(1121.69, inf]",-1.0359899775063022,"(1350.0, 1750.0]",-0.5494831152766727,"(702.5, inf]",-1.7446851744547323
3352,0,0,443.4609785,1800,940,"(-inf, 1.5]",-0.5795501057798665,"(138.68, 1121.69]",0.041654227303983424,"(1750.0, inf]",-1.264675762282789,"(702.5, inf]",-1.7446851744547323
1465,0,0,488.8950868,500,228,"(-inf, 1.5]",-0.5795501057798665,"(138.68, 1121.69]",0.041654227303983424,"(250.0, 1150.0]",0.34084726192349113,"(191.5, 450.5]",0.4745183096002622
934,0,8,162.8179624,500,396,"(1.5, 15.5]",-0.0406773138368468,"(138.68, 1121.69]",0.041654227303983424,"(250.0, 1150.0]",0.34084726192349113,"(191.5, 450.5]",0.4745183096002622
3684,0,7,1048.525173,1300,549,"(1.5, 15.5]",-0.0406773138368468,"(138.68, 1121.69]",0.041654227303983424,"(1150.0, 1350.0]",-0.2281076149142269,"(450.5, 623.5]",0.04047982904804176
1690,0,1,720.7614956,900,299,"(-inf, 1.5]",-0.5795501057798665,"(138.68, 1121.69]",0.041654227303983424,"(250.0, 1150.0]",0.34084726192349113,"(191.5, 450.5]",0.4745183096002622
1677,1,68,1350.809811,1400,181,"(60.5, inf]",4.147649406746059,"(1121.69, inf]",-1.0359899775063022,"(1350.0, 1750.0]",-0.5494831152766727,"(-inf, 191.5]",1.1741703917563333
814,0,4,1551.471383,2200,969,"(1.5, 15.5]",-0.0406773138368468,"(1121.69, inf]",-1.0359899775063022,"(1750.0, inf]",-1.264675762282789,"(702.5, inf]",-1.7446851744547323
2750,1,14,338.5747051,1000,223,"(1.5, 15.5]",-0.0406773138368468,"(138.68, 1121.69]",0.041654227303983424,"(250.0, 1150.0]",0.34084726192349113,"(191.5, 450.5]",0.4745183096002622
3704,0,21,405.489649,600,75,"(15.5, 30.5]",0.6686743240412198,"(138.68, 1121.69]",0.041654227303983424,"(250.0, 1150.0]",0.34084726192349113,"(-inf, 191.5]",1.1741703917563333
2396,1,6,127.2331512,200,177,"(1.5, 15.5]",-0.0406773138368468,"(-inf, 138.68]",0.3508536149625971,"(-inf, 250.0]",0.6610277277346917,"(-inf, 191.5]",1.1741703917563333
1965,0,12,1017.906688,1200,512,"(1.5, 15.5]",-0.0406773138368468,"(138.68, 1121.69]",0.041654227303983424,"(1150.0, 1350.0]",-0.2281076149142269,"(450.5, 623.5]",0.04047982904804176
1144,1,0,95.13392797,600,112,"(-inf, 1.5]",-0.5795501057798665,"(-inf, 138.68]",0.3508536149625971,"(250.0, 1150.0]",0.34084726192349113,"(-inf, 191.5]",1.1741703917563333
3999,0,2,461.5258246,500,229,"(1.5, 15.5]",-0.0406773138368468,"(138.68, 1121.69]",0.041654227303983424,"(250.0, 1150.0]",0.34084726192349113,"(191.5, 450.5]",0.4745183096002622
1395,0,0,1102.557128,2000,836,"(-inf, 1.5]",-0.5795501057798665,"(138.68, 1121.69]",0.041654227303983424,"(1750.0, inf]",-1.264675762282789,"(702.5, inf]",-1.7446851744547323
1540,0,0,187.32705,900,211,"(-inf, 1.5]",-0.5795501057798665,"(138.68, 1121.69]",0.041654227303983424,"(250.0, 1150.0]",0.34084726192349113,"(191.5, 450.5]",0.4745183096002622
852,0,6,1369.281474,1700,858,"(1.5, 15.5]",-0.0406773138368468,"(1121.69, inf]",-1.0359899775063022,"(1350.0, 1750.0]",-0.5494831152766727,"(702.5, inf]",-1.7446851744547323
3596,0,0,569.3587649,800,666,"(-inf, 1.5]",-0.5795501057798665,"(138.68, 1121.69]",0.041654227303983424,"(250.0, 1150.0]",0.34084726192349113,"(623.5, 702.5]",-0.563990054998142
3630,0,0,178.2770897,300,259,"(-inf, 1.5]",-0.5795501057798665,"(138.68, 1121.69]",0.041654227303983424,"(250.0, 1150.0]",0.34084726192349113,"(191.5, 450.5]",0.4745183096002622
2220,0,0,986.8900486,2000,756,"(-inf, 1.5]",-0.5795501057798665,"(138.68, 1121.69]",0.041654227303983424,"(1750.0, inf]",-1.264675762282789,"(702.5, inf]",-1.7446851744547323
4584,1,77,660.5764655,1100,245,"(60.5, inf]",4.147649406746059,"(138.68, 1121.69]",0.041654227303983424,"(250.0, 1150.0]",0.34084726192349113,"(191.5, 450.5]",0.4745183096002622
4956,1,33,236.4090502,2300,731,"(30.5, 60.5]",2.1720634895446294,"(138.68, 1121.69]",0.041654227303983424,"(1750.0, inf]",-1.264675762282789,"(702.5, inf]",-1.7446851744547323
2355,0,0,230.6399866,700,491,"(-inf, 1.5]",-0.5795501057798665,"(138.68, 1121.69]",0.041654227303983424,"(250.0, 1150.0]",0.34084726192349113,"(450.5, 623.5]",0.04047982904804176
3386,0,1,888.3643779,1100,646,"(-inf, 1.5]",-0.5795501057798665,"(138.68, 1121.69]",0.041654227303983424,"(250.0, 1150.0]",0.34084726192349113,"(623.5, 702.5]",-0.563990054998142
1016,0,0,587.5183639,2300,856,"(-inf, 1.5]",-0.5795501057798665,"(138.68, 1121.69]",0.041654227303983424,"(1750.0, inf]",-1.264675762282789,"(702.5, inf]",-1.7446851744547323
3614,0,30,792.6037854,1800,141,"(15.5, 30.5]",0.6686743240412198,"(138.68, 1121.69]",0.041654227303983424,"(1750.0, inf]",-1.264675762282789,"(-inf, 191.5]",1.1741703917563333
423,0,0,1238.194693,1500,861,"(-inf, 1.5]",-0.5795501057798665,"(1121.69, inf]",-1.0359899775063022,"(1350.0, 1750.0]",-0.5494831152766727,"(702.5, inf]",-1.7446851744547323
2772,0,0,209.65622,1400,713,"(-inf, 1.5]",-0.5795501057798665,"(138.68, 1121.69]",0.041654227303983424,"(1350.0, 1750.0]",-0.5494831152766727,"(702.5, inf]",-1.7446851744547323
4857,1,6,87.74104678,200,30,"(1.5, 15.5]",-0.0406773138368468,"(-inf, 138.68]",0.3508536149625971,"(-inf, 250.0]",0.6610277277346917,"(-inf, 191.5]",1.1741703917563333
3160,0,2,133.9689477,200,915,"(1.5, 15.5]",-0.0406773138368468,"(-inf, 138.68]",0.3508536149625971,"(-inf, 250.0]",0.6610277277346917,"(702.5, inf]",-1.7446851744547323
744,0,0,663.1009592,1100,806,"(-inf, 1.5]",-0.5795501057798665,"(138.68, 1121.69]",0.041654227303983424,"(250.0, 1150.0]",0.34084726192349113,"(702.5, inf]",-1.7446851744547323
460,0,2,354.0215965,400,443,"(1.5, 15.5]",-0.0406773138368468,"(138.68, 1121.69]",0.041654227303983424,"(250.0, 1150.0]",0.34084726192349113,"(191.5, 450.5]",0.4745183096002622
310,0,53,170.3751282,200,166,"(30.5, 60.5]",2.1720634895446294,"(138.68, 1121.69]",0.041654227303983424,"(-inf, 250.0]",0.6610277277346917,"(-inf, 191.5]",1.1741703917563333
4871,0,0,395.1470411,500,390,"(-inf, 1.5]",-0.5795501057798665,"(138.68, 1121.69]",0.041654227303983424,"(250.0, 1150.0]",0.34084726192349113,"(191.5, 450.5]",0.4745183096002622
151,0,15,879.2286607,2200,896,"(1.5, 15.5]",-0.0406773138368468,"(138.68, 1121.69]",0.041654227303983424,"(1750.0, inf]",-1.264675762282789,"(702.5, inf]",-1.7446851744547323
4014,0,1,294.5571644,1200,556,"(-inf, 1.5]",-0.5795501057798665,"(138.68, 1121.69]",0.041654227303983424,"(1150.0, 1350.0]",-0.2281076149142269,"(450.5, 623.5]",0.04047982904804176
2140,1,3,50.0054921,500,155,"(1.5, 15.5]",-0.0406773138368468,"(-inf, 138.68]",0.3508536149625971,"(250.0, 1150.0]",0.34084726192349113,"(-inf, 191.5]",1.1741703917563333
4129,0,0,345.2187322,1800,972,"(-inf, 1.5]",-0.5795501057798665,"(138.68, 1121.69]",0.041654227303983424,"(1750.0, inf]",-1.264675762282789,"(702.5, inf]",-1.7446851744547323
1229,0,0,94.86665699,2000,862,"(-inf, 1.5]",-0.5795501057798665,"(-inf, 138.68]",0.3508536149625971,"(1750.0, inf]",-1.264675762282789,"(702.5, inf]",-1.7446851744547323
2158,1,5,230.6165783,1100,500,"(1.5, 15.5]",-0.0406773138368468,"(138.68, 1121.69]",0.041654227303983424,"(250.0, 1150.0]",0.34084726192349113,"(450.5, 623.5]",0.04047982904804176
2763,1,2,329.7581129,600,468,"(1.5, 15.5]",-0.0406773138368468,"(138.68, 1121.69]",0.041654227303983424,"(250.0, 1150.0]",0.34084726192349113,"(450.5, 623.5]",0.04047982904804176
4376,0,0,533.8274629,2000,930,"(-inf, 1.5]",-0.5795501057798665,"(138.68, 1121.69]",0.041654227303983424,"(1750.0, inf]",-1.264675762282789,"(702.5, inf]",-1.7446851744547323
361,0,0,77.94431754,2600,800,"(-inf, 1.5]",-0.5795501057798665,"(-inf, 138.68]",0.3508536149625971,"(1750.0, inf]",-1.264675762282789,"(702.5, inf]",-1.7446851744547323
4626,0,7,1207.463805,1600,939,"(1.5, 15.5]",-0.0406773138368468,"(1121.69, inf]",-1.0359899775063022,"(1350.0, 1750.0]",-0.5494831152766727,"(702.5, inf]",-1.7446851744547323
3133,0,3,922.741475,2000,912,"(1.5, 15.5]",-0.0406773138368468,"(138.68, 1121.69]",0.041654227303983424,"(1750.0, inf]",-1.264675762282789,"(702.5, inf]",-1.7446851744547323
281,1,24,94.91346718,700,267,"(15.5, 30.5]",0.6686743240412198,"(-inf, 138.68]",0.3508536149625971,"(250.0, 1150.0]",0.34084726192349113,"(191.5, 450.5]",0.4745183096002622
2557,0,0,610.988329,1100,446,"(-inf, 1.5]",-0.5795501057798665,"(138.68, 1121.69]",0.041654227303983424,"(250.0, 1150.0]",0.34084726192349113,"(191.5, 450.5]",0.4745183096002622
1330,0,0,1377.553705,1500,752,"(-inf, 1.5]",-0.5795501057798665,"(1121.69, inf]",-1.0359899775063022,"(1350.0, 1750.0]",-0.5494831152766727,"(702.5, inf]",-1.7446851744547323
1864,0,8,324.2089945,900,405,"(1.5, 15.5]",-0.0406773138368468,"(138.68, 1121.69]",0.041654227303983424,"(250.0, 1150.0]",0.34084726192349113,"(191.5, 450.5]",0.4745183096002622
288,0,11,1047.499733,1500,762,"(1.5, 15.5]",-0.0406773138368468,"(138.68, 1121.69]",0.041654227303983424,"(1350.0, 1750.0]",-0.5494831152766727,"(702.5, inf]",-1.7446851744547323
734,0,2,85.40928709,700,353,"(1.5, 15.5]",-0.0406773138368468,"(-inf, 138.68]",0.3508536149625971,"(250.0, 1150.0]",0.34084726192349113,"(191.5, 450.5]",0.4745183096002622
789,1,16,345.4426049,700,60,"(15.5, 30.5]",0.6686743240412198,"(138.68, 1121.69]",0.041654227303983424,"(250.0, 1150.0]",0.34084726192349113,"(-inf, 191.5]",1.1741703917563333
259,1,5,440.9503866,500,70,"(1.5, 15.5]",-0.0406773138368468,"(138.68, 1121.69]",0.041654227303983424,"(250.0, 1150.0]",0.34084726192349113,"(-inf, 191.5]",1.1741703917563333
337,0,10,515.8074755,900,263,"(1.5, 15.5]",-0.0406773138368468,"(138.68, 1121.69]",0.041654227303983424,"(250.0, 1150.0]",0.34084726192349113,"(191.5, 450.5]",0.4745183096002622
507,0,5,328.6496519,1100,319,"(1.5, 15.5]",-0.0406773138368468,"(138.68, 1121.69]",0.041654227303983424,"(250.0, 1150.0]",0.34084726192349113,"(191.5, 450.5]",0.4745183096002622
2138,1,11,550.0037141,900,453,"(1.5, 15.5]",-0.0406773138368468,"(138.68, 1121.69]",0.041654227303983424,"(250.0, 1150.0]",0.34084726192349113,"(450.5, 623.5]",0.04047982904804176
1010,0,2,28.19169226,800,228,"(1.5, 15.5]",-0.0406773138368468,"(-inf, 138.68]",0.3508536149625971,"(250.0, 1150.0]",0.34084726192349113,"(191.5, 450.5]",0.4745183096002622
4246,0,1,53.24518289,600,570,"(-inf, 1.5]",-0.5795501057798665,"(-inf, 138.68]",0.3508536149625971,"(250.0, 1150.0]",0.34084726192349113,"(450.5, 623.5]",0.04047982904804176
859,0,0,171.4789073,800,204,"(-inf, 1.5]",-0.5795501057798665,"(138.68, 1121.69]",0.041654227303983424,"(250.0, 1150.0]",0.34084726192349113,"(191.5, 450.5]",0.4745183096002622
4068,0,2,1385.977203,2300,708,"(1.5, 15.5]",-0.0406773138368468,"(1121.69, inf]",-1.0359899775063022,"(1750.0, inf]",-1.264675762282789,"(702.5, inf]",-1.7446851744547323
2015,0,1,1675.336133,1700,899,"(-inf, 1.5]",-0.5795501057798665,"(1121.69, inf]",-1.0359899775063022,"(1350.0, 1750.0]",-0.5494831152766727,"(702.5, inf]",-1.7446851744547323
4610,0,7,329.8878272,1000,734,"(1.5, 15.5]",-0.0406773138368468,"(138.68, 1121.69]",0.041654227303983424,"(250.0, 1150.0]",0.34084726192349113,"(702.5, inf]",-1.7446851744547323
1366,1,20,571.8870932,600,269,"(15.5, 30.5]",0.6686743240412198,"(138.68, 1121.69]",0.041654227303983424,"(250.0, 1150.0]",0.34084726192349113,"(191.5, 450.5]",0.4745183096002622
3872,1,0,1018.67072,1400,635,"(-inf, 1.5]",-0.5795501057798665,"(138.68, 1121.69]",0.041654227303983424,"(1350.0, 1750.0]",-0.5494831152766727,"(623.5, 702.5]",-0.563990054998142
1899,1,29,104.5613314,200,87,"(15.5, 30.5]",0.6686743240412198,"(-inf, 138.68]",0.3508536149625971,"(-inf, 250.0]",0.6610277277346917,"(-inf, 191.5]",1.1741703917563333
4225,0,1,713.3873978,1000,663,"(-inf, 1.5]",-0.5795501057798665,"(138.68, 1121.69]",0.041654227303983424,"(250.0, 1150.0]",0.34084726192349113,"(623.5, 702.5]",-0.563990054998142
265,1,32,610.9739162,1300,862,"(30.5, 60.5]",2.1720634895446294,"(138.68, 1121.69]",0.041654227303983424,"(1150.0, 1350.0]",-0.2281076149142269,"(702.5, inf]",-1.7446851744547323
2595,0,0,81.6309429,900,775,"(-inf, 1.5]",-0.5795501057798665,"(-inf, 138.68]",0.3508536149625971,"(250.0, 1150.0]",0.34084726192349113,"(702.5, inf]",-1.7446851744547323
577,0,9,812.0520155,900,145,"(1.5, 15.5]",-0.0406773138368468,"(138.68, 1121.69]",0.041654227303983424,"(250.0, 1150.0]",0.34084726192349113,"(-inf, 191.5]",1.1741703917563333
3416,1,0,388.3967562,1100,429,"(-inf, 1.5]",-0.5795501057798665,"(138.68, 1121.69]",0.041654227303983424,"(250.0, 1150.0]",0.34084726192349113,"(191.5, 450.5]",0.4745183096002622
779,0,1,647.7412224,1500,627,"(-inf, 1.5]",-0.5795501057798665,"(138.68, 1121.69]",0.041654227303983424,"(1350.0, 1750.0]",-0.5494831152766727,"(623.5, 702.5]",-0.563990054998142
330,1,17,136.7217663,800,319,"(15.5, 30.5]",0.6686743240412198,"(-inf, 138.68]",0.3508536149625971,"(250.0, 1150.0]",0.34084726192349113,"(191.5, 450.5]",0.4745183096002622
3100,1,0,134.3014056,600,478,"(-inf, 1.5]",-0.5795501057798665,"(-inf, 138.68]",0.3508536149625971,"(250.0, 1150.0]",0.34084726192349113,"(450.5, 623.5]",0.04047982904804176
1192,0,3,597.2143931,1100,11,"(1.5, 15.5]",-0.0406773138368468,"(138.68, 1121.69]",0.041654227303983424,"(250.0, 1150.0]",0.34084726192349113,"(-inf, 191.5]",1.1741703917563333
1526,1,14,119.0514326,800,489,"(1.5, 15.5]",-0.0406773138368468,"(-inf, 138.68]",0.3508536149625971,"(250.0, 1150.0]",0.34084726192349113,"(450.5, 623.5]",0.04047982904804176
4922,0,4,733.4589499,1600,815,"(1.5, 15.5]",-0.0406773138368468,"(138.68, 1121.69]",0.041654227303983424,"(1350.0, 1750.0]",-0.5494831152766727,"(702.5, inf]",-1.7446851744547323
17,0,7,1212.691441,1400,682,"(1.5, 15.5]",-0.0406773138368468,"(1121.69, inf]",-1.0359899775063022,"(1350.0, 1750.0]",-0.5494831152766727,"(623.5, 702.5]",-0.563990054998142
3407,0,7,237.3055745,600,287,"(1.5, 15.5]",-0.0406773138368468,"(138.68, 1121.69]",0.041654227303983424,"(250.0, 1150.0]",0.34084726192349113,"(191.5, 450.5]",0.4745183096002622
2920,1,18,1056.262698,1500,568,"(15.5, 30.5]",0.6686743240412198,"(138.68, 1121.69]",0.041654227303983424,"(1350.0, 1750.0]",-0.5494831152766727,"(450.5, 623.5]",0.04047982904804176
970,0,8,274.1740352,400,469,"(1.5, 15.5]",-0.0406773138368468,"(138.68, 1121.69]",0.041654227303983424,"(250.0, 1150.0]",0.34084726192349113,"(450.5, 623.5]",0.04047982904804176
3194,1,9,71.37210623,1500,198,"(1.5, 15.5]",-0.0406773138368468,"(-inf, 138.68]",0.3508536149625971,"(1350.0, 1750.0]",-0.5494831152766727,"(191.5, 450.5]",0.4745183096002622
4117,1,8,600.0089458,700,397,"(1.5, 15.5]",-0.0406773138368468,"(138.68, 1121.69]",0.041654227303983424,"(250.0, 1150.0]",0.34084726192349113,"(191.5, 450.5]",0.4745183096002622
2681,1,26,80.90333448,600,135,"(15.5, 30.5]",0.6686743240412198,"(-inf, 138.68]",0.3508536149625971,"(250.0, 1150.0]",0.34084726192349113,"(-inf, 191.5]",1.1741703917563333
40,0,1,598.9424285,600,451,"(-inf, 1.5]",-0.5795501057798665,"(138.68, 1121.69]",0.041654227303983424,"(250.0, 1150.0]",0.34084726192349113,"(450.5, 623.5]",0.04047982904804176
386,1,0,253.5865174,700,155,"(-inf, 1.5]",-0.5795501057798665,"(138.68, 1121.69]",0.041654227303983424,"(250.0, 1150.0]",0.34084726192349113,"(-inf, 191.5]",1.1741703917563333
3943,1,45,793.7845091,800,262,"(30.5, 60.5]",2.1720634895446294,"(138.68, 1121.69]",0.041654227303983424,"(250.0, 1150.0]",0.34084726192349113,"(191.5, 450.5]",0.4745183096002622
191,0,0,285.4560343,600,690,"(-inf, 1.5]",-0.5795501057798665,"(138.68, 1121.69]",0.041654227303983424,"(250.0, 1150.0]",0.34084726192349113,"(623.5, 702.5]",-0.563990054998142
3199,0,6,839.3505289,900,669,"(1.5, 15.5]",-0.0406773138368468,"(138.68, 1121.69]",0.041654227303983424,"(250.0, 1150.0]",0.34084726192349113,"(623.5, 702.5]",-0.563990054998142
3145,1,10,301.2888516,400,6,"(1.5, 15.5]",-0.0406773138368468,"(138.68, 1121.69]",0.041654227303983424,"(250.0, 1150.0]",0.34084726192349113,"(-inf, 191.5]",1.1741703917563333
1259,0,2,289.0377348,300,253,"(1.5, 15.5]",-0.0406773138368468,"(138.68, 1121.69]",0.041654227303983424,"(250.0, 1150.0]",0.34084726192349113,"(191.5, 450.5]",0.4745183096002622
3008,0,25,158.9554998,1200,542,"(15.5, 30.5]",0.6686743240412198,"(138.68, 1121.69]",0.041654227303983424,"(1150.0, 1350.0]",-0.2281076149142269,"(450.5, 623.5]",0.04047982904804176
3625,0,0,128.9216361,1700,699,"(-inf, 1.5]",-0.5795501057798665,"(-inf, 138.68]",0.3508536149625971,"(1350.0, 1750.0]",-0.5494831152766727,"(623.5, 702.5]",-0.563990054998142
1182,0,5,1008.319535,1300,564,"(1.5, 15.5]",-0.0406773138368468,"(138.68, 1121.69]",0.041654227303983424,"(1150.0, 1350.0]",-0.2281076149142269,"(450.5, 623.5]",0.04047982904804176
2356,1,7,21.05844538,200,22,"(1.5, 15.5]",-0.0406773138368468,"(-inf, 138.68]",0.3508536149625971,"(-inf, 250.0]",0.6610277277346917,"(-inf, 191.5]",1.1741703917563333
2813,0,6,485.4954924,2200,912,"(1.5, 15.5]",-0.0406773138368468,"(138.68, 1121.69]",0.041654227303983424,"(1750.0, inf]",-1.264675762282789,"(702.5, inf]",-1.7446851744547323
3562,0,0,736.9421814,1300,768,"(-inf, 1.5]",-0.5795501057798665,"(138.68, 1121.69]",0.041654227303983424,"(1150.0, 1350.0]",-0.2281076149142269,"(702.5, inf]",-1.7446851744547323
3398,1,31,1020.356464,1900,600,"(30.5, 60.5]",2.1720634895446294,"(138.68, 1121.69]",0.041654227303983424,"(1750.0, inf]",-1.264675762282789,"(450.5, 623.5]",0.04047982904804176
1246,0,0,52.99163482,200,31,"(-inf, 1.5]",-0.5795501057798665,"(-inf, 138.68]",0.3508536149625971,"(-inf, 250.0]",0.6610277277346917,"(-inf, 191.5]",1.1741703917563333
4289,0,14,173.1557333,1400,753,"(1.5, 15.5]",-0.0406773138368468,"(138.68, 1121.69]",0.041654227303983424,"(1350.0, 1750.0]",-0.5494831152766727,"(702.5, inf]",-1.7446851744547323
647,1,0,292.0829694,300,22,"(-inf, 1.5]",-0.5795501057798665,"(138.68, 1121.69]",0.041654227303983424,"(250.0, 1150.0]",0.34084726192349113,"(-inf, 191.5]",1.1741703917563333
1543,1,1,194.9689114,1000,526,"(-inf, 1.5]",-0.5795501057798665,"(138.68, 1121.69]",0.041654227303983424,"(250.0, 1150.0]",0.34084726192349113,"(450.5, 623.5]",0.04047982904804176
426,0,0,332.2753635,2200,978,"(-inf, 1.5]",-0.5795501057798665,"(138.68, 1121.69]",0.041654227303983424,"(1750.0, inf]",-1.264675762282789,"(702.5, inf]",-1.7446851744547323
3208,1,38,123.8375113,500,215,"(30.5, 60.5]",2.1720634895446294,"(-inf, 138.68]",0.3508536149625971,"(250.0, 1150.0]",0.34084726192349113,"(191.5, 450.5]",0.4745183096002622
984,0,1,499.6893838,1100,344,"(-inf, 1.5]",-0.5795501057798665,"(138.68, 1121.69]",0.041654227303983424,"(250.0, 1150.0]",0.34084726192349113,"(191.5, 450.5]",0.4745183096002622
2550,1,43,287.5104749,1100,599,"(30.5, 60.5]",2.1720634895446294,"(138.68, 1121.69]",0.041654227303983424,"(250.0, 1150.0]",0.34084726192349113,"(450.5, 623.5]",0.04047982904804176
3871,0,0,415.7024391,500,198,"(-inf, 1.5]",-0.5795501057798665,"(138.68, 1121.69]",0.041654227303983424,"(250.0, 1150.0]",0.34084726192349113,"(191.5, 450.5]",0.4745183096002622
4516,1,2,110.6280208,200,6,"(1.5, 15.5]",-0.0406773138368468,"(-inf, 138.68]",0.3508536149625971,"(-inf, 250.0]",0.6610277277346917,"(-inf, 191.5]",1.1741703917563333
2786,0,3,147.9220827,800,477,"(1.5, 15.5]",-0.0406773138368468,"(138.68, 1121.69]",0.041654227303983424,"(250.0, 1150.0]",0.34084726192349113,"(450.5, 623.5]",0.04047982904804176
3860,0,0,1848.591566,1900,968,"(-inf, 1.5]",-0.5795501057798665,"(1121.69, inf]",-1.0359899775063022,"(1750.0, inf]",-1.264675762282789,"(702.5, inf]",-1.7446851744547323
766,0,0,136.3570516,1300,766,"(-inf, 1.5]",-0.5795501057798665,"(-inf, 138.68]",0.3508536149625971,"(1150.0, 1350.0]",-0.2281076149142269,"(702.5, inf]",-1.7446851744547323
872,1,4,155.9307716,200,47,"(1.5, 15.5]",-0.0406773138368468,"(138.68, 1121.69]",0.041654227303983424,"(-inf, 250.0]",0.6610277277346917,"(-inf, 191.5]",1.1741703917563333
1603,0,1,356.8475135,1900,914,"(-inf, 1.5]",-0.5795501057798665,"(138.68, 1121.69]",0.041654227303983424,"(1750.0, inf]",-1.264675762282789,"(702.5, inf]",-1.7446851744547323
4753,0,13,1755.997493,1900,705,"(1.5, 15.5]",-0.0406773138368468,"(1121.69, inf]",-1.0359899775063022,"(1750.0, inf]",-1.264675762282789,"(702.5, inf]",-1.7446851744547323
3089,0,0,101.5818167,1800,852,"(-inf, 1.5]",-0.5795501057798665,"(-inf, 138.68]",0.3508536149625971,"(1750.0, inf]",-1.264675762282789,"(702.5, inf]",-1.7446851744547323
142,1,22,804.4008654,1000,518,"(15.5, 30.5]",0.6686743240412198,"(138.68, 1121.69]",0.041654227303983424,"(250.0, 1150.0]",0.34084726192349113,"(450.5, 623.5]",0.04047982904804176
661,0,0,151.6810997,700,593,"(-inf, 1.5]",-0.5795501057798665,"(138.68, 1121.69]",0.041654227303983424,"(250.0, 1150.0]",0.34084726192349113,"(450.5, 623.5]",0.04047982904804176
356,0,1,1758.52583,1800,936,"(-inf, 1.5]",-0.5795501057798665,"(1121.69, inf]",-1.0359899775063022,"(1750.0, inf]",-1.264675762282789,"(702.5, inf]",-1.7446851744547323
415,0,2,805.9802015,900,584,"(1.5, 15.5]",-0.0406773138368468,"(138.68, 1121.69]",0.041654227303983424,"(250.0, 1150.0]",0.34084726192349113,"(450.5, 623.5]",0.04047982904804176
4385,1,52,684.0124948,1300,653,"(30.5, 60.5]",2.1720634895446294,"(138.68, 1121.69]",0.041654227303983424,"(1150.0, 1350.0]",-0.2281076149142269,"(623.5, 702.5]",-0.563990054998142
4879,0,1,94.51236335,1100,539,"(-inf, 1.5]",-0.5795501057798665,"(-inf, 138.68]",0.3508536149625971,"(250.0, 1150.0]",0.34084726192349113,"(450.5, 623.5]",0.04047982904804176
3857,0,0,1181.213736,1300,702,"(-inf, 1.5]",-0.5795501057798665,"(1121.69, inf]",-1.0359899775063022,"(1150.0, 1350.0]",-0.2281076149142269,"(623.5, 702.5]",-0.563990054998142
1912,0,0,796.8164313,1300,717,"(-inf, 1.5]",-0.5795501057798665,"(138.68, 1121.69]",0.041654227303983424,"(1150.0, 1350.0]",-0.2281076149142269,"(702.5, inf]",-1.7446851744547323
425,0,0,1213.388101,1500,892,"(-inf, 1.5]",-0.5795501057798665,"(1121.69, inf]",-1.0359899775063022,"(1350.0, 1750.0]",-0.5494831152766727,"(702.5, inf]",-1.7446851744547323
750,0,29,106.1617904,700,17,"(15.5, 30.5]",0.6686743240412198,"(-inf, 138.68]",0.3508536149625971,"(250.0, 1150.0]",0.34084726192349113,"(-inf, 191.5]",1.1741703917563333
1096,0,7,411.9073564,1600,547,"(1.5, 15.5]",-0.0406773138368468,"(138.68, 1121.69]",0.041654227303983424,"(1350.0, 1750.0]",-0.5494831152766727,"(450.5, 623.5]",0.04047982904804176
3835,1,0,273.2270166,900,405,"(-inf, 1.5]",-0.5795501057798665,"(138.68, 1121.69]",0.041654227303983424,"(250.0, 1150.0]",0.34084726192349113,"(191.5, 450.5]",0.4745183096002622
3540,1,0,840.3938737,1500,598,"(-inf, 1.5]",-0.5795501057798665,"(138.68, 1121.69]",0.041654227303983424,"(1350.0, 1750.0]",-0.5494831152766727,"(450.5, 623.5]",0.04047982904804176
49,0,0,427.9769233,1900,962,"(-inf, 1.5]",-0.5795501057798665,"(138.68, 1121.69]",0.041654227303983424,"(1750.0, inf]",-1.264675762282789,"(702.5, inf]",-1.7446851744547323
1644,1,22,422.8356636,900,383,"(15.5, 30.5]",0.6686743240412198,"(138.68, 1121.69]",0.041654227303983424,"(250.0, 1150.0]",0.34084726192349113,"(191.5, 450.5]",0.4745183096002622
4805,1,2,1517.467511,2000,602,"(1.5, 15.5]",-0.0406773138368468,"(1121.69, inf]",-1.0359899775063022,"(1750.0, inf]",-1.264675762282789,"(450.5, 623.5]",0.04047982904804176
4849,0,11,122.7796692,600,313,"(1.5, 15.5]",-0.0406773138368468,"(-inf, 138.68]",0.3508536149625971,"(250.0, 1150.0]",0.34084726192349113,"(191.5, 450.5]",0.4745183096002622
1173,0,0,1481.844183,1500,692,"(-inf, 1.5]",-0.5795501057798665,"(1121.69, inf]",-1.0359899775063022,"(1350.0, 1750.0]",-0.5494831152766727,"(623.5, 702.5]",-0.563990054998142
2649,0,13,143.7587317,1300,663,"(1.5, 15.5]",-0.0406773138368468,"(138.68, 1121.69]",0.041654227303983424,"(1150.0, 1350.0]",-0.2281076149142269,"(623.5, 702.5]",-0.563990054998142
1290,0,5,492.1301681,600,275,"(1.5, 15.5]",-0.0406773138368468,"(138.68, 1121.69]",0.041654227303983424,"(250.0, 1150.0]",0.34084726192349113,"(191.5, 450.5]",0.4745183096002622
3901,1,0,1086.116004,1300,9,"(-inf, 1.5]",-0.5795501057798665,"(138.68, 1121.69]",0.041654227303983424,"(1150.0, 1350.0]",-0.2281076149142269,"(-inf, 191.5]",1.1741703917563333
3188,0,7,151.5182891,400,265,"(1.5, 15.5]",-0.0406773138368468,"(138.68, 1121.69]",0.041654227303983424,"(250.0, 1150.0]",0.34084726192349113,"(191.5, 450.5]",0.4745183096002622
2553,1,46,849.6083767,900,635,"(30.5, 60.5]",2.1720634895446294,"(138.68, 1121.69]",0.041654227303983424,"(250.0, 1150.0]",0.34084726192349113,"(623.5, 702.5]",-0.563990054998142
1589,0,0,1200.847591,2100,980,"(-inf, 1.5]",-0.5795501057798665,"(1121.69, inf]",-1.0359899775063022,"(1750.0, inf]",-1.264675762282789,"(702.5, inf]",-1.7446851744547323
1842,1,4,554.7388615,800,25,"(1.5, 15.5]",-0.0406773138368468,"(138.68, 1121.69]",0.041654227303983424,"(250.0, 1150.0]",0.34084726192349113,"(-inf, 191.5]",1.1741703917563333
4843,1,4,85.23393526,200,180,"(1.5, 15.5]",-0.0406773138368468,"(-inf, 138.68]",0.3508536149625971,"(-inf, 250.0]",0.6610277277346917,"(-inf, 191.5]",1.1741703917563333
3934,1,0,438.7798704,800,308,"(-inf, 1.5]",-0.5795501057798665,"(138.68, 1121.69]",0.041654227303983424,"(250.0, 1150.0]",0.34084726192349113,"(191.5, 450.5]",0.4745183096002622
1894,0,2,1477.448941,1600,703,"(1.5, 15.5]",-0.0406773138368468,"(1121.69, inf]",-1.0359899775063022,"(1350.0, 1750.0]",-0.5494831152766727,"(702.5, inf]",-1.7446851744547323
360,0,1,165.8104811,1800,939,"(-inf, 1.5]",-0.5795501057798665,"(138.68, 1121.69]",0.041654227303983424,"(1750.0, inf]",-1.264675762282789,"(702.5, inf]",-1.7446851744547323
226,1,0,619.8004377,900,24,"(-inf, 1.5]",-0.5795501057798665,"(138.68, 1121.69]",0.041654227303983424,"(250.0, 1150.0]",0.34084726192349113,"(-inf, 191.5]",1.1741703917563333
1412,0,2,0.685925878,2100,942,"(1.5, 15.5]",-0.0406773138368468,"(-inf, 138.68]",0.3508536149625971,"(1750.0, inf]",-1.264675762282789,"(702.5, inf]",-1.7446851744547323
12,0,6,279.3855088,600,61,"(1.5, 15.5]",-0.0406773138368468,"(138.68, 1121.69]",0.041654227303983424,"(250.0, 1150.0]",0.34084726192349113,"(-inf, 191.5]",1.1741703917563333
1601,1,0,435.7098037,700,214,"(-inf, 1.5]",-0.5795501057798665,"(138.68, 1121.69]",0.041654227303983424,"(250.0, 1150.0]",0.34084726192349113,"(191.5, 450.5]",0.4745183096002622
4035,1,6,109.3401847,200,104,"(1.5, 15.5]",-0.0406773138368468,"(-inf, 138.68]",0.3508536149625971,"(-inf, 250.0]",0.6610277277346917,"(-inf, 191.5]",1.1741703917563333
3634,0,0,494.811108,800,221,"(-inf, 1.5]",-0.5795501057798665,"(138.68, 1121.69]",0.041654227303983424,"(250.0, 1150.0]",0.34084726192349113,"(191.5, 450.5]",0.4745183096002622
3168,0,0,145.7523226,700,233,"(-inf, 1.5]",-0.5795501057798665,"(138.68, 1121.69]",0.041654227303983424,"(250.0, 1150.0]",0.34084726192349113,"(191.5, 450.5]",0.4745183096002622
3020,0,23,209.3944043,800,46,"(15.5, 30.5]",0.6686743240412198,"(138.68, 1121.69]",0.041654227303983424,"(250.0, 1150.0]",0.34084726192349113,"(-inf, 191.5]",1.1741703917563333
3287,0,0,872.0291407,900,481,"(-inf, 1.5]",-0.5795501057798665,"(138.68, 1121.69]",0.041654227303983424,"(250.0, 1150.0]",0.34084726192349113,"(450.5, 623.5]",0.04047982904804176
3949,0,2,119.4878707,700,237,"(1.5, 15.5]",-0.0406773138368468,"(-inf, 138.68]",0.3508536149625971,"(250.0, 1150.0]",0.34084726192349113,"(191.5, 450.5]",0.4745183096002622
2448,0,12,336.0417271,700,415,"(1.5, 15.5]",-0.0406773138368468,"(138.68, 1121.69]",0.041654227303983424,"(250.0, 1150.0]",0.34084726192349113,"(191.5, 450.5]",0.4745183096002622
2708,0,4,103.7637554,200,89,"(1.5, 15.5]",-0.0406773138368468,"(-inf, 138.68]",0.3508536149625971,"(-inf, 250.0]",0.6610277277346917,"(-inf, 191.5]",1.1741703917563333
3072,1,2,837.1767284,1000,153,"(1.5, 15.5]",-0.0406773138368468,"(138.68, 1121.69]",0.041654227303983424,"(250.0, 1150.0]",0.34084726192349113,"(-inf, 191.5]",1.1741703917563333
107,0,2,1649.797476,3100,904,"(1.5, 15.5]",-0.0406773138368468,"(1121.69, inf]",-1.0359899775063022,"(1750.0, inf]",-1.264675762282789,"(702.5, inf]",-1.7446851744547323
4192,0,0,1283.677032,1600,916,"(-inf, 1.5]",-0.5795501057798665,"(1121.69, inf]",-1.0359899775063022,"(1350.0, 1750.0]",-0.5494831152766727,"(702.5, inf]",-1.7446851744547323
177,0,3,506.5091879,1100,500,"(1.5, 15.5]",-0.0406773138368468,"(138.68, 1121.69]",0.041654227303983424,"(250.0, 1150.0]",0.34084726192349113,"(450.5, 623.5]",0.04047982904804176
113,0,0,1540.588225,2500,795,"(-inf, 1.5]",-0.5795501057798665,"(1121.69, inf]",-1.0359899775063022,"(1750.0, inf]",-1.264675762282789,"(702.5, inf]",-1.7446851744547323
4116,1,4,796.7846643,900,91,"(1.5, 15.5]",-0.0406773138368468,"(138.68, 1121.69]",0.041654227303983424,"(250.0, 1150.0]",0.34084726192349113,"(-inf, 191.5]",1.1741703917563333
4992,0,0,1550.931088,1600,960,"(-inf, 1.5]",-0.5795501057798665,"(1121.69, inf]",-1.0359899775063022,"(1350.0, 1750.0]",-0.5494831152766727,"(702.5, inf]",-1.7446851744547323
4291,0,1,250.7375081,1000,581,"(-inf, 1.5]",-0.5795501057798665,"(138.68, 1121.69]",0.041654227303983424,"(250.0, 1150.0]",0.34084726192349113,"(450.5, 623.5]",0.04047982904804176
3904,0,0,590.6645074,900,306,"(-inf, 1.5]",-0.5795501057798665,"(138.68, 1121.69]",0.041654227303983424,"(250.0, 1150.0]",0.34084726192349113,"(191.5, 450.5]",0.4745183096002622
3711,0,3,636.4365235,1800,744,"(1.5, 15.5]",-0.0406773138368468,"(138.68, 1121.69]",0.041654227303983424,"(1750.0, inf]",-1.264675762282789,"(702.5, inf]",-1.7446851744547323
3978,0,27,1147.920813,1200,456,"(15.5, 30.5]",0.6686743240412198,"(1121.69, inf]",-1.0359899775063022,"(1150.0, 1350.0]",-0.2281076149142269,"(450.5, 623.5]",0.04047982904804176
3912,0,50,21.16797818,700,415,"(30.5, 60.5]",2.1720634895446294,"(-inf, 138.68]",0.3508536149625971,"(250.0, 1150.0]",0.34084726192349113,"(191.5, 450.5]",0.4745183096002622
64,0,0,1688.578699,1700,774,"(-inf, 1.5]",-0.5795501057798665,"(1121.69, inf]",-1.0359899775063022,"(1350.0, 1750.0]",-0.5494831152766727,"(702.5, inf]",-1.7446851744547323
1308,0,0,704.0352587,2000,834,"(-inf, 1.5]",-0.5795501057798665,"(138.68, 1121.69]",0.041654227303983424,"(1750.0, inf]",-1.264675762282789,"(702.5, inf]",-1.7446851744547323
4643,0,0,505.9674662,900,610,"(-inf, 1.5]",-0.5795501057798665,"(138.68, 1121.69]",0.041654227303983424,"(250.0, 1150.0]",0.34084726192349113,"(450.5, 623.5]",0.04047982904804176
1097,0,5,207.7798947,500,774,"(1.5, 15.5]",-0.0406773138368468,"(138.68, 1121.69]",0.041654227303983424,"(250.0, 1150.0]",0.34084726192349113,"(702.5, inf]",-1.7446851744547323
4093,0,15,69.31451806,1000,383,"(1.5, 15.5]",-0.0406773138368468,"(-inf, 138.68]",0.3508536149625971,"(250.0, 1150.0]",0.34084726192349113,"(191.5, 450.5]",0.4745183096002622
2911,0,11,86.30335134,900,803,"(1.5, 15.5]",-0.0406773138368468,"(-inf, 138.68]",0.3508536149625971,"(250.0, 1150.0]",0.34084726192349113,"(702.5, inf]",-1.7446851744547323
2232,0,0,1648.214946,2400,944,"(-inf, 1.5]",-0.5795501057798665,"(1121.69, inf]",-1.0359899775063022,"(1750.0, inf]",-1.264675762282789,"(702.5, inf]",-1.7446851744547323
1606,1,38,337.1959866,1400,531,"(30.5, 60.5]",2.1720634895446294,"(138.68, 1121.69]",0.041654227303983424,"(1350.0, 1750.0]",-0.5494831152766727,"(450.5, 623.5]",0.04047982904804176
159,0,4,8.87810479,200,50,"(1.5, 15.5]",-0.0406773138368468,"(-inf, 138.68]",0.3508536149625971,"(-inf, 250.0]",0.6610277277346917,"(-inf, 191.5]",1.1741703917563333
2371,0,0,686.2128846,1500,976,"(-inf, 1.5]",-0.5795501057798665,"(138.68, 1121.69]",0.041654227303983424,"(1350.0, 1750.0]",-0.5494831152766727,"(702.5, inf]",-1.7446851744547323
512,1,2,390.5754004,1800,97,"(1.5, 15.5]",-0.0406773138368468,"(138.68, 1121.69]",0.041654227303983424,"(1750.0, inf]",-1.264675762282789,"(-inf, 191.5]",1.1741703917563333
4166,1,1,84.91187819,900,342,"(-inf, 1.5]",-0.5795501057798665,"(-inf, 138.68]",0.3508536149625971,"(250.0, 1150.0]",0.34084726192349113,"(191.5, 450.5]",0.4745183096002622
4311,1,4,464.0219643,1000,276,"(1.5, 15.5]",-0.0406773138368468,"(138.68, 1121.69]",0.041654227303983424,"(250.0, 1150.0]",0.34084726192349113,"(191.5, 450.5]",0.4745183096002622
3983,0,1,1081.71435,1700,612,"(-inf, 1.5]",-0.5795501057798665,"(138.68, 1121.69]",0.041654227303983424,"(1350.0, 1750.0]",-0.5494831152766727,"(450.5, 623.5]",0.04047982904804176
3495,1,13,771.4655772,1500,189,"(1.5, 15.5]",-0.0406773138368468,"(138.68, 1121.69]",0.041654227303983424,"(1350.0, 1750.0]",-0.5494831152766727,"(-inf, 191.5]",1.1741703917563333
1854,0,0,1286.281324,2300,994,"(-inf, 1.5]",-0.5795501057798665,"(1121.69, inf]",-1.0359899775063022,"(1750.0, inf]",-1.264675762282789,"(702.5, inf]",-1.7446851744547323
4809,0,1,675.4750687,700,259,"(-inf, 1.5]",-0.5795501057798665,"(138.68, 1121.69]",0.041654227303983424,"(250.0, 1150.0]",0.34084726192349113,"(191.5, 450.5]",0.4745183096002622
792,0,5,821.1912103,1000,504,"(1.5, 15.5]",-0.0406773138368468,"(138.68, 1121.69]",0.041654227303983424,"(250.0, 1150.0]",0.34084726192349113,"(450.5, 623.5]",0.04047982904804176
1880,1,8,1453.39686,1700,727,"(1.5, 15.5]",-0.0406773138368468,"(1121.69, inf]",-1.0359899775063022,"(1350.0, 1750.0]",-0.5494831152766727,"(702.5, inf]",-1.7446851744547323
4055,1,46,241.1781989,500,39,"(30.5, 60.5]",2.1720634895446294,"(138.68, 1121.69]",0.041654227303983424,"(250.0, 1150.0]",0.34084726192349113,"(-inf, 191.5]",1.1741703917563333
3566,0,12,498.2579588,1200,934,"(1.5, 15.5]",-0.0406773138368468,"(138.68, 1121.69]",0.041654227303983424,"(1150.0, 1350.0]",-0.2281076149142269,"(702.5, inf]",-1.7446851744547323
4001,0,0,192.9462569,1000,658,"(-inf, 1.5]",-0.5795501057798665,"(138.68, 1121.69]",0.041654227303983424,"(250.0, 1150.0]",0.34084726192349113,"(623.5, 702.5]",-0.563990054998142
431,0,6,448.1397283,1600,540,"(1.5, 15.5]",-0.0406773138368468,"(138.68, 1121.69]",0.041654227303983424,"(1350.0, 1750.0]",-0.5494831152766727,"(450.5, 623.5]",0.04047982904804176
800,1,4,831.0443011,1000,437,"(1.5, 15.5]",-0.0406773138368468,"(138.68, 1121.69]",0.041654227303983424,"(250.0, 1150.0]",0.34084726192349113,"(191.5, 450.5]",0.4745183096002622
2857,0,1,233.3881918,2100,881,"(-inf, 1.5]",-0.5795501057798665,"(138.68, 1121.69]",0.041654227303983424,"(1750.0, inf]",-1.264675762282789,"(702.5, inf]",-1.7446851744547323
2816,0,0,721.5486271,1900,995,"(-inf, 1.5]",-0.5795501057798665,"(138.68, 1121.69]",0.041654227303983424,"(1750.0, inf]",-1.264675762282789,"(702.5, inf]",-1.7446851744547323
4395,1,0,1439.627648,1600,650,"(-inf, 1.5]",-0.5795501057798665,"(1121.69, inf]",-1.0359899775063022,"(1350.0, 1750.0]",-0.5494831152766727,"(623.5, 702.5]",-0.563990054998142
103,0,1,783.2108313,1600,824,"(-inf, 1.5]",-0.5795501057798665,"(138.68, 1121.69]",0.041654227303983424,"(1350.0, 1750.0]",-0.5494831152766727,"(702.5, inf]",-1.7446851744547323
1404,1,29,777.5943491,900,286,"(15.5, 30.5]",0.6686743240412198,"(138.68, 1121.69]",0.041654227303983424,"(250.0, 1150.0]",0.34084726192349113,"(191.5, 450.5]",0.4745183096002622
4453,0,0,94.49472858,1800,849,"(-inf, 1.5]",-0.5795501057798665,"(-inf, 138.68]",0.3508536149625971,"(1750.0, inf]",-1.264675762282789,"(702.5, inf]",-1.7446851744547323
2943,0,3,459.4853414,700,82,"(1.5, 15.5]",-0.0406773138368468,"(138.68, 1121.69]",0.041654227303983424,"(250.0, 1150.0]",0.34084726192349113,"(-inf, 191.5]",1.1741703917563333
3010,0,7,698.3738695,2200,938,"(1.5, 15.5]",-0.0406773138368468,"(138.68, 1121.69]",0.041654227303983424,"(1750.0, inf]",-1.264675762282789,"(702.5, inf]",-1.7446851744547323
195,1,10,298.6646948,700,127,"(1.5, 15.5]",-0.0406773138368468,"(138.68, 1121.69]",0.041654227303983424,"(250.0, 1150.0]",0.34084726192349113,"(-inf, 191.5]",1.1741703917563333
3846,0,10,1191.480195,2100,787,"(1.5, 15.5]",-0.0406773138368468,"(1121.69, inf]",-1.0359899775063022,"(1750.0, inf]",-1.264675762282789,"(702.5, inf]",-1.7446851744547323
2870,0,2,446.9351597,500,203,"(1.5, 15.5]",-0.0406773138368468,"(138.68, 1121.69]",0.041654227303983424,"(250.0, 1150.0]",0.34084726192349113,"(191.5, 450.5]",0.4745183096002622
2166,0,24,89.21697176,300,464,"(15.5, 30.5]",0.6686743240412198,"(-inf, 138.68]",0.3508536149625971,"(250.0, 1150.0]",0.34084726192349113,"(450.5, 623.5]",0.04047982904804176
4123,0,1,1354.353215,1800,917,"(-inf, 1.5]",-0.5795501057798665,"(1121.69, inf]",-1.0359899775063022,"(1750.0, inf]",-1.264675762282789,"(702.5, inf]",-1.7446851744547323
154,0,3,691.3009608,1000,965,"(1.5, 15.5]",-0.0406773138368468,"(138.68, 1121.69]",0.041654227303983424,"(250.0, 1150.0]",0.34084726192349113,"(702.5, inf]",-1.7446851744547323
30,1,0,588.8201518,800,286,"(-inf, 1.5]",-0.5795501057798665,"(138.68, 1121.69]",0.041654227303983424,"(250.0, 1150.0]",0.34084726192349113,"(191.5, 450.5]",0.4745183096002622
4004,0,14,1284.449163,1800,991,"(1.5, 15.5]",-0.0406773138368468,"(1121.69, inf]",-1.0359899775063022,"(1750.0, inf]",-1.264675762282789,"(702.5, inf]",-1.7446851744547323
3852,1,2,70.87963659,1400,566,"(1.5, 15.5]",-0.0406773138368468,"(-inf, 138.68]",0.3508536149625971,"(1350.0, 1750.0]",-0.5494831152766727,"(450.5, 623.5]",0.04047982904804176
4005,0,11,429.2082813,800,630,"(1.5, 15.5]",-0.0406773138368468,"(138.68, 1121.69]",0.041654227303983424,"(250.0, 1150.0]",0.34084726192349113,"(623.5, 702.5]",-0.563990054998142
730,0,2,600.5145758,1400,503,"(1.5, 15.5]",-0.0406773138368468,"(138.68, 1121.69]",0.041654227303983424,"(1350.0, 1750.0]",-0.5494831152766727,"(450.5, 623.5]",0.04047982904804176
3022,0,5,227.4161091,1400,989,"(1.5, 15.5]",-0.0406773138368468,"(138.68, 1121.69]",0.041654227303983424,"(1350.0, 1750.0]",-0.5494831152766727,"(702.5, inf]",-1.7446851744547323
1462,1,4,882.3976298,1400,687,"(1.5, 15.5]",-0.0406773138368468,"(138.68, 1121.69]",0.041654227303983424,"(1350.0, 1750.0]",-0.5494831152766727,"(623.5, 702.5]",-0.563990054998142
1941,0,10,36.78041823,1200,740,"(1.5, 15.5]",-0.0406773138368468,"(-inf, 138.68]",0.3508536149625971,"(1150.0, 1350.0]",-0.2281076149142269,"(702.5, inf]",-1.7446851744547323
4782,1,67,97.34765846,600,218,"(60.5, inf]",4.147649406746059,"(-inf, 138.68]",0.3508536149625971,"(250.0, 1150.0]",0.34084726192349113,"(191.5, 450.5]",0.4745183096002622
4011,0,4,918.1381263,1300,546,"(1.5, 15.5]",-0.0406773138368468,"(138.68, 1121.69]",0.041654227303983424,"(1150.0, 1350.0]",-0.2281076149142269,"(450.5, 623.5]",0.04047982904804176
1682,1,65,831.6052047,1000,622,"(60.5, inf]",4.147649406746059,"(138.68, 1121.69]",0.041654227303983424,"(250.0, 1150.0]",0.34084726192349113,"(450.5, 623.5]",0.04047982904804176
4505,0,0,584.1940495,700,19,"(-inf, 1.5]",-0.5795501057798665,"(138.68, 1121.69]",0.041654227303983424,"(250.0, 1150.0]",0.34084726192349113,"(-inf, 191.5]",1.1741703917563333
741,1,3,52.04558424,300,340,"(1.5, 15.5]",-0.0406773138368468,"(-inf, 138.68]",0.3508536149625971,"(250.0, 1150.0]",0.34084726192349113,"(191.5, 450.5]",0.4745183096002622
3193,0,18,185.9443506,1000,195,"(15.5, 30.5]",0.6686743240412198,"(138.68, 1121.69]",0.041654227303983424,"(250.0, 1150.0]",0.34084726192349113,"(191.5, 450.5]",0.4745183096002622
3128,1,5,147.2990723,200,14,"(1.5, 15.5]",-0.0406773138368468,"(138.68, 1121.69]",0.041654227303983424,"(-inf, 250.0]",0.6610277277346917,"(-inf, 191.5]",1.1741703917563333
4356,0,0,282.9331765,1000,593,"(-inf, 1.5]",-0.5795501057798665,"(138.68, 1121.69]",0.041654227303983424,"(250.0, 1150.0]",0.34084726192349113,"(450.5, 623.5]",0.04047982904804176
1796,0,9,252.6833441,500,86,"(1.5, 15.5]",-0.0406773138368468,"(138.68, 1121.69]",0.041654227303983424,"(250.0, 1150.0]",0.34084726192349113,"(-inf, 191.5]",1.1741703917563333
3112,1,21,385.0657569,400,443,"(15.5, 30.5]",0.6686743240412198,"(138.68, 1121.69]",0.041654227303983424,"(250.0, 1150.0]",0.34084726192349113,"(191.5, 450.5]",0.4745183096002622
484,0,0,433.8795578,1400,921,"(-inf, 1.5]",-0.5795501057798665,"(138.68, 1121.69]",0.041654227303983424,"(1350.0, 1750.0]",-0.5494831152766727,"(702.5, inf]",-1.7446851744547323
3025,0,9,1004.996767,1300,283,"(1.5, 15.5]",-0.0406773138368468,"(138.68, 1121.69]",0.041654227303983424,"(1150.0, 1350.0]",-0.2281076149142269,"(191.5, 450.5]",0.4745183096002622
2147,0,30,168.4675386,200,58,"(15.5, 30.5]",0.6686743240412198,"(138.68, 1121.69]",0.041654227303983424,"(-inf, 250.0]",0.6610277277346917,"(-inf, 191.5]",1.1741703917563333
4097,0,2,44.98218938,1500,746,"(1.5, 15.5]",-0.0406773138368468,"(-inf, 138.68]",0.3508536149625971,"(1350.0, 1750.0]",-0.5494831152766727,"(702.5, inf]",-1.7446851744547323
2440,1,2,320.8064825,1700,703,"(1.5, 15.5]",-0.0406773138368468,"(138.68, 1121.69]",0.041654227303983424,"(1350.0, 1750.0]",-0.5494831152766727,"(702.5, inf]",-1.7446851744547323
642,1,3,415.2332562,600,380,"(1.5, 15.5]",-0.0406773138368468,"(138.68, 1121.69]",0.041654227303983424,"(250.0, 1150.0]",0.34084726192349113,"(191.5, 450.5]",0.4745183096002622
173,0,4,332.9688432,2000,705,"(1.5, 15.5]",-0.0406773138368468,"(138.68, 1121.69]",0.041654227303983424,"(1750.0, inf]",-1.264675762282789,"(702.5, inf]",-1.7446851744547323
770,0,20,47.34624751,600,594,"(15.5, 30.5]",0.6686743240412198,"(-inf, 138.68]",0.3508536149625971,"(250.0, 1150.0]",0.34084726192349113,"(450.5, 623.5]",0.04047982904804176
4209,0,0,121.0227724,1200,697,"(-inf, 1.5]",-0.5795501057798665,"(-inf, 138.68]",0.3508536149625971,"(1150.0, 1350.0]",-0.2281076149142269,"(623.5, 702.5]",-0.563990054998142
3539,0,3,886.6454206,900,379,"(1.5, 15.5]",-0.0406773138368468,"(138.68, 1121.69]",0.041654227303983424,"(250.0, 1150.0]",0.34084726192349113,"(191.5, 450.5]",0.4745183096002622
2184,1,3,8.758957671,200,50,"(1.5, 15.5]",-0.0406773138368468,"(-inf, 138.68]",0.3508536149625971,"(-inf, 250.0]",0.6610277277346917,"(-inf, 191.5]",1.1741703917563333
3881,1,17,24.63969828,200,126,"(15.5, 30.5]",0.6686743240412198,"(-inf, 138.68]",0.3508536149625971,"(-inf, 250.0]",0.6610277277346917,"(-inf, 191.5]",1.1741703917563333
1706,0,0,67.32020044,2900,945,"(-inf, 1.5]",-0.5795501057798665,"(-inf, 138.68]",0.3508536149625971,"(1750.0, inf]",-1.264675762282789,"(702.5, inf]",-1.7446851744547323
620,1,1,342.9645529,1200,172,"(-inf, 1.5]",-0.5795501057798665,"(138.68, 1121.69]",0.041654227303983424,"(1150.0, 1350.0]",-0.2281076149142269,"(-inf, 191.5]",1.1741703917563333
1477,0,3,171.1903301,600,425,"(1.5, 15.5]",-0.0406773138368468,"(138.68, 1121.69]",0.041654227303983424,"(250.0, 1150.0]",0.34084726192349113,"(191.5, 450.5]",0.4745183096002622
3211,0,7,130.0694656,1700,694,"(1.5, 15.5]",-0.0406773138368468,"(-inf, 138.68]",0.3508536149625971,"(1350.0, 1750.0]",-0.5494831152766727,"(623.5, 702.5]",-0.563990054998142
3399,1,3,73.21772579,1000,380,"(1.5, 15.5]",-0.0406773138368468,"(-inf, 138.68]",0.3508536149625971,"(250.0, 1150.0]",0.34084726192349113,"(191.5, 450.5]",0.4745183096002622
1787,0,30,72.83714614,200,83,"(15.5, 30.5]",0.6686743240412198,"(-inf, 138.68]",0.3508536149625971,"(-inf, 250.0]",0.6610277277346917,"(-inf, 191.5]",1.1741703917563333
3258,0,3,746.5572247,1100,68,"(1.5, 15.5]",-0.0406773138368468,"(138.68, 1121.69]",0.041654227303983424,"(250.0, 1150.0]",0.34084726192349113,"(-inf, 191.5]",1.1741703917563333
4268,0,0,734.3837886,800,656,"(-inf, 1.5]",-0.5795501057798665,"(138.68, 1121.69]",0.041654227303983424,"(250.0, 1150.0]",0.34084726192349113,"(623.5, 702.5]",-0.563990054998142
3143,0,51,1136.516339,1200,313,"(30.5, 60.5]",2.1720634895446294,"(1121.69, inf]",-1.0359899775063022,"(1150.0, 1350.0]",-0.2281076149142269,"(191.5, 450.5]",0.4745183096002622
42,1,0,681.9358034,700,367,"(-inf, 1.5]",-0.5795501057798665,"(138.68, 1121.69]",0.041654227303983424,"(250.0, 1150.0]",0.34084726192349113,"(191.5, 450.5]",0.4745183096002622
1455,0,1,90.26830933,2200,889,"(-inf, 1.5]",-0.5795501057798665,"(-inf, 138.68]",0.3508536149625971,"(1750.0, inf]",-1.264675762282789,"(702.5, inf]",-1.7446851744547323
2200,0,0,670.0761297,1400,585,"(-inf, 1.5]",-0.5795501057798665,"(138.68, 1121.69]",0.041654227303983424,"(1350.0, 1750.0]",-0.5494831152766727,"(450.5, 623.5]",0.04047982904804176
2290,1,1,423.8588241,500,238,"(-inf, 1.5]",-0.5795501057798665,"(138.68, 1121.69]",0.041654227303983424,"(250.0, 1150.0]",0.34084726192349113,"(191.5, 450.5]",0.4745183096002622
3392,0,0,431.6430817,1700,972,"(-inf, 1.5]",-0.5795501057798665,"(138.68, 1121.69]",0.041654227303983424,"(1350.0, 1750.0]",-0.5494831152766727,"(702.5, inf]",-1.7446851744547323
3043,0,13,9.893536462,900,334,"(1.5, 15.5]",-0.0406773138368468,"(-inf, 138.68]",0.3508536149625971,"(250.0, 1150.0]",0.34084726192349113,"(191.5, 450.5]",0.4745183096002622
4212,0,1,385.2853105,1100,528,"(-inf, 1.5]",-0.5795501057798665,"(138.68, 1121.69]",0.041654227303983424,"(250.0, 1150.0]",0.34084726192349113,"(450.5, 623.5]",0.04047982904804176
3756,0,3,174.0147838,500,124,"(1.5, 15.5]",-0.0406773138368468,"(138.68, 1121.69]",0.041654227303983424,"(250.0, 1150.0]",0.34084726192349113,"(-inf, 191.5]",1.1741703917563333
2803,0,8,151.2493451,1500,894,"(1.5, 15.5]",-0.0406773138368468,"(138.68, 1121.69]",0.041654227303983424,"(1350.0, 1750.0]",-0.5494831152766727,"(702.5, inf]",-1.7446851744547323
3354,1,55,804.5522444,900,184,"(30.5, 60.5]",2.1720634895446294,"(138.68, 1121.69]",0.041654227303983424,"(250.0, 1150.0]",0.34084726192349113,"(-inf, 191.5]",1.1741703917563333
2186,1,16,16.77914363,500,93,"(15.5, 30.5]",0.6686743240412198,"(-inf, 138.68]",0.3508536149625971,"(250.0, 1150.0]",0.34084726192349113,"(-inf, 191.5]",1.1741703917563333
471,1,0,733.3902002,900,486,"(-inf, 1.5]",-0.5795501057798665,"(138.68, 1121.69]",0.041654227303983424,"(250.0, 1150.0]",0.34084726192349113,"(450.5, 623.5]",0.04047982904804176
3891,0,11,270.4302879,1700,787,"(1.5, 15.5]",-0.0406773138368468,"(138.68, 1121.69]",0.041654227303983424,"(1350.0, 1750.0]",-0.5494831152766727,"(702.5, inf]",-1.7446851744547323
2159,0,2,183.049943,1200,545,"(1.5, 15.5]",-0.0406773138368468,"(138.68, 1121.69]",0.041654227303983424,"(1150.0, 1350.0]",-0.2281076149142269,"(450.5, 623.5]",0.04047982904804176
2678,0,35,2243.793035,2300,847,"(30.5, 60.5]",2.1720634895446294,"(1121.69, inf]",-1.0359899775063022,"(1750.0, inf]",-1.264675762282789,"(702.5, inf]",-1.7446851744547323
3485,0,0,2060.246668,2600,989,"(-inf, 1.5]",-0.5795501057798665,"(1121.69, inf]",-1.0359899775063022,"(1750.0, inf]",-1.264675762282789,"(702.5, inf]",-1.7446851744547323
1371,1,7,563.8101958,700,33,"(1.5, 15.5]",-0.0406773138368468,"(138.68, 1121.69]",0.041654227303983424,"(250.0, 1150.0]",0.34084726192349113,"(-inf, 191.5]",1.1741703917563333
1874,1,0,182.8307872,500,364,"(-inf, 1.5]",-0.5795501057798665,"(138.68, 1121.69]",0.041654227303983424,"(250.0, 1150.0]",0.34084726192349113,"(191.5, 450.5]",0.4745183096002622
4821,0,1,205.629859,500,629,"(-inf, 1.5]",-0.5795501057798665,"(138.68, 1121.69]",0.041654227303983424,"(250.0, 1150.0]",0.34084726192349113,"(623.5, 702.5]",-0.563990054998142
3617,0,11,380.9496874,400,307,"(1.5, 15.5]",-0.0406773138368468,"(138.68, 1121.69]",0.041654227303983424,"(250.0, 1150.0]",0.34084726192349113,"(191.5, 450.5]",0.4745183096002622
1374,1,0,78.16828323,200,48,"(-inf, 1.5]",-0.5795501057798665,"(-inf, 138.68]",0.3508536149625971,"(-inf, 250.0]",0.6610277277346917,"(-inf, 191.5]",1.1741703917563333
251,1,2,536.4589862,800,359,"(1.5, 15.5]",-0.0406773138368468,"(138.68, 1121.69]",0.041654227303983424,"(250.0, 1150.0]",0.34084726192349113,"(191.5, 450.5]",0.4745183096002622
2738,0,25,2.328210408,900,510,"(15.5, 30.5]",0.6686743240412198,"(-inf, 138.68]",0.3508536149625971,"(250.0, 1150.0]",0.34084726192349113,"(450.5, 623.5]",0.04047982904804176
551,0,2,1430.859316,2200,832,"(1.5, 15.5]",-0.0406773138368468,"(1121.69, inf]",-1.0359899775063022,"(1750.0, inf]",-1.264675762282789,"(702.5, inf]",-1.7446851744547323
2710,0,1,482.9245748,1500,984,"(-inf, 1.5]",-0.5795501057798665,"(138.68, 1121.69]",0.041654227303983424,"(1350.0, 1750.0]",-0.5494831152766727,"(702.5, inf]",-1.7446851744547323
3458,0,1,1741.479323,2200,830,"(-inf, 1.5]",-0.5795501057798665,"(1121.69, inf]",-1.0359899775063022,"(1750.0, inf]",-1.264675762282789,"(702.5, inf]",-1.7446851744547323
3360,0,25,1118.69475,1500,604,"(15.5, 30.5]",0.6686743240412198,"(138.68, 1121.69]",0.041654227303983424,"(1350.0, 1750.0]",-0.5494831152766727,"(450.5, 623.5]",0.04047982904804176
2919,1,1,314.0989688,400,495,"(-inf, 1.5]",-0.5795501057798665,"(138.68, 1121.69]",0.041654227303983424,"(250.0, 1150.0]",0.34084726192349113,"(450.5, 623.5]",0.04047982904804176
776,1,10,243.0815348,400,170,"(1.5, 15.5]",-0.0406773138368468,"(138.68, 1121.69]",0.041654227303983424,"(250.0, 1150.0]",0.34084726192349113,"(-inf, 191.5]",1.1741703917563333
4713,0,5,387.1753932,1500,971,"(1.5, 15.5]",-0.0406773138368468,"(138.68, 1121.69]",0.041654227303983424,"(1350.0, 1750.0]",-0.5494831152766727,"(702.5, inf]",-1.7446851744547323
2218,0,0,572.4676745,600,617,"(-inf, 1.5]",-0.5795501057798665,"(138.68, 1121.69]",0.041654227303983424,"(250.0, 1150.0]",0.34084726192349113,"(450.5, 623.5]",0.04047982904804176
2825,0,18,240.5933136,2000,607,"(15.5, 30.5]",0.6686743240412198,"(138.68, 1121.69]",0.041654227303983424,"(1750.0, inf]",-1.264675762282789,"(450.5, 623.5]",0.04047982904804176
3404,0,6,980.9804612,1100,406,"(1.5, 15.5]",-0.0406773138368468,"(138.68, 1121.69]",0.041654227303983424,"(250.0, 1150.0]",0.34084726192349113,"(191.5, 450.5]",0.4745183096002622
2912,1,3,629.6176699,1200,863,"(1.5, 15.5]",-0.0406773138368468,"(138.68, 1121.69]",0.041654227303983424,"(1150.0, 1350.0]",-0.2281076149142269,"(702.5, inf]",-1.7446851744547323
625,0,14,829.4619546,1200,651,"(1.5, 15.5]",-0.0406773138368468,"(138.68, 1121.69]",0.041654227303983424,"(1150.0, 1350.0]",-0.2281076149142269,"(623.5, 702.5]",-0.563990054998142
1373,0,0,199.3831095,2100,935,"(-inf, 1.5]",-0.5795501057798665,"(138.68, 1121.69]",0.041654227303983424,"(1750.0, inf]",-1.264675762282789,"(702.5, inf]",-1.7446851744547323
1463,0,0,1318.14844,1500,952,"(-inf, 1.5]",-0.5795501057798665,"(1121.69, inf]",-1.0359899775063022,"(1350.0, 1750.0]",-0.5494831152766727,"(702.5, inf]",-1.7446851744547323
4705,0,0,710.3508466,800,370,"(-inf, 1.5]",-0.5795501057798665,"(138.68, 1121.69]",0.041654227303983424,"(250.0, 1150.0]",0.34084726192349113,"(191.5, 450.5]",0.4745183096002622
3793,1,89,528.1987617,600,316,"(60.5, inf]",4.147649406746059,"(138.68, 1121.69]",0.041654227303983424,"(250.0, 1150.0]",0.34084726192349113,"(191.5, 450.5]",0.4745183096002622
1990,0,23,545.1112574,600,308,"(15.5, 30.5]",0.6686743240412198,"(138.68, 1121.69]",0.041654227303983424,"(250.0, 1150.0]",0.34084726192349113,"(191.5, 450.5]",0.4745183096002622
3149,1,16,112.5952258,1100,181,"(15.5, 30.5]",0.6686743240412198,"(-inf, 138.68]",0.3508536149625971,"(250.0, 1150.0]",0.34084726192349113,"(-inf, 191.5]",1.1741703917563333
4925,1,7,188.8516395,500,117,"(1.5, 15.5]",-0.0406773138368468,"(138.68, 1121.69]",0.041654227303983424,"(250.0, 1150.0]",0.34084726192349113,"(-inf, 191.5]",1.1741703917563333
3475,1,11,119.4053816,200,3,"(1.5, 15.5]",-0.0406773138368468,"(-inf, 138.68]",0.3508536149625971,"(-inf, 250.0]",0.6610277277346917,"(-inf, 191.5]",1.1741703917563333
954,0,0,167.8133513,1000,573,"(-inf, 1.5]",-0.5795501057798665,"(138.68, 1121.69]",0.041654227303983424,"(250.0, 1150.0]",0.34084726192349113,"(450.5, 623.5]",0.04047982904804176
4616,1,52,224.2970383,800,306,"(30.5, 60.5]",2.1720634895446294,"(138.68, 1121.69]",0.041654227303983424,"(250.0, 1150.0]",0.34084726192349113,"(191.5, 450.5]",0.4745183096002622
1347,0,7,34.22316303,200,178,"(1.5, 15.5]",-0.0406773138368468,"(-inf, 138.68]",0.3508536149625971,"(-inf, 250.0]",0.6610277277346917,"(-inf, 191.5]",1.1741703917563333
983,0,7,1385.577695,1600,906,"(1.5, 15.5]",-0.0406773138368468,"(1121.69, inf]",-1.0359899775063022,"(1350.0, 1750.0]",-0.5494831152766727,"(702.5, inf]",-1.7446851744547323
4902,0,0,1197.245442,3200,738,"(-inf, 1.5]",-0.5795501057798665,"(1121.69, inf]",-1.0359899775063022,"(1750.0, inf]",-1.264675762282789,"(702.5, inf]",-1.7446851744547323
2432,0,0,276.4096212,300,697,"(-inf, 1.5]",-0.5795501057798665,"(138.68, 1121.69]",0.041654227303983424,"(250.0, 1150.0]",0.34084726192349113,"(623.5, 702.5]",-0.563990054998142
1638,0,7,43.93300768,900,407,"(1.5, 15.5]",-0.0406773138368468,"(-inf, 138.68]",0.3508536149625971,"(250.0, 1150.0]",0.34084726192349113,"(191.5, 450.5]",0.4745183096002622
4538,1,0,89.61397971,200,159,"(-inf, 1.5]",-0.5795501057798665,"(-inf, 138.68]",0.3508536149625971,"(-inf, 250.0]",0.6610277277346917,"(-inf, 191.5]",1.1741703917563333
3364,0,3,883.5322491,1200,814,"(1.5, 15.5]",-0.0406773138368468,"(138.68, 1121.69]",0.041654227303983424,"(1150.0, 1350.0]",-0.2281076149142269,"(702.5, inf]",-1.7446851744547323
4443,1,1,566.2608924,1600,619,"(-inf, 1.5]",-0.5795501057798665,"(138.68, 1121.69]",0.041654227303983424,"(1350.0, 1750.0]",-0.5494831152766727,"(450.5, 623.5]",0.04047982904804176
746,0,0,159.0673888,1300,978,"(-inf, 1.5]",-0.5795501057798665,"(138.68, 1121.69]",0.041654227303983424,"(1150.0, 1350.0]",-0.2281076149142269,"(702.5, inf]",-1.7446851744547323
4700,1,80,1797.320646,2500,669,"(60.5, inf]",4.147649406746059,"(1121.69, inf]",-1.0359899775063022,"(1750.0, inf]",-1.264675762282789,"(623.5, 702.5]",-0.563990054998142
3240,0,34,155.1488785,700,328,"(30.5, 60.5]",2.1720634895446294,"(138.68, 1121.69]",0.041654227303983424,"(250.0, 1150.0]",0.34084726192349113,"(191.5, 450.5]",0.4745183096002622
787,1,35,132.2220142,600,291,"(30.5, 60.5]",2.1720634895446294,"(-inf, 138.68]",0.3508536149625971,"(250.0, 1150.0]",0.34084726192349113,"(191.5, 450.5]",0.4745183096002622
2041,0,21,177.3522361,200,8,"(15.5, 30.5]",0.6686743240412198,"(138.68, 1121.69]",0.041654227303983424,"(-inf, 250.0]",0.6610277277346917,"(-inf, 191.5]",1.1741703917563333
4831,0,4,353.6502908,1400,774,"(1.5, 15.5]",-0.0406773138368468,"(138.68, 1121.69]",0.041654227303983424,"(1350.0, 1750.0]",-0.5494831152766727,"(702.5, inf]",-1.7446851744547323
3018,1,4,127.864324,900,570,"(1.5, 15.5]",-0.0406773138368468,"(-inf, 138.68]",0.3508536149625971,"(250.0, 1150.0]",0.34084726192349113,"(450.5, 623.5]",0.04047982904804176
3840,1,0,1043.693346,1500,698,"(-inf, 1.5]",-0.5795501057798665,"(138.68, 1121.69]",0.041654227303983424,"(1350.0, 1750.0]",-0.5494831152766727,"(623.5, 702.5]",-0.563990054998142
544,1,19,349.3437247,1600,568,"(15.5, 30.5]",0.6686743240412198,"(138.68, 1121.69]",0.041654227303983424,"(1350.0, 1750.0]",-0.5494831152766727,"(450.5, 623.5]",0.04047982904804176
86,0,0,645.8748679,2200,812,"(-inf, 1.5]",-0.5795501057798665,"(138.68, 1121.69]",0.041654227303983424,"(1750.0, inf]",-1.264675762282789,"(702.5, inf]",-1.7446851744547323
4977,1,6,95.9326235,200,29,"(1.5, 15.5]",-0.0406773138368468,"(-inf, 138.68]",0.3508536149625971,"(-inf, 250.0]",0.6610277277346917,"(-inf, 191.5]",1.1741703917563333
1378,0,4,42.22684205,200,4,"(1.5, 15.5]",-0.0406773138368468,"(-inf, 138.68]",0.3508536149625971,"(-inf, 250.0]",0.6610277277346917,"(-inf, 191.5]",1.1741703917563333
4553,1,7,108.9223054,200,169,"(1.5, 15.5]",-0.0406773138368468,"(-inf, 138.68]",0.3508536149625971,"(-inf, 250.0]",0.6610277277346917,"(-inf, 191.5]",1.1741703917563333
964,0,5,555.5514342,2000,956,"(1.5, 15.5]",-0.0406773138368468,"(138.68, 1121.69]",0.041654227303983424,"(1750.0, inf]",-1.264675762282789,"(702.5, inf]",-1.7446851744547323
3639,1,0,92.02487306,200,132,"(-inf, 1.5]",-0.5795501057798665,"(-inf, 138.68]",0.3508536149625971,"(-inf, 250.0]",0.6610277277346917,"(-inf, 191.5]",1.1741703917563333
4810,0,4,564.8558901,800,395,"(1.5, 15.5]",-0.0406773138368468,"(138.68, 1121.69]",0.041654227303983424,"(250.0, 1150.0]",0.34084726192349113,"(191.5, 450.5]",0.4745183096002622
3328,1,2,401.7361615,1300,508,"(1.5, 15.5]",-0.0406773138368468,"(138.68, 1121.69]",0.041654227303983424,"(1150.0, 1350.0]",-0.2281076149142269,"(450.5, 623.5]",0.04047982904804176
2315,0,0,422.9035403,800,426,"(-inf, 1.5]",-0.5795501057798665,"(138.68, 1121.69]",0.041654227303983424,"(250.0, 1150.0]",0.34084726192349113,"(191.5, 450.5]",0.4745183096002622
818,1,24,279.7323545,800,219,"(15.5, 30.5]",0.6686743240412198,"(138.68, 1121.69]",0.041654227303983424,"(250.0, 1150.0]",0.34084726192349113,"(191.5, 450.5]",0.4745183096002622
349,0,0,1989.751362,2700,969,"(-inf, 1.5]",-0.5795501057798665,"(1121.69, inf]",-1.0359899775063022,"(1750.0, inf]",-1.264675762282789,"(702.5, inf]",-1.7446851744547323
2162,1,44,135.1844975,200,102,"(30.5, 60.5]",2.1720634895446294,"(-inf, 138.68]",0.3508536149625971,"(-inf, 250.0]",0.6610277277346917,"(-inf, 191.5]",1.1741703917563333
2106,1,4,112.4369978,1000,430,"(1.5, 15.5]",-0.0406773138368468,"(-inf, 138.68]",0.3508536149625971,"(250.0, 1150.0]",0.34084726192349113,"(191.5, 450.5]",0.4745183096002622
993,0,7,511.5301601,800,417,"(1.5, 15.5]",-0.0406773138368468,"(138.68, 1121.69]",0.041654227303983424,"(250.0, 1150.0]",0.34084726192349113,"(191.5, 450.5]",0.4745183096002622
868,0,1,164.9998371,300,226,"(-inf, 1.5]",-0.5795501057798665,"(138.68, 1121.69]",0.041654227303983424,"(250.0, 1150.0]",0.34084726192349113,"(191.5, 450.5]",0.4745183096002622
4531,0,0,5.219212486,500,452,"(-inf, 1.5]",-0.5795501057798665,"(-inf, 138.68]",0.3508536149625971,"(250.0, 1150.0]",0.34084726192349113,"(450.5, 623.5]",0.04047982904804176
959,0,10,1214.466603,2100,979,"(1.5, 15.5]",-0.0406773138368468,"(1121.69, inf]",-1.0359899775063022,"(1750.0, inf]",-1.264675762282789,"(702.5, inf]",-1.7446851744547323
2652,0,0,110.3199809,200,165,"(-inf, 1.5]",-0.5795501057798665,"(-inf, 138.68]",0.3508536149625971,"(-inf, 250.0]",0.6610277277346917,"(-inf, 191.5]",1.1741703917563333
189,0,23,814.5382333,900,429,"(15.5, 30.5]",0.6686743240412198,"(138.68, 1121.69]",0.041654227303983424,"(250.0, 1150.0]",0.34084726192349113,"(191.5, 450.5]",0.4745183096002622
170,1,2,436.5678034,800,413,"(1.5, 15.5]",-0.0406773138368468,"(138.68, 1121.69]",0.041654227303983424,"(250.0, 1150.0]",0.34084726192349113,"(191.5, 450.5]",0.4745183096002622
1605,0,0,366.7593506,1000,657,"(-inf, 1.5]",-0.5795501057798665,"(138.68, 1121.69]",0.041654227303983424,"(250.0, 1150.0]",0.34084726192349113,"(623.5, 702.5]",-0.563990054998142
481,1,8,708.7784339,900,379,"(1.5, 15.5]",-0.0406773138368468,"(138.68, 1121.69]",0.041654227303983424,"(250.0, 1150.0]",0.34084726192349113,"(191.5, 450.5]",0.4745183096002622
2675,0,0,658.8125393,1500,852,"(-inf, 1.5]",-0.5795501057798665,"(138.68, 1121.69]",0.041654227303983424,"(1350.0, 1750.0]",-0.5494831152766727,"(702.5, inf]",-1.7446851744547323
3950,1,3,351.369522,800,441,"(1.5, 15.5]",-0.0406773138368468,"(138.68, 1121.69]",0.041654227303983424,"(250.0, 1150.0]",0.34084726192349113,"(191.5, 450.5]",0.4745183096002622
4781,0,0,2375.253856,2800,949,"(-inf, 1.5]",-0.5795501057798665,"(1121.69, inf]",-1.0359899775063022,"(1750.0, inf]",-1.264675762282789,"(702.5, inf]",-1.7446851744547323
1381,0,0,2041.945808,3200,996,"(-inf, 1.5]",-0.5795501057798665,"(1121.69, inf]",-1.0359899775063022,"(1750.0, inf]",-1.264675762282789,"(702.5, inf]",-1.7446851744547323
3321,0,9,613.5779639,1100,799,"(1.5, 15.5]",-0.0406773138368468,"(138.68, 1121.69]",0.041654227303983424,"(250.0, 1150.0]",0.34084726192349113,"(702.5, inf]",-1.7446851744547323
1172,0,4,126.7815191,200,235,"(1.5, 15.5]",-0.0406773138368468,"(-inf, 138.68]",0.3508536149625971,"(-inf, 250.0]",0.6610277277346917,"(191.5, 450.5]",0.4745183096002622
4552,1,8,92.76576355,800,191,"(1.5, 15.5]",-0.0406773138368468,"(-inf, 138.68]",0.3508536149625971,"(250.0, 1150.0]",0.34084726192349113,"(-inf, 191.5]",1.1741703917563333
3676,1,55,560.450774,1300,494,"(30.5, 60.5]",2.1720634895446294,"(138.68, 1121.69]",0.041654227303983424,"(1150.0, 1350.0]",-0.2281076149142269,"(450.5, 623.5]",0.04047982904804176
1355,0,4,199.5312613,200,56,"(1.5, 15.5]",-0.0406773138368468,"(138.68, 1121.69]",0.041654227303983424,"(-inf, 250.0]",0.6610277277346917,"(-inf, 191.5]",1.1741703917563333
4074,0,0,136.9502804,2200,759,"(-inf, 1.5]",-0.5795501057798665,"(-inf, 138.68]",0.3508536149625971,"(1750.0, inf]",-1.264675762282789,"(702.5, inf]",-1.7446851744547323
4333,1,1,364.5344191,600,381,"(-inf, 1.5]",-0.5795501057798665,"(138.68, 1121.69]",0.041654227303983424,"(250.0, 1150.0]",0.34084726192349113,"(191.5, 450.5]",0.4745183096002622
4064,1,23,187.0009861,600,280,"(15.5, 30.5]",0.6686743240412198,"(138.68, 1121.69]",0.041654227303983424,"(250.0, 1150.0]",0.34084726192349113,"(191.5, 450.5]",0.4745183096002622
3479,1,1,21.69797803,1200,284,"(-inf, 1.5]",-0.5795501057798665,"(-inf, 138.68]",0.3508536149625971,"(1150.0, 1350.0]",-0.2281076149142269,"(191.5, 450.5]",0.4745183096002622
3489,0,0,1865.201453,1900,781,"(-inf, 1.5]",-0.5795501057798665,"(1121.69, inf]",-1.0359899775063022,"(1750.0, inf]",-1.264675762282789,"(702.5, inf]",-1.7446851744547323
4561,1,37,1212.771934,1300,702,"(30.5, 60.5]",2.1720634895446294,"(1121.69, inf]",-1.0359899775063022,"(1150.0, 1350.0]",-0.2281076149142269,"(623.5, 702.5]",-0.563990054998142
3297,0,4,299.3405437,500,243,"(1.5, 15.5]",-0.0406773138368468,"(138.68, 1121.69]",0.041654227303983424,"(250.0, 1150.0]",0.34084726192349113,"(191.5, 450.5]",0.4745183096002622
347,1,13,133.7064423,200,148,"(1.5, 15.5]",-0.0406773138368468,"(-inf, 138.68]",0.3508536149625971,"(-inf, 250.0]",0.6610277277346917,"(-inf, 191.5]",1.1741703917563333
1885,0,1,1333.340265,2100,995,"(-inf, 1.5]",-0.5795501057798665,"(1121.69, inf]",-1.0359899775063022,"(1750.0, inf]",-1.264675762282789,"(702.5, inf]",-1.7446851744547323
2626,0,0,130.0183871,800,679,"(-inf, 1.5]",-0.5795501057798665,"(-inf, 138.68]",0.3508536149625971,"(250.0, 1150.0]",0.34084726192349113,"(623.5, 702.5]",-0.563990054998142
2112,0,10,333.7974814,600,644,"(1.5, 15.5]",-0.0406773138368468,"(138.68, 1121.69]",0.041654227303983424,"(250.0, 1150.0]",0.34084726192349113,"(623.5, 702.5]",-0.563990054998142
2113,1,1,483.0566019,1000,579,"(-inf, 1.5]",-0.5795501057798665,"(138.68, 1121.69]",0.041654227303983424,"(250.0, 1150.0]",0.34084726192349113,"(450.5, 623.5]",0.04047982904804176
1954,0,0,569.2474438,2000,893,"(-inf, 1.5]",-0.5795501057798665,"(138.68, 1121.69]",0.041654227303983424,"(1750.0, inf]",-1.264675762282789,"(702.5, inf]",-1.7446851744547323
4695,0,5,92.32588025,600,477,"(1.5, 15.5]",-0.0406773138368468,"(-inf, 138.68]",0.3508536149625971,"(250.0, 1150.0]",0.34084726192349113,"(450.5, 623.5]",0.04047982904804176
332,0,9,61.33160994,1300,409,"(1.5, 15.5]",-0.0406773138368468,"(-inf, 138.68]",0.3508536149625971,"(1150.0, 1350.0]",-0.2281076149142269,"(191.5, 450.5]",0.4745183096002622
878,1,35,50.18674932,200,56,"(30.5, 60.5]",2.1720634895446294,"(-inf, 138.68]",0.3508536149625971,"(-inf, 250.0]",0.6610277277346917,"(-inf, 191.5]",1.1741703917563333
3249,1,4,677.7872403,1500,591,"(1.5, 15.5]",-0.0406773138368468,"(138.68, 1121.69]",0.041654227303983424,"(1350.0, 1750.0]",-0.5494831152766727,"(450.5, 623.5]",0.04047982904804176
4729,1,0,1087.798885,1100,253,"(-inf, 1.5]",-0.5795501057798665,"(138.68, 1121.69]",0.041654227303983424,"(250.0, 1150.0]",0.34084726192349113,"(191.5, 450.5]",0.4745183096002622
3649,0,57,481.7655836,1500,557,"(30.5, 60.5]",2.1720634895446294,"(138.68, 1121.69]",0.041654227303983424,"(1350.0, 1750.0]",-0.5494831152766727,"(450.5, 623.5]",0.04047982904804176
1266,0,0,368.1620565,1300,786,"(-inf, 1.5]",-0.5795501057798665,"(138.68, 1121.69]",0.041654227303983424,"(1150.0, 1350.0]",-0.2281076149142269,"(702.5, inf]",-1.7446851744547323
4389,0,1,889.7117442,1400,777,"(-inf, 1.5]",-0.5795501057798665,"(138.68, 1121.69]",0.041654227303983424,"(1350.0, 1750.0]",-0.5494831152766727,"(702.5, inf]",-1.7446851744547323
3735,1,0,310.2739822,500,422,"(-inf, 1.5]",-0.5795501057798665,"(138.68, 1121.69]",0.041654227303983424,"(250.0, 1150.0]",0.34084726192349113,"(191.5, 450.5]",0.4745183096002622
4321,1,0,418.1798053,800,259,"(-inf, 1.5]",-0.5795501057798665,"(138.68, 1121.69]",0.041654227303983424,"(250.0, 1150.0]",0.34084726192349113,"(191.5, 450.5]",0.4745183096002622
2247,1,3,829.0334636,900,318,"(1.5, 15.5]",-0.0406773138368468,"(138.68, 1121.69]",0.041654227303983424,"(250.0, 1150.0]",0.34084726192349113,"(191.5, 450.5]",0.4745183096002622
3638,1,6,587.6158428,600,20,"(1.5, 15.5]",-0.0406773138368468,"(138.68, 1121.69]",0.041654227303983424,"(250.0, 1150.0]",0.34084726192349113,"(-inf, 191.5]",1.1741703917563333
2326,1,0,240.0918254,2300,772,"(-inf, 1.5]",-0.5795501057798665,"(138.68, 1121.69]",0.041654227303983424,"(1750.0, inf]",-1.264675762282789,"(702.5, inf]",-1.7446851744547323
2001,0,1,1639.140687,2400,846,"(-inf, 1.5]",-0.5795501057798665,"(1121.69, inf]",-1.0359899775063022,"(1750.0, inf]",-1.264675762282789,"(702.5, inf]",-1.7446851744547323
1560,0,9,446.4025879,700,238,"(1.5, 15.5]",-0.0406773138368468,"(138.68, 1121.69]",0.041654227303983424,"(250.0, 1150.0]",0.34084726192349113,"(191.5, 450.5]",0.4745183096002622
821,0,23,481.4509461,1500,744,"(15.5, 30.5]",0.6686743240412198,"(138.68, 1121.69]",0.041654227303983424,"(1350.0, 1750.0]",-0.5494831152766727,"(702.5, inf]",-1.7446851744547323
845,0,0,130.6118792,200,186,"(-inf, 1.5]",-0.5795501057798665,"(-inf, 138.68]",0.3508536149625971,"(-inf, 250.0]",0.6610277277346917,"(-inf, 191.5]",1.1741703917563333
58,1,49,262.3098028,600,188,"(30.5, 60.5]",2.1720634895446294,"(138.68, 1121.69]",0.041654227303983424,"(250.0, 1150.0]",0.34084726192349113,"(-inf, 191.5]",1.1741703917563333
3131,1,26,504.9795056,800,370,"(15.5, 30.5]",0.6686743240412198,"(138.68, 1121.69]",0.041654227303983424,"(250.0, 1150.0]",0.34084726192349113,"(191.5, 450.5]",0.4745183096002622
3515,1,0,564.5509091,1100,221,"(-inf, 1.5]",-0.5795501057798665,"(138.68, 1121.69]",0.041654227303983424,"(250.0, 1150.0]",0.34084726192349113,"(191.5, 450.5]",0.4745183096002622
2021,0,2,413.7500708,700,188,"(1.5, 15.5]",-0.0406773138368468,"(138.68, 1121.69]",0.041654227303983424,"(250.0, 1150.0]",0.34084726192349113,"(-inf, 191.5]",1.1741703917563333
4654,0,1,1321.774899,1600,902,"(-inf, 1.5]",-0.5795501057798665,"(1121.69, inf]",-1.0359899775063022,"(1350.0, 1750.0]",-0.5494831152766727,"(702.5, inf]",-1.7446851744547323
4200,0,3,597.4136664,1100,255,"(1.5, 15.5]",-0.0406773138368468,"(138.68, 1121.69]",0.041654227303983424,"(250.0, 1150.0]",0.34084726192349113,"(191.5, 450.5]",0.4745183096002622
1788,1,2,180.9818011,500,114,"(1.5, 15.5]",-0.0406773138368468,"(138.68, 1121.69]",0.041654227303983424,"(250.0, 1150.0]",0.34084726192349113,"(-inf, 191.5]",1.1741703917563333
3471,0,11,736.4271406,1100,300,"(1.5, 15.5]",-0.0406773138368468,"(138.68, 1121.69]",0.041654227303983424,"(250.0, 1150.0]",0.34084726192349113,"(191.5, 450.5]",0.4745183096002622
2276,0,1,446.8053975,1100,706,"(-inf, 1.5]",-0.5795501057798665,"(138.68, 1121.69]",0.041654227303983424,"(250.0, 1150.0]",0.34084726192349113,"(702.5, inf]",-1.7446851744547323
1198,0,0,2109.213461,2400,908,"(-inf, 1.5]",-0.5795501057798665,"(1121.69, inf]",-1.0359899775063022,"(1750.0, inf]",-1.264675762282789,"(702.5, inf]",-1.7446851744547323
1041,0,1,0.511412544,200,115,"(-inf, 1.5]",-0.5795501057798665,"(-inf, 138.68]",0.3508536149625971,"(-inf, 250.0]",0.6610277277346917,"(-inf, 191.5]",1.1741703917563333
2686,0,7,131.8120335,800,407,"(1.5, 15.5]",-0.0406773138368468,"(-inf, 138.68]",0.3508536149625971,"(250.0, 1150.0]",0.34084726192349113,"(191.5, 450.5]",0.4745183096002622
4197,0,0,1126.808598,1500,897,"(-inf, 1.5]",-0.5795501057798665,"(1121.69, inf]",-1.0359899775063022,"(1350.0, 1750.0]",-0.5494831152766727,"(702.5, inf]",-1.7446851744547323
3226,0,2,155.9110825,600,204,"(1.5, 15.5]",-0.0406773138368468,"(138.68, 1121.69]",0.041654227303983424,"(250.0, 1150.0]",0.34084726192349113,"(191.5, 450.5]",0.4745183096002622
3421,0,0,247.9281885,1300,868,"(-inf, 1.5]",-0.5795501057798665,"(138.68, 1121.69]",0.041654227303983424,"(1150.0, 1350.0]",-0.2281076149142269,"(702.5, inf]",-1.7446851744547323
1470,0,15,80.13415174,200,65,"(1.5, 15.5]",-0.0406773138368468,"(-inf, 138.68]",0.3508536149625971,"(-inf, 250.0]",0.6610277277346917,"(-inf, 191.5]",1.1741703917563333
2780,0,2,1298.472812,1400,635,"(1.5, 15.5]",-0.0406773138368468,"(1121.69, inf]",-1.0359899775063022,"(1350.0, 1750.0]",-0.5494831152766727,"(623.5, 702.5]",-0.563990054998142
811,0,0,917.5484987,1400,549,"(-inf, 1.5]",-0.5795501057798665,"(138.68, 1121.69]",0.041654227303983424,"(1350.0, 1750.0]",-0.5494831152766727,"(450.5, 623.5]",0.04047982904804176
4712,0,0,24.45093218,600,47,"(-inf, 1.5]",-0.5795501057798665,"(-inf, 138.68]",0.3508536149625971,"(250.0, 1150.0]",0.34084726192349113,"(-inf, 191.5]",1.1741703917563333
3260,0,4,505.6067765,1100,566,"(1.5, 15.5]",-0.0406773138368468,"(138.68, 1121.69]",0.041654227303983424,"(250.0, 1150.0]",0.34084726192349113,"(450.5, 623.5]",0.04047982904804176
3682,1,0,135.4215796,800,67,"(-inf, 1.5]",-0.5795501057798665,"(-inf, 138.68]",0.3508536149625971,"(250.0, 1150.0]",0.34084726192349113,"(-inf, 191.5]",1.1741703917563333
3390,0,1,130.6724112,1500,634,"(-inf, 1.5]",-0.5795501057798665,"(-inf, 138.68]",0.3508536149625971,"(1350.0, 1750.0]",-0.5494831152766727,"(623.5, 702.5]",-0.563990054998142
303,0,17,1111.947519,1800,658,"(15.5, 30.5]",0.6686743240412198,"(138.68, 1121.69]",0.041654227303983424,"(1750.0, inf]",-1.264675762282789,"(623.5, 702.5]",-0.563990054998142
4938,1,13,193.9637394,800,257,"(1.5, 15.5]",-0.0406773138368468,"(138.68, 1121.69]",0.041654227303983424,"(250.0, 1150.0]",0.34084726192349113,"(191.5, 450.5]",0.4745183096002622
456,1,44,838.1896162,1400,514,"(30.5, 60.5]",2.1720634895446294,"(138.68, 1121.69]",0.041654227303983424,"(1350.0, 1750.0]",-0.5494831152766727,"(450.5, 623.5]",0.04047982904804176
4450,1,7,438.8687921,1500,39,"(1.5, 15.5]",-0.0406773138368468,"(138.68, 1121.69]",0.041654227303983424,"(1350.0, 1750.0]",-0.5494831152766727,"(-inf, 191.5]",1.1741703917563333
2458,0,7,339.5945387,2200,683,"(1.5, 15.5]",-0.0406773138368468,"(138.68, 1121.69]",0.041654227303983424,"(1750.0, inf]",-1.264675762282789,"(623.5, 702.5]",-0.563990054998142
2864,0,1,862.8804791,1200,386,"(-inf, 1.5]",-0.5795501057798665,"(138.68, 1121.69]",0.041654227303983424,"(1150.0, 1350.0]",-0.2281076149142269,"(191.5, 450.5]",0.4745183096002622
2189,0,1,464.9718182,500,273,"(-inf, 1.5]",-0.5795501057798665,"(138.68, 1121.69]",0.041654227303983424,"(250.0, 1150.0]",0.34084726192349113,"(191.5, 450.5]",0.4745183096002622
3572,0,3,646.817905,1100,748,"(1.5, 15.5]",-0.0406773138368468,"(138.68, 1121.69]",0.041654227303983424,"(250.0, 1150.0]",0.34084726192349113,"(702.5, inf]",-1.7446851744547323
762,0,0,934.8646778,1800,722,"(-inf, 1.5]",-0.5795501057798665,"(138.68, 1121.69]",0.041654227303983424,"(1750.0, inf]",-1.264675762282789,"(702.5, inf]",-1.7446851744547323
1003,0,3,84.38174351,200,120,"(1.5, 15.5]",-0.0406773138368468,"(-inf, 138.68]",0.3508536149625971,"(-inf, 250.0]",0.6610277277346917,"(-inf, 191.5]",1.1741703917563333
4364,0,0,102.4223798,600,446,"(-inf, 1.5]",-0.5795501057798665,"(-inf, 138.68]",0.3508536149625971,"(250.0, 1150.0]",0.34084726192349113,"(191.5, 450.5]",0.4745183096002622
2385,0,0,744.2616752,1900,628,"(-inf, 1.5]",-0.5795501057798665,"(138.68, 1121.69]",0.041654227303983424,"(1750.0, inf]",-1.264675762282789,"(623.5, 702.5]",-0.563990054998142
1043,0,0,792.4238573,1400,879,"(-inf, 1.5]",-0.5795501057798665,"(138.68, 1121.69]",0.041654227303983424,"(1350.0, 1750.0]",-0.5494831152766727,"(702.5, inf]",-1.7446851744547323
3387,0,0,519.8585795,1200,644,"(-inf, 1.5]",-0.5795501057798665,"(138.68, 1121.69]",0.041654227303983424,"(1150.0, 1350.0]",-0.2281076149142269,"(623.5, 702.5]",-0.563990054998142
1851,1,16,992.5318833,1400,643,"(15.5, 30.5]",0.6686743240412198,"(138.68, 1121.69]",0.041654227303983424,"(1350.0, 1750.0]",-0.5494831152766727,"(623.5, 702.5]",-0.563990054998142
3951,0,25,295.686542,300,84,"(15.5, 30.5]",0.6686743240412198,"(138.68, 1121.69]",0.041654227303983424,"(250.0, 1150.0]",0.34084726192349113,"(-inf, 191.5]",1.1741703917563333
346,0,2,847.2459855,900,100,"(1.5, 15.5]",-0.0406773138368468,"(138.68, 1121.69]",0.041654227303983424,"(250.0, 1150.0]",0.34084726192349113,"(-inf, 191.5]",1.1741703917563333
2747,1,32,560.4939038,600,222,"(30.5, 60.5]",2.1720634895446294,"(138.68, 1121.69]",0.041654227303983424,"(250.0, 1150.0]",0.34084726192349113,"(191.5, 450.5]",0.4745183096002622
1459,0,23,194.2999468,1100,318,"(15.5, 30.5]",0.6686743240412198,"(138.68, 1121.69]",0.041654227303983424,"(250.0, 1150.0]",0.34084726192349113,"(191.5, 450.5]",0.4745183096002622
1813,0,4,802.5332608,1200,948,"(1.5, 15.5]",-0.0406773138368468,"(138.68, 1121.69]",0.041654227303983424,"(1150.0, 1350.0]",-0.2281076149142269,"(702.5, inf]",-1.7446851744547323
1145,1,36,55.00132868,2200,832,"(30.5, 60.5]",2.1720634895446294,"(-inf, 138.68]",0.3508536149625971,"(1750.0, inf]",-1.264675762282789,"(702.5, inf]",-1.7446851744547323
2660,1,69,876.8073758,900,233,"(60.5, inf]",4.147649406746059,"(138.68, 1121.69]",0.041654227303983424,"(250.0, 1150.0]",0.34084726192349113,"(191.5, 450.5]",0.4745183096002622
363,1,0,925.5142223,1400,574,"(-inf, 1.5]",-0.5795501057798665,"(138.68, 1121.69]",0.041654227303983424,"(1350.0, 1750.0]",-0.5494831152766727,"(450.5, 623.5]",0.04047982904804176
153,1,46,57.02124709,300,53,"(30.5, 60.5]",2.1720634895446294,"(-inf, 138.68]",0.3508536149625971,"(250.0, 1150.0]",0.34084726192349113,"(-inf, 191.5]",1.1741703917563333
725,0,0,259.3416045,600,715,"(-inf, 1.5]",-0.5795501057798665,"(138.68, 1121.69]",0.041654227303983424,"(250.0, 1150.0]",0.34084726192349113,"(702.5, inf]",-1.7446851744547323
3619,0,15,129.6590084,700,457,"(1.5, 15.5]",-0.0406773138368468,"(-inf, 138.68]",0.3508536149625971,"(250.0, 1150.0]",0.34084726192349113,"(450.5, 623.5]",0.04047982904804176
1168,0,0,610.2544511,1300,902,"(-inf, 1.5]",-0.5795501057798665,"(138.68, 1121.69]",0.041654227303983424,"(1150.0, 1350.0]",-0.2281076149142269,"(702.5, inf]",-1.7446851744547323
895,1,4,141.971944,800,398,"(1.5, 15.5]",-0.0406773138368468,"(138.68, 1121.69]",0.041654227303983424,"(250.0, 1150.0]",0.34084726192349113,"(191.5, 450.5]",0.4745183096002622
1020,0,1,265.8746587,600,985,"(-inf, 1.5]",-0.5795501057798665,"(138.68, 1121.69]",0.041654227303983424,"(250.0, 1150.0]",0.34084726192349113,"(702.5, inf]",-1.7446851744547323
4739,0,22,494.0267802,1000,248,"(15.5, 30.5]",0.6686743240412198,"(138.68, 1121.69]",0.041654227303983424,"(250.0, 1150.0]",0.34084726192349113,"(191.5, 450.5]",0.4745183096002622
1573,0,0,1876.825666,2200,969,"(-inf, 1.5]",-0.5795501057798665,"(1121.69, inf]",-1.0359899775063022,"(1750.0, inf]",-1.264675762282789,"(702.5, inf]",-1.7446851744547323
2320,0,8,233.4165218,1300,568,"(1.5, 15.5]",-0.0406773138368468,"(138.68, 1121.69]",0.041654227303983424,"(1150.0, 1350.0]",-0.2281076149142269,"(450.5, 623.5]",0.04047982904804176
2859,0,0,945.1510037,1500,757,"(-inf, 1.5]",-0.5795501057798665,"(138.68, 1121.69]",0.041654227303983424,"(1350.0, 1750.0]",-0.5494831152766727,"(702.5, inf]",-1.7446851744547323
698,0,12,1066.601884,1200,695,"(1.5, 15.5]",-0.0406773138368468,"(138.68, 1121.69]",0.041654227303983424,"(1150.0, 1350.0]",-0.2281076149142269,"(623.5, 702.5]",-0.563990054998142
1056,0,2,589.4495578,1600,837,"(1.5, 15.5]",-0.0406773138368468,"(138.68, 1121.69]",0.041654227303983424,"(1350.0, 1750.0]",-0.5494831152766727,"(702.5, inf]",-1.7446851744547323
66,1,27,67.04220182,200,145,"(15.5, 30.5]",0.6686743240412198,"(-inf, 138.68]",0.3508536149625971,"(-inf, 250.0]",0.6610277277346917,"(-inf, 191.5]",1.1741703917563333
302,0,0,617.8702662,1400,657,"(-inf, 1.5]",-0.5795501057798665,"(138.68, 1121.69]",0.041654227303983424,"(1350.0, 1750.0]",-0.5494831152766727,"(623.5, 702.5]",-0.563990054998142
2343,1,4,38.81482054,200,184,"(1.5, 15.5]",-0.0406773138368468,"(-inf, 138.68]",0.3508536149625971,"(-inf, 250.0]",0.6610277277346917,"(-inf, 191.5]",1.1741703917563333
4716,0,0,796.9405765,1200,766,"(-inf, 1.5]",-0.5795501057798665,"(138.68, 1121.69]",0.041654227303983424,"(1150.0, 1350.0]",-0.2281076149142269,"(702.5, inf]",-1.7446851744547323
1977,0,0,926.9506262,1000,506,"(-inf, 1.5]",-0.5795501057798665,"(138.68, 1121.69]",0.041654227303983424,"(250.0, 1150.0]",0.34084726192349113,"(450.5, 623.5]",0.04047982904804176
3760,0,0,277.2942202,1300,512,"(-inf, 1.5]",-0.5795501057798665,"(138.68, 1121.69]",0.041654227303983424,"(1150.0, 1350.0]",-0.2281076149142269,"(450.5, 623.5]",0.04047982904804176
4861,0,0,684.6864212,2200,817,"(-inf, 1.5]",-0.5795501057798665,"(138.68, 1121.69]",0.041654227303983424,"(1750.0, inf]",-1.264675762282789,"(702.5, inf]",-1.7446851744547323
1268,0,10,11.28520986,1400,736,"(1.5, 15.5]",-0.0406773138368468,"(-inf, 138.68]",0.3508536149625971,"(1350.0, 1750.0]",-0.5494831152766727,"(702.5, inf]",-1.7446851744547323
2094,0,3,2435.057778,2900,857,"(1.5, 15.5]",-0.0406773138368468,"(1121.69, inf]",-1.0359899775063022,"(1750.0, inf]",-1.264675762282789,"(702.5, inf]",-1.7446851744547323
26,0,0,1536.716541,2000,908,"(-inf, 1.5]",-0.5795501057798665,"(1121.69, inf]",-1.0359899775063022,"(1750.0, inf]",-1.264675762282789,"(702.5, inf]",-1.7446851744547323
4858,1,4,734.6835454,1200,644,"(1.5, 15.5]",-0.0406773138368468,"(138.68, 1121.69]",0.041654227303983424,"(1150.0, 1350.0]",-0.2281076149142269,"(623.5, 702.5]",-0.563990054998142
4859,1,0,216.3706105,1700,556,"(-inf, 1.5]",-0.5795501057798665,"(138.68, 1121.69]",0.041654227303983424,"(1350.0, 1750.0]",-0.5494831152766727,"(450.5, 623.5]",0.04047982904804176
4707,0,3,1156.996411,1900,857,"(1.5, 15.5]",-0.0406773138368468,"(1121.69, inf]",-1.0359899775063022,"(1750.0, inf]",-1.264675762282789,"(702.5, inf]",-1.7446851744547323
805,0,1,1305.964172,1600,764,"(-inf, 1.5]",-0.5795501057798665,"(1121.69, inf]",-1.0359899775063022,"(1350.0, 1750.0]",-0.5494831152766727,"(702.5, inf]",-1.7446851744547323
923,0,0,1587.267641,1800,825,"(-inf, 1.5]",-0.5795501057798665,"(1121.69, inf]",-1.0359899775063022,"(1750.0, inf]",-1.264675762282789,"(702.5, inf]",-1.7446851744547323
4752,1,7,78.7872622,200,119,"(1.5, 15.5]",-0.0406773138368468,"(-inf, 138.68]",0.3508536149625971,"(-inf, 250.0]",0.6610277277346917,"(-inf, 191.5]",1.1741703917563333
988,0,0,1127.514658,1500,902,"(-inf, 1.5]",-0.5795501057798665,"(1121.69, inf]",-1.0359899775063022,"(1350.0, 1750.0]",-0.5494831152766727,"(702.5, inf]",-1.7446851744547323
2833,1,1,329.8914287,500,411,"(-inf, 1.5]",-0.5795501057798665,"(138.68, 1121.69]",0.041654227303983424,"(250.0, 1150.0]",0.34084726192349113,"(191.5, 450.5]",0.4745183096002622
3790,1,23,57.57674468,300,348,"(15.5, 30.5]",0.6686743240412198,"(-inf, 138.68]",0.3508536149625971,"(250.0, 1150.0]",0.34084726192349113,"(191.5, 450.5]",0.4745183096002622
2525,0,3,419.5725154,2300,720,"(1.5, 15.5]",-0.0406773138368468,"(138.68, 1121.69]",0.041654227303983424,"(1750.0, inf]",-1.264675762282789,"(702.5, inf]",-1.7446851744547323
4572,0,2,1132.544428,2000,612,"(1.5, 15.5]",-0.0406773138368468,"(1121.69, inf]",-1.0359899775063022,"(1750.0, inf]",-1.264675762282789,"(450.5, 623.5]",0.04047982904804176
4982,1,26,1951.044589,2200,810,"(15.5, 30.5]",0.6686743240412198,"(1121.69, inf]",-1.0359899775063022,"(1750.0, inf]",-1.264675762282789,"(702.5, inf]",-1.7446851744547323
3982,1,6,537.3956786,600,135,"(1.5, 15.5]",-0.0406773138368468,"(138.68, 1121.69]",0.041654227303983424,"(250.0, 1150.0]",0.34084726192349113,"(-inf, 191.5]",1.1741703917563333
410,0,0,893.3593676,1100,814,"(-inf, 1.5]",-0.5795501057798665,"(138.68, 1121.69]",0.041654227303983424,"(250.0, 1150.0]",0.34084726192349113,"(702.5, inf]",-1.7446851744547323
4368,0,3,351.9268235,800,452,"(1.5, 15.5]",-0.0406773138368468,"(138.68, 1121.69]",0.041654227303983424,"(250.0, 1150.0]",0.34084726192349113,"(450.5, 623.5]",0.04047982904804176
4574,1,5,460.9561602,700,73,"(1.5, 15.5]",-0.0406773138368468,"(138.68, 1121.69]",0.041654227303983424,"(250.0, 1150.0]",0.34084726192349113,"(-inf, 191.5]",1.1741703917563333
4283,0,0,273.5703749,500,439,"(-inf, 1.5]",-0.5795501057798665,"(138.68, 1121.69]",0.041654227303983424,"(250.0, 1150.0]",0.34084726192349113,"(191.5, 450.5]",0.4745183096002622
2415,0,15,684.6520314,800,384,"(1.5, 15.5]",-0.0406773138368468,"(138.68, 1121.69]",0.041654227303983424,"(250.0, 1150.0]",0.34084726192349113,"(191.5, 450.5]",0.4745183096002622
4080,0,1,770.6231811,2000,924,"(-inf, 1.5]",-0.5795501057798665,"(138.68, 1121.69]",0.041654227303983424,"(1750.0, inf]",-1.264675762282789,"(702.5, inf]",-1.7446851744547323
986,1,15,1116.952153,1400,496,"(1.5, 15.5]",-0.0406773138368468,"(138.68, 1121.69]",0.041654227303983424,"(1350.0, 1750.0]",-0.5494831152766727,"(450.5, 623.5]",0.04047982904804176
4648,1,0,166.0508126,200,394,"(-inf, 1.5]",-0.5795501057798665,"(138.68, 1121.69]",0.041654227303983424,"(-inf, 250.0]",0.6610277277346917,"(191.5, 450.5]",0.4745183096002622
2488,1,79,81.28660536,500,480,"(60.5, inf]",4.147649406746059,"(-inf, 138.68]",0.3508536149625971,"(250.0, 1150.0]",0.34084726192349113,"(450.5, 623.5]",0.04047982904804176
3695,1,0,698.0025786,800,273,"(-inf, 1.5]",-0.5795501057798665,"(138.68, 1121.69]",0.041654227303983424,"(250.0, 1150.0]",0.34084726192349113,"(191.5, 450.5]",0.4745183096002622
211,0,47,411.5510859,700,421,"(30.5, 60.5]",2.1720634895446294,"(138.68, 1121.69]",0.041654227303983424,"(250.0, 1150.0]",0.34084726192349113,"(191.5, 450.5]",0.4745183096002622
3383,1,0,624.3715614,1100,439,"(-inf, 1.5]",-0.5795501057798665,"(138.68, 1121.69]",0.041654227303983424,"(250.0, 1150.0]",0.34084726192349113,"(191.5, 450.5]",0.4745183096002622
1402,0,0,23.17995208,200,731,"(-inf, 1.5]",-0.5795501057798665,"(-inf, 138.68]",0.3508536149625971,"(-inf, 250.0]",0.6610277277346917,"(702.5, inf]",-1.7446851744547323
3180,1,0,1.57192279,1200,566,"(-inf, 1.5]",-0.5795501057798665,"(-inf, 138.68]",0.3508536149625971,"(1150.0, 1350.0]",-0.2281076149142269,"(450.5, 623.5]",0.04047982904804176
3689,0,9,1984.253187,2000,924,"(1.5, 15.5]",-0.0406773138368468,"(1121.69, inf]",-1.0359899775063022,"(1750.0, inf]",-1.264675762282789,"(702.5, inf]",-1.7446851744547323
2854,1,0,58.11482227,900,270,"(-inf, 1.5]",-0.5795501057798665,"(-inf, 138.68]",0.3508536149625971,"(250.0, 1150.0]",0.34084726192349113,"(191.5, 450.5]",0.4745183096002622
2035,1,16,165.2221925,300,121,"(15.5, 30.5]",0.6686743240412198,"(138.68, 1121.69]",0.041654227303983424,"(250.0, 1150.0]",0.34084726192349113,"(-inf, 191.5]",1.1741703917563333
985,0,6,90.39866042,200,183,"(1.5, 15.5]",-0.0406773138368468,"(-inf, 138.68]",0.3508536149625971,"(-inf, 250.0]",0.6610277277346917,"(-inf, 191.5]",1.1741703917563333
2549,0,1,980.6508942,1600,794,"(-inf, 1.5]",-0.5795501057798665,"(138.68, 1121.69]",0.041654227303983424,"(1350.0, 1750.0]",-0.5494831152766727,"(702.5, inf]",-1.7446851744547323
599,1,2,237.7557374,700,125,"(1.5, 15.5]",-0.0406773138368468,"(138.68, 1121.69]",0.041654227303983424,"(250.0, 1150.0]",0.34084726192349113,"(-inf, 191.5]",1.1741703917563333
1950,0,0,696.1839055,2200,903,"(-inf, 1.5]",-0.5795501057798665,"(138.68, 1121.69]",0.041654227303983424,"(1750.0, inf]",-1.264675762282789,"(702.5, inf]",-1.7446851744547323
4469,0,10,1169.527477,1300,663,"(1.5, 15.5]",-0.0406773138368468,"(1121.69, inf]",-1.0359899775063022,"(1150.0, 1350.0]",-0.2281076149142269,"(623.5, 702.5]",-0.563990054998142
3029,0,2,569.453163,900,76,"(1.5, 15.5]",-0.0406773138368468,"(138.68, 1121.69]",0.041654227303983424,"(250.0, 1150.0]",0.34084726192349113,"(-inf, 191.5]",1.1741703917563333
3196,1,0,222.6836836,1500,665,"(-inf, 1.5]",-0.5795501057798665,"(138.68, 1121.69]",0.041654227303983424,"(1350.0, 1750.0]",-0.5494831152766727,"(623.5, 702.5]",-0.563990054998142
1270,0,0,760.0977301,1800,947,"(-inf, 1.5]",-0.5795501057798665,"(138.68, 1121.69]",0.041654227303983424,"(1750.0, inf]",-1.264675762282789,"(702.5, inf]",-1.7446851744547323
2601,1,0,364.0007822,800,369,"(-inf, 1.5]",-0.5795501057798665,"(138.68, 1121.69]",0.041654227303983424,"(250.0, 1150.0]",0.34084726192349113,"(191.5, 450.5]",0.4745183096002622
1730,1,67,699.0880121,700,114,"(60.5, inf]",4.147649406746059,"(138.68, 1121.69]",0.041654227303983424,"(250.0, 1150.0]",0.34084726192349113,"(-inf, 191.5]",1.1741703917563333
3603,0,0,1681.077348,2700,984,"(-inf, 1.5]",-0.5795501057798665,"(1121.69, inf]",-1.0359899775063022,"(1750.0, inf]",-1.264675762282789,"(702.5, inf]",-1.7446851744547323
3663,1,34,251.286457,500,309,"(30.5, 60.5]",2.1720634895446294,"(138.68, 1121.69]",0.041654227303983424,"(250.0, 1150.0]",0.34084726192349113,"(191.5, 450.5]",0.4745183096002622
4148,0,8,484.033058,700,360,"(1.5, 15.5]",-0.0406773138368468,"(138.68, 1121.69]",0.041654227303983424,"(250.0, 1150.0]",0.34084726192349113,"(191.5, 450.5]",0.4745183096002622
3017,0,0,549.9437638,2200,807,"(-inf, 1.5]",-0.5795501057798665,"(138.68, 1121.69]",0.041654227303983424,"(1750.0, inf]",-1.264675762282789,"(702.5, inf]",-1.7446851744547323
1887,0,2,377.4248445,700,899,"(1.5, 15.5]",-0.0406773138368468,"(138.68, 1121.69]",0.041654227303983424,"(250.0, 1150.0]",0.34084726192349113,"(702.5, inf]",-1.7446851744547323
1506,0,0,99.51274107,700,504,"(-inf, 1.5]",-0.5795501057798665,"(-inf, 138.68]",0.3508536149625971,"(250.0, 1150.0]",0.34084726192349113,"(450.5, 623.5]",0.04047982904804176
2978,0,25,597.7661211,1100,612,"(15.5, 30.5]",0.6686743240412198,"(138.68, 1121.69]",0.041654227303983424,"(250.0, 1150.0]",0.34084726192349113,"(450.5, 623.5]",0.04047982904804176
3550,0,2,108.9695769,1000,560,"(1.5, 15.5]",-0.0406773138368468,"(-inf, 138.68]",0.3508536149625971,"(250.0, 1150.0]",0.34084726192349113,"(450.5, 623.5]",0.04047982904804176
3548,1,70,935.0824277,1100,580,"(60.5, inf]",4.147649406746059,"(138.68, 1121.69]",0.041654227303983424,"(250.0, 1150.0]",0.34084726192349113,"(450.5, 623.5]",0.04047982904804176
3721,1,1,458.8827882,600,200,"(-inf, 1.5]",-0.5795501057798665,"(138.68, 1121.69]",0.041654227303983424,"(250.0, 1150.0]",0.34084726192349113,"(191.5, 450.5]",0.4745183096002622
3272,0,3,326.6633392,2000,841,"(1.5, 15.5]",-0.0406773138368468,"(138.68, 1121.69]",0.041654227303983424,"(1750.0, inf]",-1.264675762282789,"(702.5, inf]",-1.7446851744547323
53,1,0,17.4783585,200,51,"(-inf, 1.5]",-0.5795501057798665,"(-inf, 138.68]",0.3508536149625971,"(-inf, 250.0]",0.6610277277346917,"(-inf, 191.5]",1.1741703917563333
1067,0,6,1001.31699,1600,637,"(1.5, 15.5]",-0.0406773138368468,"(138.68, 1121.69]",0.041654227303983424,"(1350.0, 1750.0]",-0.5494831152766727,"(623.5, 702.5]",-0.563990054998142
2029,0,4,944.8751465,1300,745,"(1.5, 15.5]",-0.0406773138368468,"(138.68, 1121.69]",0.041654227303983424,"(1150.0, 1350.0]",-0.2281076149142269,"(702.5, inf]",-1.7446851744547323
3636,1,25,485.3285011,500,173,"(15.5, 30.5]",0.6686743240412198,"(138.68, 1121.69]",0.041654227303983424,"(250.0, 1150.0]",0.34084726192349113,"(-inf, 191.5]",1.1741703917563333
636,1,2,658.6864487,700,151,"(1.5, 15.5]",-0.0406773138368468,"(138.68, 1121.69]",0.041654227303983424,"(250.0, 1150.0]",0.34084726192349113,"(-inf, 191.5]",1.1741703917563333
3225,0,2,952.2783418,1600,744,"(1.5, 15.5]",-0.0406773138368468,"(138.68, 1121.69]",0.041654227303983424,"(1350.0, 1750.0]",-0.5494831152766727,"(702.5, inf]",-1.7446851744547323
4360,0,0,1339.517011,2200,783,"(-inf, 1.5]",-0.5795501057798665,"(1121.69, inf]",-1.0359899775063022,"(1750.0, inf]",-1.264675762282789,"(702.5, inf]",-1.7446851744547323
132,1,85,847.0628761,900,148,"(60.5, inf]",4.147649406746059,"(138.68, 1121.69]",0.041654227303983424,"(250.0, 1150.0]",0.34084726192349113,"(-inf, 191.5]",1.1741703917563333
4092,0,8,221.8123038,2200,907,"(1.5, 15.5]",-0.0406773138368468,"(138.68, 1121.69]",0.041654227303983424,"(1750.0, inf]",-1.264675762282789,"(702.5, inf]",-1.7446851744547323
3094,0,0,796.456105,2500,916,"(-inf, 1.5]",-0.5795501057798665,"(138.68, 1121.69]",0.041654227303983424,"(1750.0, inf]",-1.264675762282789,"(702.5, inf]",-1.7446851744547323
3378,0,10,492.0477779,700,498,"(1.5, 15.5]",-0.0406773138368468,"(138.68, 1121.69]",0.041654227303983424,"(250.0, 1150.0]",0.34084726192349113,"(450.5, 623.5]",0.04047982904804176
1419,1,10,108.379268,400,350,"(1.5, 15.5]",-0.0406773138368468,"(-inf, 138.68]",0.3508536149625971,"(250.0, 1150.0]",0.34084726192349113,"(191.5, 450.5]",0.4745183096002622
3223,0,0,359.4699594,1100,724,"(-inf, 1.5]",-0.5795501057798665,"(138.68, 1121.69]",0.041654227303983424,"(250.0, 1150.0]",0.34084726192349113,"(702.5, inf]",-1.7446851744547323
378,0,16,203.5191656,1000,431,"(15.5, 30.5]",0.6686743240412198,"(138.68, 1121.69]",0.041654227303983424,"(250.0, 1150.0]",0.34084726192349113,"(191.5, 450.5]",0.4745183096002622
4666,0,0,2.393960729,200,67,"(-inf, 1.5]",-0.5795501057798665,"(-inf, 138.68]",0.3508536149625971,"(-inf, 250.0]",0.6610277277346917,"(-inf, 191.5]",1.1741703917563333
3719,0,0,221.6085203,1200,547,"(-inf, 1.5]",-0.5795501057798665,"(138.68, 1121.69]",0.041654227303983424,"(1150.0, 1350.0]",-0.2281076149142269,"(450.5, 623.5]",0.04047982904804176
2877,0,1,148.9171498,700,485,"(-inf, 1.5]",-0.5795501057798665,"(138.68, 1121.69]",0.041654227303983424,"(250.0, 1150.0]",0.34084726192349113,"(450.5, 623.5]",0.04047982904804176
873,0,0,398.5297689,1400,595,"(-inf, 1.5]",-0.5795501057798665,"(138.68, 1121.69]",0.041654227303983424,"(1350.0, 1750.0]",-0.5494831152766727,"(450.5, 623.5]",0.04047982904804176
1724,1,3,1147.664002,1500,741,"(1.5, 15.5]",-0.0406773138368468,"(1121.69, inf]",-1.0359899775063022,"(1350.0, 1750.0]",-0.5494831152766727,"(702.5, inf]",-1.7446851744547323
3887,0,2,101.7503854,2300,823,"(1.5, 15.5]",-0.0406773138368468,"(-inf, 138.68]",0.3508536149625971,"(1750.0, inf]",-1.264675762282789,"(702.5, inf]",-1.7446851744547323
3206,0,0,590.750587,800,199,"(-inf, 1.5]",-0.5795501057798665,"(138.68, 1121.69]",0.041654227303983424,"(250.0, 1150.0]",0.34084726192349113,"(191.5, 450.5]",0.4745183096002622
1038,1,7,105.7605496,1100,764,"(1.5, 15.5]",-0.0406773138368468,"(-inf, 138.68]",0.3508536149625971,"(250.0, 1150.0]",0.34084726192349113,"(702.5, inf]",-1.7446851744547323
3459,0,1,104.5969237,800,305,"(-inf, 1.5]",-0.5795501057798665,"(-inf, 138.68]",0.3508536149625971,"(250.0, 1150.0]",0.34084726192349113,"(191.5, 450.5]",0.4745183096002622
4972,0,4,1227.840792,2000,703,"(1.5, 15.5]",-0.0406773138368468,"(1121.69, inf]",-1.0359899775063022,"(1750.0, inf]",-1.264675762282789,"(702.5, inf]",-1.7446851744547323
4070,0,3,544.7916153,1000,64,"(1.5, 15.5]",-0.0406773138368468,"(138.68, 1121.69]",0.041654227303983424,"(250.0, 1150.0]",0.34084726192349113,"(-inf, 191.5]",1.1741703917563333
2304,0,4,318.9920516,600,413,"(1.5, 15.5]",-0.0406773138368468,"(138.68, 1121.69]",0.041654227303983424,"(250.0, 1150.0]",0.34084726192349113,"(191.5, 450.5]",0.4745183096002622
4619,1,15,325.8790175,1500,681,"(1.5, 15.5]",-0.0406773138368468,"(138.68, 1121.69]",0.041654227303983424,"(1350.0, 1750.0]",-0.5494831152766727,"(623.5, 702.5]",-0.563990054998142
2576,0,1,415.8881566,1500,703,"(-inf, 1.5]",-0.5795501057798665,"(138.68, 1121.69]",0.041654227303983424,"(1350.0, 1750.0]",-0.5494831152766727,"(702.5, inf]",-1.7446851744547323
385,1,0,203.3869608,500,14,"(-inf, 1.5]",-0.5795501057798665,"(138.68, 1121.69]",0.041654227303983424,"(250.0, 1150.0]",0.34084726192349113,"(-inf, 191.5]",1.1741703917563333
2477,0,0,208.3861586,800,463,"(-inf, 1.5]",-0.5795501057798665,"(138.68, 1121.69]",0.041654227303983424,"(250.0, 1150.0]",0.34084726192349113,"(450.5, 623.5]",0.04047982904804176
367,0,14,26.36562255,900,300,"(1.5, 15.5]",-0.0406773138368468,"(-inf, 138.68]",0.3508536149625971,"(250.0, 1150.0]",0.34084726192349113,"(191.5, 450.5]",0.4745183096002622
4026,1,3,761.7818224,800,293,"(1.5, 15.5]",-0.0406773138368468,"(138.68, 1121.69]",0.041654227303983424,"(250.0, 1150.0]",0.34084726192349113,"(191.5, 450.5]",0.4745183096002622
4615,0,1,709.0678867,2600,722,"(-inf, 1.5]",-0.5795501057798665,"(138.68, 1121.69]",0.041654227303983424,"(1750.0, inf]",-1.264675762282789,"(702.5, inf]",-1.7446851744547323
751,0,0,231.3575518,700,231,"(-inf, 1.5]",-0.5795501057798665,"(138.68, 1121.69]",0.041654227303983424,"(250.0, 1150.0]",0.34084726192349113,"(191.5, 450.5]",0.4745183096002622
3379,0,2,1201.046123,1700,649,"(1.5, 15.5]",-0.0406773138368468,"(1121.69, inf]",-1.0359899775063022,"(1350.0, 1750.0]",-0.5494831152766727,"(623.5, 702.5]",-0.563990054998142
4048,0,70,224.8813635,1700,723,"(60.5, inf]",4.147649406746059,"(138.68, 1121.69]",0.041654227303983424,"(1350.0, 1750.0]",-0.5494831152766727,"(702.5, inf]",-1.7446851744547323
4801,0,0,1768.128596,2100,960,"(-inf, 1.5]",-0.5795501057798665,"(1121.69, inf]",-1.0359899775063022,"(1750.0, inf]",-1.264675762282789,"(702.5, inf]",-1.7446851744547323
4032,0,14,237.9554906,1200,391,"(1.5, 15.5]",-0.0406773138368468,"(138.68, 1121.69]",0.041654227303983424,"(1150.0, 1350.0]",-0.2281076149142269,"(191.5, 450.5]",0.4745183096002622
3505,0,0,357.2062328,1400,753,"(-inf, 1.5]",-0.5795501057798665,"(138.68, 1121.69]",0.041654227303983424,"(1350.0, 1750.0]",-0.5494831152766727,"(702.5, inf]",-1.7446851744547323
11,0,1,1357.067653,1500,782,"(-inf, 1.5]",-0.5795501057798665,"(1121.69, inf]",-1.0359899775063022,"(1350.0, 1750.0]",-0.5494831152766727,"(702.5, inf]",-1.7446851744547323
1770,0,0,110.1830168,200,45,"(-inf, 1.5]",-0.5795501057798665,"(-inf, 138.68]",0.3508536149625971,"(-inf, 250.0]",0.6610277277346917,"(-inf, 191.5]",1.1741703917563333
2228,1,24,54.86218731,800,292,"(15.5, 30.5]",0.6686743240412198,"(-inf, 138.68]",0.3508536149625971,"(250.0, 1150.0]",0.34084726192349113,"(191.5, 450.5]",0.4745183096002622
4745,0,2,200.9649423,900,556,"(1.5, 15.5]",-0.0406773138368468,"(138.68, 1121.69]",0.041654227303983424,"(250.0, 1150.0]",0.34084726192349113,"(450.5, 623.5]",0.04047982904804176
1929,0,5,393.0925711,900,766,"(1.5, 15.5]",-0.0406773138368468,"(138.68, 1121.69]",0.041654227303983424,"(250.0, 1150.0]",0.34084726192349113,"(702.5, inf]",-1.7446851744547323
837,1,0,864.7561684,1000,535,"(-inf, 1.5]",-0.5795501057798665,"(138.68, 1121.69]",0.041654227303983424,"(250.0, 1150.0]",0.34084726192349113,"(450.5, 623.5]",0.04047982904804176
3544,1,37,251.4947058,500,438,"(30.5, 60.5]",2.1720634895446294,"(138.68, 1121.69]",0.041654227303983424,"(250.0, 1150.0]",0.34084726192349113,"(191.5, 450.5]",0.4745183096002622
4946,0,0,533.7445298,1000,877,"(-inf, 1.5]",-0.5795501057798665,"(138.68, 1121.69]",0.041654227303983424,"(250.0, 1150.0]",0.34084726192349113,"(702.5, inf]",-1.7446851744547323
2954,1,2,827.2850259,900,290,"(1.5, 15.5]",-0.0406773138368468,"(138.68, 1121.69]",0.041654227303983424,"(250.0, 1150.0]",0.34084726192349113,"(191.5, 450.5]",0.4745183096002622
2820,0,1,232.8540132,1500,638,"(-inf, 1.5]",-0.5795501057798665,"(138.68, 1121.69]",0.041654227303983424,"(1350.0, 1750.0]",-0.5494831152766727,"(623.5, 702.5]",-0.563990054998142
99,0,0,861.2432507,1700,800,"(-inf, 1.5]",-0.5795501057798665,"(138.68, 1121.69]",0.041654227303983424,"(1350.0, 1750.0]",-0.5494831152766727,"(702.5, inf]",-1.7446851744547323
4043,0,0,1263.636935,1400,839,"(-inf, 1.5]",-0.5795501057798665,"(1121.69, inf]",-1.0359899775063022,"(1350.0, 1750.0]",-0.5494831152766727,"(702.5, inf]",-1.7446851744547323
135,1,37,1065.5381,1100,538,"(30.5, 60.5]",2.1720634895446294,"(138.68, 1121.69]",0.041654227303983424,"(250.0, 1150.0]",0.34084726192349113,"(450.5, 623.5]",0.04047982904804176
3953,1,2,134.07476,1000,449,"(1.5, 15.5]",-0.0406773138368468,"(-inf, 138.68]",0.3508536149625971,"(250.0, 1150.0]",0.34084726192349113,"(191.5, 450.5]",0.4745183096002622
3049,0,12,85.12010667,800,8,"(1.5, 15.5]",-0.0406773138368468,"(-inf, 138.68]",0.3508536149625971,"(250.0, 1150.0]",0.34084726192349113,"(-inf, 191.5]",1.1741703917563333
2500,0,0,1872.551896,2100,788,"(-inf, 1.5]",-0.5795501057798665,"(1121.69, inf]",-1.0359899775063022,"(1750.0, inf]",-1.264675762282789,"(702.5, inf]",-1.7446851744547323
2205,1,43,115.526018,1100,189,"(30.5, 60.5]",2.1720634895446294,"(-inf, 138.68]",0.3508536149625971,"(250.0, 1150.0]",0.34084726192349113,"(-inf, 191.5]",1.1741703917563333
4019,0,1,264.9949327,2100,916,"(-inf, 1.5]",-0.5795501057798665,"(138.68, 1121.69]",0.041654227303983424,"(1750.0, inf]",-1.264675762282789,"(702.5, inf]",-1.7446851744547323
3512,0,0,605.8060238,1400,862,"(-inf, 1.5]",-0.5795501057798665,"(138.68, 1121.69]",0.041654227303983424,"(1350.0, 1750.0]",-0.5494831152766727,"(702.5, inf]",-1.7446851744547323
4432,1,6,1243.275506,1300,778,"(1.5, 15.5]",-0.0406773138368468,"(1121.69, inf]",-1.0359899775063022,"(1150.0, 1350.0]",-0.2281076149142269,"(702.5, inf]",-1.7446851744547323
3403,1,4,173.0236024,300,42,"(1.5, 15.5]",-0.0406773138368468,"(138.68, 1121.69]",0.041654227303983424,"(250.0, 1150.0]",0.34084726192349113,"(-inf, 191.5]",1.1741703917563333
4921,0,1,130.5930295,600,731,"(-inf, 1.5]",-0.5795501057798665,"(-inf, 138.68]",0.3508536149625971,"(250.0, 1150.0]",0.34084726192349113,"(702.5, inf]",-1.7446851744547323
3964,1,7,129.3582521,900,472,"(1.5, 15.5]",-0.0406773138368468,"(-inf, 138.68]",0.3508536149625971,"(250.0, 1150.0]",0.34084726192349113,"(450.5, 623.5]",0.04047982904804176
3157,1,16,37.55413358,200,84,"(15.5, 30.5]",0.6686743240412198,"(-inf, 138.68]",0.3508536149625971,"(-inf, 250.0]",0.6610277277346917,"(-inf, 191.5]",1.1741703917563333
2386,0,1,153.1399218,1500,507,"(-inf, 1.5]",-0.5795501057798665,"(138.68, 1121.69]",0.041654227303983424,"(1350.0, 1750.0]",-0.5494831152766727,"(450.5, 623.5]",0.04047982904804176
2000,0,1,127.0898164,200,128,"(-inf, 1.5]",-0.5795501057798665,"(-inf, 138.68]",0.3508536149625971,"(-inf, 250.0]",0.6610277277346917,"(-inf, 191.5]",1.1741703917563333
4271,0,7,65.95559216,1500,545,"(1.5, 15.5]",-0.0406773138368468,"(-inf, 138.68]",0.3508536149625971,"(1350.0, 1750.0]",-0.5494831152766727,"(450.5, 623.5]",0.04047982904804176
860,1,0,20.44531384,600,12,"(-inf, 1.5]",-0.5795501057798665,"(-inf, 138.68]",0.3508536149625971,"(250.0, 1150.0]",0.34084726192349113,"(-inf, 191.5]",1.1741703917563333
3405,1,1,253.0925434,300,389,"(-inf, 1.5]",-0.5795501057798665,"(138.68, 1121.69]",0.041654227303983424,"(250.0, 1150.0]",0.34084726192349113,"(191.5, 450.5]",0.4745183096002622
2033,0,5,464.0200346,1000,694,"(1.5, 15.5]",-0.0406773138368468,"(138.68, 1121.69]",0.041654227303983424,"(250.0, 1150.0]",0.34084726192349113,"(623.5, 702.5]",-0.563990054998142
4301,1,10,972.2944643,1100,77,"(1.5, 15.5]",-0.0406773138368468,"(138.68, 1121.69]",0.041654227303983424,"(250.0, 1150.0]",0.34084726192349113,"(-inf, 191.5]",1.1741703917563333
4186,1,0,221.6499709,1200,205,"(-inf, 1.5]",-0.5795501057798665,"(138.68, 1121.69]",0.041654227303983424,"(1150.0, 1350.0]",-0.2281076149142269,"(191.5, 450.5]",0.4745183096002622
3071,1,8,152.2773109,900,253,"(1.5, 15.5]",-0.0406773138368468,"(138.68, 1121.69]",0.041654227303983424,"(250.0, 1150.0]",0.34084726192349113,"(191.5, 450.5]",0.4745183096002622
1962,0,0,608.1536359,1300,681,"(-inf, 1.5]",-0.5795501057798665,"(138.68, 1121.69]",0.041654227303983424,"(1150.0, 1350.0]",-0.2281076149142269,"(623.5, 702.5]",-0.563990054998142
1743,1,7,207.5121112,500,218,"(1.5, 15.5]",-0.0406773138368468,"(138.68, 1121.69]",0.041654227303983424,"(250.0, 1150.0]",0.34084726192349113,"(191.5, 450.5]",0.4745183096002622
547,0,0,2068.979132,2100,927,"(-inf, 1.5]",-0.5795501057798665,"(1121.69, inf]",-1.0359899775063022,"(1750.0, inf]",-1.264675762282789,"(702.5, inf]",-1.7446851744547323
3783,1,62,223.518307,300,31,"(60.5, inf]",4.147649406746059,"(138.68, 1121.69]",0.041654227303983424,"(250.0, 1150.0]",0.34084726192349113,"(-inf, 191.5]",1.1741703917563333
1953,0,10,58.56885154,200,87,"(1.5, 15.5]",-0.0406773138368468,"(-inf, 138.68]",0.3508536149625971,"(-inf, 250.0]",0.6610277277346917,"(-inf, 191.5]",1.1741703917563333
2790,1,10,104.904927,800,109,"(1.5, 15.5]",-0.0406773138368468,"(-inf, 138.68]",0.3508536149625971,"(250.0, 1150.0]",0.34084726192349113,"(-inf, 191.5]",1.1741703917563333
2365,0,4,1425.818877,1800,809,"(1.5, 15.5]",-0.0406773138368468,"(1121.69, inf]",-1.0359899775063022,"(1750.0, inf]",-1.264675762282789,"(702.5, inf]",-1.7446851744547323
1345,1,1,367.5034667,400,17,"(-inf, 1.5]",-0.5795501057798665,"(138.68, 1121.69]",0.041654227303983424,"(250.0, 1150.0]",0.34084726192349113,"(-inf, 191.5]",1.1741703917563333
2464,1,5,125.5242698,1300,589,"(1.5, 15.5]",-0.0406773138368468,"(-inf, 138.68]",0.3508536149625971,"(1150.0, 1350.0]",-0.2281076149142269,"(450.5, 623.5]",0.04047982904804176
1002,1,47,296.4801369,1000,313,"(30.5, 60.5]",2.1720634895446294,"(138.68, 1121.69]",0.041654227303983424,"(250.0, 1150.0]",0.34084726192349113,"(191.5, 450.5]",0.4745183096002622
3669,0,0,458.6209061,600,276,"(-inf, 1.5]",-0.5795501057798665,"(138.68, 1121.69]",0.041654227303983424,"(250.0, 1150.0]",0.34084726192349113,"(191.5, 450.5]",0.4745183096002622
3210,1,1,180.3132865,500,77,"(-inf, 1.5]",-0.5795501057798665,"(138.68, 1121.69]",0.041654227303983424,"(250.0, 1150.0]",0.34084726192349113,"(-inf, 191.5]",1.1741703917563333
3238,0,24,42.66495212,200,134,"(15.5, 30.5]",0.6686743240412198,"(-inf, 138.68]",0.3508536149625971,"(-inf, 250.0]",0.6610277277346917,"(-inf, 191.5]",1.1741703917563333
1181,1,2,330.2366766,1100,190,"(1.5, 15.5]",-0.0406773138368468,"(138.68, 1121.69]",0.041654227303983424,"(250.0, 1150.0]",0.34084726192349113,"(-inf, 191.5]",1.1741703917563333
4452,0,3,96.47737514,400,235,"(1.5, 15.5]",-0.0406773138368468,"(-inf, 138.68]",0.3508536149625971,"(250.0, 1150.0]",0.34084726192349113,"(191.5, 450.5]",0.4745183096002622
2736,0,0,68.31307025,200,704,"(-inf, 1.5]",-0.5795501057798665,"(-inf, 138.68]",0.3508536149625971,"(-inf, 250.0]",0.6610277277346917,"(702.5, inf]",-1.7446851744547323
2321,0,4,153.2289743,500,30,"(1.5, 15.5]",-0.0406773138368468,"(138.68, 1121.69]",0.041654227303983424,"(250.0, 1150.0]",0.34084726192349113,"(-inf, 191.5]",1.1741703917563333
446,0,0,848.8055226,2600,753,"(-inf, 1.5]",-0.5795501057798665,"(138.68, 1121.69]",0.041654227303983424,"(1750.0, inf]",-1.264675762282789,"(702.5, inf]",-1.7446851744547323
972,1,2,380.4183914,1600,9,"(1.5, 15.5]",-0.0406773138368468,"(138.68, 1121.69]",0.041654227303983424,"(1350.0, 1750.0]",-0.5494831152766727,"(-inf, 191.5]",1.1741703917563333
4554,0,0,555.8925489,2000,802,"(-inf, 1.5]",-0.5795501057798665,"(138.68, 1121.69]",0.041654227303983424,"(1750.0, inf]",-1.264675762282789,"(702.5, inf]",-1.7446851744547323
508,1,0,195.0042272,700,206,"(-inf, 1.5]",-0.5795501057798665,"(138.68, 1121.69]",0.041654227303983424,"(250.0, 1150.0]",0.34084726192349113,"(191.5, 450.5]",0.4745183096002622
2142,0,0,238.2630006,400,207,"(-inf, 1.5]",-0.5795501057798665,"(138.68, 1121.69]",0.041654227303983424,"(250.0, 1150.0]",0.34084726192349113,"(191.5, 450.5]",0.4745183096002622
4244,1,2,75.90445533,200,125,"(1.5, 15.5]",-0.0406773138368468,"(-inf, 138.68]",0.3508536149625971,"(-inf, 250.0]",0.6610277277346917,"(-inf, 191.5]",1.1741703917563333
1779,1,0,1420.976684,2100,604,"(-inf, 1.5]",-0.5795501057798665,"(1121.69, inf]",-1.0359899775063022,"(1750.0, inf]",-1.264675762282789,"(450.5, 623.5]",0.04047982904804176
4310,0,30,709.9431376,1400,625,"(15.5, 30.5]",0.6686743240412198,"(138.68, 1121.69]",0.041654227303983424,"(1350.0, 1750.0]",-0.5494831152766727,"(623.5, 702.5]",-0.563990054998142
4298,0,0,368.7796843,600,354,"(-inf, 1.5]",-0.5795501057798665,"(138.68, 1121.69]",0.041654227303983424,"(250.0, 1150.0]",0.34084726192349113,"(191.5, 450.5]",0.4745183096002622
3759,1,1,202.6312813,500,390,"(-inf, 1.5]",-0.5795501057798665,"(138.68, 1121.69]",0.041654227303983424,"(250.0, 1150.0]",0.34084726192349113,"(191.5, 450.5]",0.4745183096002622
1548,0,0,286.6640885,2200,772,"(-inf, 1.5]",-0.5795501057798665,"(138.68, 1121.69]",0.041654227303983424,"(1750.0, inf]",-1.264675762282789,"(702.5, inf]",-1.7446851744547323
2740,1,6,580.0434789,700,379,"(1.5, 15.5]",-0.0406773138368468,"(138.68, 1121.69]",0.041654227303983424,"(250.0, 1150.0]",0.34084726192349113,"(191.5, 450.5]",0.4745183096002622
1267,1,4,631.3694624,1100,547,"(1.5, 15.5]",-0.0406773138368468,"(138.68, 1121.69]",0.041654227303983424,"(250.0, 1150.0]",0.34084726192349113,"(450.5, 623.5]",0.04047982904804176
2571,0,19,599.8030744,1400,782,"(15.5, 30.5]",0.6686743240412198,"(138.68, 1121.69]",0.041654227303983424,"(1350.0, 1750.0]",-0.5494831152766727,"(702.5, inf]",-1.7446851744547323
2765,1,21,94.20101613,500,550,"(15.5, 30.5]",0.6686743240412198,"(-inf, 138.68]",0.3508536149625971,"(250.0, 1150.0]",0.34084726192349113,"(450.5, 623.5]",0.04047982904804176
1754,0,0,811.3229091,1500,712,"(-inf, 1.5]",-0.5795501057798665,"(138.68, 1121.69]",0.041654227303983424,"(1350.0, 1750.0]",-0.5494831152766727,"(702.5, inf]",-1.7446851744547323
4825,0,27,321.2880664,1000,328,"(15.5, 30.5]",0.6686743240412198,"(138.68, 1121.69]",0.041654227303983424,"(250.0, 1150.0]",0.34084726192349113,"(191.5, 450.5]",0.4745183096002622
2073,1,79,157.4500168,1000,557,"(60.5, inf]",4.147649406746059,"(138.68, 1121.69]",0.041654227303983424,"(250.0, 1150.0]",0.34084726192349113,"(450.5, 623.5]",0.04047982904804176
3282,1,0,165.3677605,200,170,"(-inf, 1.5]",-0.5795501057798665,"(138.68, 1121.69]",0.041654227303983424,"(-inf, 250.0]",0.6610277277346917,"(-inf, 191.5]",1.1741703917563333
2265,1,56,32.66375196,800,373,"(30.5, 60.5]",2.1720634895446294,"(-inf, 138.68]",0.3508536149625971,"(250.0, 1150.0]",0.34084726192349113,"(191.5, 450.5]",0.4745183096002622
3880,0,6,564.5181052,900,544,"(1.5, 15.5]",-0.0406773138368468,"(138.68, 1121.69]",0.041654227303983424,"(250.0, 1150.0]",0.34084726192349113,"(450.5, 623.5]",0.04047982904804176
866,1,0,764.6889559,800,529,"(-inf, 1.5]",-0.5795501057798665,"(138.68, 1121.69]",0.041654227303983424,"(250.0, 1150.0]",0.34084726192349113,"(450.5, 623.5]",0.04047982904804176
2101,1,18,484.812981,1100,295,"(15.5, 30.5]",0.6686743240412198,"(138.68, 1121.69]",0.041654227303983424,"(250.0, 1150.0]",0.34084726192349113,"(191.5, 450.5]",0.4745183096002622
4895,0,0,1239.475226,1600,905,"(-inf, 1.5]",-0.5795501057798665,"(1121.69, inf]",-1.0359899775063022,"(1350.0, 1750.0]",-0.5494831152766727,"(702.5, inf]",-1.7446851744547323
3222,1,0,223.3210615,1900,929,"(-inf, 1.5]",-0.5795501057798665,"(138.68, 1121.69]",0.041654227303983424,"(1750.0, inf]",-1.264675762282789,"(702.5, inf]",-1.7446851744547323
1316,0,6,30.74989231,400,111,"(1.5, 15.5]",-0.0406773138368468,"(-inf, 138.68]",0.3508536149625971,"(250.0, 1150.0]",0.34084726192349113,"(-inf, 191.5]",1.1741703917563333
4282,1,17,125.6232712,1100,622,"(15.5, 30.5]",0.6686743240412198,"(-inf, 138.68]",0.3508536149625971,"(250.0, 1150.0]",0.34084726192349113,"(450.5, 623.5]",0.04047982904804176
2858,0,0,582.4634134,1300,589,"(-inf, 1.5]",-0.5795501057798665,"(138.68, 1121.69]",0.041654227303983424,"(1150.0, 1350.0]",-0.2281076149142269,"(450.5, 623.5]",0.04047982904804176
1046,0,6,460.5213778,600,381,"(1.5, 15.5]",-0.0406773138368468,"(138.68, 1121.69]",0.041654227303983424,"(250.0, 1150.0]",0.34084726192349113,"(191.5, 450.5]",0.4745183096002622
2306,1,3,927.1224783,1000,34,"(1.5, 15.5]",-0.0406773138368468,"(138.68, 1121.69]",0.041654227303983424,"(250.0, 1150.0]",0.34084726192349113,"(-inf, 191.5]",1.1741703917563333
4674,0,0,381.0929441,1400,887,"(-inf, 1.5]",-0.5795501057798665,"(138.68, 1121.69]",0.041654227303983424,"(1350.0, 1750.0]",-0.5494831152766727,"(702.5, inf]",-1.7446851744547323
1103,0,3,668.5836267,900,674,"(1.5, 15.5]",-0.0406773138368468,"(138.68, 1121.69]",0.041654227303983424,"(250.0, 1150.0]",0.34084726192349113,"(623.5, 702.5]",-0.563990054998142
1986,1,2,171.6050626,200,74,"(1.5, 15.5]",-0.0406773138368468,"(138.68, 1121.69]",0.041654227303983424,"(-inf, 250.0]",0.6610277277346917,"(-inf, 191.5]",1.1741703917563333
2603,0,0,444.2857769,1700,543,"(-inf, 1.5]",-0.5795501057798665,"(138.68, 1121.69]",0.041654227303983424,"(1350.0, 1750.0]",-0.5494831152766727,"(450.5, 623.5]",0.04047982904804176
3902,0,0,501.31348,1400,980,"(-inf, 1.5]",-0.5795501057798665,"(138.68, 1121.69]",0.041654227303983424,"(1350.0, 1750.0]",-0.5494831152766727,"(702.5, inf]",-1.7446851744547323
3959,0,0,1091.608686,1700,840,"(-inf, 1.5]",-0.5795501057798665,"(138.68, 1121.69]",0.041654227303983424,"(1350.0, 1750.0]",-0.5494831152766727,"(702.5, inf]",-1.7446851744547323
3003,0,2,475.5437288,1100,763,"(1.5, 15.5]",-0.0406773138368468,"(138.68, 1121.69]",0.041654227303983424,"(250.0, 1150.0]",0.34084726192349113,"(702.5, inf]",-1.7446851744547323
3787,1,8,1451.008457,1600,689,"(1.5, 15.5]",-0.0406773138368468,"(1121.69, inf]",-1.0359899775063022,"(1350.0, 1750.0]",-0.5494831152766727,"(623.5, 702.5]",-0.563990054998142
648,1,8,119.3350595,1300,159,"(1.5, 15.5]",-0.0406773138368468,"(-inf, 138.68]",0.3508536149625971,"(1150.0, 1350.0]",-0.2281076149142269,"(-inf, 191.5]",1.1741703917563333
1388,0,1,1390.774678,2000,655,"(-inf, 1.5]",-0.5795501057798665,"(1121.69, inf]",-1.0359899775063022,"(1750.0, inf]",-1.264675762282789,"(623.5, 702.5]",-0.563990054998142
1960,1,1,746.7537188,1300,224,"(-inf, 1.5]",-0.5795501057798665,"(138.68, 1121.69]",0.041654227303983424,"(1150.0, 1350.0]",-0.2281076149142269,"(191.5, 450.5]",0.4745183096002622
2471,0,6,155.0155934,200,270,"(1.5, 15.5]",-0.0406773138368468,"(138.68, 1121.69]",0.041654227303983424,"(-inf, 250.0]",0.6610277277346917,"(191.5, 450.5]",0.4745183096002622
2583,0,0,172.2741359,1600,850,"(-inf, 1.5]",-0.5795501057798665,"(138.68, 1121.69]",0.041654227303983424,"(1350.0, 1750.0]",-0.5494831152766727,"(702.5, inf]",-1.7446851744547323
2249,1,11,231.2638272,300,82,"(1.5, 15.5]",-0.0406773138368468,"(138.68, 1121.69]",0.041654227303983424,"(250.0, 1150.0]",0.34084726192349113,"(-inf, 191.5]",1.1741703917563333
1122,1,7,627.2742929,700,178,"(1.5, 15.5]",-0.0406773138368468,"(138.68, 1121.69]",0.041654227303983424,"(250.0, 1150.0]",0.34084726192349113,"(-inf, 191.5]",1.1741703917563333
1865,0,0,831.9880811,1000,493,"(-inf, 1.5]",-0.5795501057798665,"(138.68, 1121.69]",0.041654227303983424,"(250.0, 1150.0]",0.34084726192349113,"(450.5, 623.5]",0.04047982904804176
4960,0,1,281.0492619,600,859,"(-inf, 1.5]",-0.5795501057798665,"(138.68, 1121.69]",0.041654227303983424,"(250.0, 1150.0]",0.34084726192349113,"(702.5, inf]",-1.7446851744547323
137,0,13,222.1259406,700,468,"(1.5, 15.5]",-0.0406773138368468,"(138.68, 1121.69]",0.041654227303983424,"(250.0, 1150.0]",0.34084726192349113,"(450.5, 623.5]",0.04047982904804176
4199,0,6,103.7362142,800,584,"(1.5, 15.5]",-0.0406773138368468,"(-inf, 138.68]",0.3508536149625971,"(250.0, 1150.0]",0.34084726192349113,"(450.5, 623.5]",0.04047982904804176
3668,0,0,138.2284589,1900,885,"(-inf, 1.5]",-0.5795501057798665,"(-inf, 138.68]",0.3508536149625971,"(1750.0, inf]",-1.264675762282789,"(702.5, inf]",-1.7446851744547323
82,0,3,499.5092697,1200,537,"(1.5, 15.5]",-0.0406773138368468,"(138.68, 1121.69]",0.041654227303983424,"(1150.0, 1350.0]",-0.2281076149142269,"(450.5, 623.5]",0.04047982904804176
3637,0,0,423.3417294,900,826,"(-inf, 1.5]",-0.5795501057798665,"(138.68, 1121.69]",0.041654227303983424,"(250.0, 1150.0]",0.34084726192349113,"(702.5, inf]",-1.7446851744547323
3056,0,6,96.62094865,2300,924,"(1.5, 15.5]",-0.0406773138368468,"(-inf, 138.68]",0.3508536149625971,"(1750.0, inf]",-1.264675762282789,"(702.5, inf]",-1.7446851744547323
2160,0,1,139.4516552,1800,608,"(-inf, 1.5]",-0.5795501057798665,"(138.68, 1121.69]",0.041654227303983424,"(1750.0, inf]",-1.264675762282789,"(450.5, 623.5]",0.04047982904804176
4501,0,4,567.4268045,900,135,"(1.5, 15.5]",-0.0406773138368468,"(138.68, 1121.69]",0.041654227303983424,"(250.0, 1150.0]",0.34084726192349113,"(-inf, 191.5]",1.1741703917563333
764,0,17,49.43406174,2200,984,"(15.5, 30.5]",0.6686743240412198,"(-inf, 138.68]",0.3508536149625971,"(1750.0, inf]",-1.264675762282789,"(702.5, inf]",-1.7446851744547323
1384,1,5,226.5684492,1100,544,"(1.5, 15.5]",-0.0406773138368468,"(138.68, 1121.69]",0.041654227303983424,"(250.0, 1150.0]",0.34084726192349113,"(450.5, 623.5]",0.04047982904804176
3001,1,0,756.0457382,1000,298,"(-inf, 1.5]",-0.5795501057798665,"(138.68, 1121.69]",0.041654227303983424,"(250.0, 1150.0]",0.34084726192349113,"(191.5, 450.5]",0.4745183096002622
1947,0,0,1099.1137,2000,841,"(-inf, 1.5]",-0.5795501057798665,"(138.68, 1121.69]",0.041654227303983424,"(1750.0, inf]",-1.264675762282789,"(702.5, inf]",-1.7446851744547323
2443,0,1,315.1207064,1000,784,"(-inf, 1.5]",-0.5795501057798665,"(138.68, 1121.69]",0.041654227303983424,"(250.0, 1150.0]",0.34084726192349113,"(702.5, inf]",-1.7446851744547323
4408,1,12,33.83942826,200,15,"(1.5, 15.5]",-0.0406773138368468,"(-inf, 138.68]",0.3508536149625971,"(-inf, 250.0]",0.6610277277346917,"(-inf, 191.5]",1.1741703917563333
920,1,41,155.6844841,200,189,"(30.5, 60.5]",2.1720634895446294,"(138.68, 1121.69]",0.041654227303983424,"(-inf, 250.0]",0.6610277277346917,"(-inf, 191.5]",1.1741703917563333
4049,0,0,127.7370539,400,113,"(-inf, 1.5]",-0.5795501057798665,"(-inf, 138.68]",0.3508536149625971,"(250.0, 1150.0]",0.34084726192349113,"(-inf, 191.5]",1.1741703917563333
4112,0,1,455.9832833,1000,564,"(-inf, 1.5]",-0.5795501057798665,"(138.68, 1121.69]",0.041654227303983424,"(250.0, 1150.0]",0.34084726192349113,"(450.5, 623.5]",0.04047982904804176
1448,1,20,380.0703973,900,124,"(15.5, 30.5]",0.6686743240412198,"(138.68, 1121.69]",0.041654227303983424,"(250.0, 1150.0]",0.34084726192349113,"(-inf, 191.5]",1.1741703917563333
1951,0,27,70.26316049,700,138,"(15.5, 30.5]",0.6686743240412198,"(-inf, 138.68]",0.3508536149625971,"(250.0, 1150.0]",0.34084726192349113,"(-inf, 191.5]",1.1741703917563333
4794,0,3,202.4636313,700,193,"(1.5, 15.5]",-0.0406773138368468,"(138.68, 1121.69]",0.041654227303983424,"(250.0, 1150.0]",0.34084726192349113,"(191.5, 450.5]",0.4745183096002622
3124,0,23,57.73409816,1100,648,"(15.5, 30.5]",0.6686743240412198,"(-inf, 138.68]",0.3508536149625971,"(250.0, 1150.0]",0.34084726192349113,"(623.5, 702.5]",-0.563990054998142
4254,0,0,890.6597283,1000,285,"(-inf, 1.5]",-0.5795501057798665,"(138.68, 1121.69]",0.041654227303983424,"(250.0, 1150.0]",0.34084726192349113,"(191.5, 450.5]",0.4745183096002622
1389,0,0,243.8931958,1500,998,"(-inf, 1.5]",-0.5795501057798665,"(138.68, 1121.69]",0.041654227303983424,"(1350.0, 1750.0]",-0.5494831152766727,"(702.5, inf]",-1.7446851744547323
2697,0,0,819.6900382,900,762,"(-inf, 1.5]",-0.5795501057798665,"(138.68, 1121.69]",0.041654227303983424,"(250.0, 1150.0]",0.34084726192349113,"(702.5, inf]",-1.7446851744547323
4899,0,0,114.4031963,1800,981,"(-inf, 1.5]",-0.5795501057798665,"(-inf, 138.68]",0.3508536149625971,"(1750.0, inf]",-1.264675762282789,"(702.5, inf]",-1.7446851744547323
2778,0,2,79.99214954,500,93,"(1.5, 15.5]",-0.0406773138368468,"(-inf, 138.68]",0.3508536149625971,"(250.0, 1150.0]",0.34084726192349113,"(-inf, 191.5]",1.1741703917563333
4226,0,1,868.2884602,2400,960,"(-inf, 1.5]",-0.5795501057798665,"(138.68, 1121.69]",0.041654227303983424,"(1750.0, inf]",-1.264675762282789,"(702.5, inf]",-1.7446851744547323
3718,0,0,198.6127941,700,410,"(-inf, 1.5]",-0.5795501057798665,"(138.68, 1121.69]",0.041654227303983424,"(250.0, 1150.0]",0.34084726192349113,"(191.5, 450.5]",0.4745183096002622
399,0,0,85.59175222,900,396,"(-inf, 1.5]",-0.5795501057798665,"(-inf, 138.68]",0.3508536149625971,"(250.0, 1150.0]",0.34084726192349113,"(191.5, 450.5]",0.4745183096002622
2009,0,0,77.34583512,500,471,"(-inf, 1.5]",-0.5795501057798665,"(-inf, 138.68]",0.3508536149625971,"(250.0, 1150.0]",0.34084726192349113,"(450.5, 623.5]",0.04047982904804176
353,0,0,650.9426082,1500,739,"(-inf, 1.5]",-0.5795501057798665,"(138.68, 1121.69]",0.041654227303983424,"(1350.0, 1750.0]",-0.5494831152766727,"(702.5, inf]",-1.7446851744547323
4334,1,38,845.103135,1000,30,"(30.5, 60.5]",2.1720634895446294,"(138.68, 1121.69]",0.041654227303983424,"(250.0, 1150.0]",0.34084726192349113,"(-inf, 191.5]",1.1741703917563333
4377,1,0,528.6448802,900,508,"(-inf, 1.5]",-0.5795501057798665,"(138.68, 1121.69]",0.041654227303983424,"(250.0, 1150.0]",0.34084726192349113,"(450.5, 623.5]",0.04047982904804176
2493,1,80,887.4083781,1100,544,"(60.5, inf]",4.147649406746059,"(138.68, 1121.69]",0.041654227303983424,"(250.0, 1150.0]",0.34084726192349113,"(450.5, 623.5]",0.04047982904804176
1687,0,0,454.6952401,500,640,"(-inf, 1.5]",-0.5795501057798665,"(138.68, 1121.69]",0.041654227303983424,"(250.0, 1150.0]",0.34084726192349113,"(623.5, 702.5]",-0.563990054998142
4089,1,46,419.4592514,700,428,"(30.5, 60.5]",2.1720634895446294,"(138.68, 1121.69]",0.041654227303983424,"(250.0, 1150.0]",0.34084726192349113,"(191.5, 450.5]",0.4745183096002622
1179,1,1,495.4599554,2000,606,"(-inf, 1.5]",-0.5795501057798665,"(138.68, 1121.69]",0.041654227303983424,"(1750.0, inf]",-1.264675762282789,"(450.5, 623.5]",0.04047982904804176
3870,1,4,308.0791249,1000,407,"(1.5, 15.5]",-0.0406773138368468,"(138.68, 1121.69]",0.041654227303983424,"(250.0, 1150.0]",0.34084726192349113,"(191.5, 450.5]",0.4745183096002622
3677,0,0,1401.921762,1500,719,"(-inf, 1.5]",-0.5795501057798665,"(1121.69, inf]",-1.0359899775063022,"(1350.0, 1750.0]",-0.5494831152766727,"(702.5, inf]",-1.7446851744547323
4868,0,4,1263.653173,1700,919,"(1.5, 15.5]",-0.0406773138368468,"(1121.69, inf]",-1.0359899775063022,"(1350.0, 1750.0]",-0.5494831152766727,"(702.5, inf]",-1.7446851744547323
3811,0,1,342.0175361,1100,92,"(-inf, 1.5]",-0.5795501057798665,"(138.68, 1121.69]",0.041654227303983424,"(250.0, 1150.0]",0.34084726192349113,"(-inf, 191.5]",1.1741703917563333
2045,0,0,277.1136182,300,144,"(-inf, 1.5]",-0.5795501057798665,"(138.68, 1121.69]",0.041654227303983424,"(250.0, 1150.0]",0.34084726192349113,"(-inf, 191.5]",1.1741703917563333
3117,0,3,656.8325839,2500,807,"(1.5, 15.5]",-0.0406773138368468,"(138.68, 1121.69]",0.041654227303983424,"(1750.0, inf]",-1.264675762282789,"(702.5, inf]",-1.7446851744547323
2098,1,0,107.6321631,300,402,"(-inf, 1.5]",-0.5795501057798665,"(-inf, 138.68]",0.3508536149625971,"(250.0, 1150.0]",0.34084726192349113,"(191.5, 450.5]",0.4745183096002622
4955,1,0,434.1225798,1900,810,"(-inf, 1.5]",-0.5795501057798665,"(138.68, 1121.69]",0.041654227303983424,"(1750.0, inf]",-1.264675762282789,"(702.5, inf]",-1.7446851744547323
4355,0,0,324.3285662,700,210,"(-inf, 1.5]",-0.5795501057798665,"(138.68, 1121.69]",0.041654227303983424,"(250.0, 1150.0]",0.34084726192349113,"(191.5, 450.5]",0.4745183096002622
2505,0,8,1690.356491,2300,882,"(1.5, 15.5]",-0.0406773138368468,"(1121.69, inf]",-1.0359899775063022,"(1750.0, inf]",-1.264675762282789,"(702.5, inf]",-1.7446851744547323
4846,0,49,767.4673553,1000,65,"(30.5, 60.5]",2.1720634895446294,"(138.68, 1121.69]",0.041654227303983424,"(250.0, 1150.0]",0.34084726192349113,"(-inf, 191.5]",1.1741703917563333
1413,0,0,194.5052192,200,716,"(-inf, 1.5]",-0.5795501057798665,"(138.68, 1121.69]",0.041654227303983424,"(-inf, 250.0]",0.6610277277346917,"(702.5, inf]",-1.7446851744547323
340,0,0,970.3732319,1600,914,"(-inf, 1.5]",-0.5795501057798665,"(138.68, 1121.69]",0.041654227303983424,"(1350.0, 1750.0]",-0.5494831152766727,"(702.5, inf]",-1.7446851744547323
1703,0,0,1129.266852,2200,932,"(-inf, 1.5]",-0.5795501057798665,"(1121.69, inf]",-1.0359899775063022,"(1750.0, inf]",-1.264675762282789,"(702.5, inf]",-1.7446851744547323
3907,0,0,587.5551264,600,488,"(-inf, 1.5]",-0.5795501057798665,"(138.68, 1121.69]",0.041654227303983424,"(250.0, 1150.0]",0.34084726192349113,"(450.5, 623.5]",0.04047982904804176
4507,1,2,96.53879378,600,14,"(1.5, 15.5]",-0.0406773138368468,"(-inf, 138.68]",0.3508536149625971,"(250.0, 1150.0]",0.34084726192349113,"(-inf, 191.5]",1.1741703917563333
2169,0,12,14.239061,500,249,"(1.5, 15.5]",-0.0406773138368468,"(-inf, 138.68]",0.3508536149625971,"(250.0, 1150.0]",0.34084726192349113,"(191.5, 450.5]",0.4745183096002622
3104,0,10,683.1119026,2000,836,"(1.5, 15.5]",-0.0406773138368468,"(138.68, 1121.69]",0.041654227303983424,"(1750.0, inf]",-1.264675762282789,"(702.5, inf]",-1.7446851744547323
2338,1,5,50.14398087,700,382,"(1.5, 15.5]",-0.0406773138368468,"(-inf, 138.68]",0.3508536149625971,"(250.0, 1150.0]",0.34084726192349113,"(191.5, 450.5]",0.4745183096002622
1759,1,16,32.45351278,200,50,"(15.5, 30.5]",0.6686743240412198,"(-inf, 138.68]",0.3508536149625971,"(-inf, 250.0]",0.6610277277346917,"(-inf, 191.5]",1.1741703917563333
2044,0,0,891.1575902,900,722,"(-inf, 1.5]",-0.5795501057798665,"(138.68, 1121.69]",0.041654227303983424,"(250.0, 1150.0]",0.34084726192349113,"(702.5, inf]",-1.7446851744547323
275,1,3,236.145668,600,54,"(1.5, 15.5]",-0.0406773138368468,"(138.68, 1121.69]",0.041654227303983424,"(250.0, 1150.0]",0.34084726192349113,"(-inf, 191.5]",1.1741703917563333
4417,0,0,1035.16515,1600,838,"(-inf, 1.5]",-0.5795501057798665,"(138.68, 1121.69]",0.041654227303983424,"(1350.0, 1750.0]",-0.5494831152766727,"(702.5, inf]",-1.7446851744547323
2146,1,0,642.220816,1100,124,"(-inf, 1.5]",-0.5795501057798665,"(138.68, 1121.69]",0.041654227303983424,"(250.0, 1150.0]",0.34084726192349113,"(-inf, 191.5]",1.1741703917563333
726,1,5,176.2115925,600,419,"(1.5, 15.5]",-0.0406773138368468,"(138.68, 1121.69]",0.041654227303983424,"(250.0, 1150.0]",0.34084726192349113,"(191.5, 450.5]",0.4745183096002622
951,0,0,876.8752517,2000,996,"(-inf, 1.5]",-0.5795501057798665,"(138.68, 1121.69]",0.041654227303983424,"(1750.0, inf]",-1.264675762282789,"(702.5, inf]",-1.7446851744547323
3939,0,0,112.6004573,200,116,"(-inf, 1.5]",-0.5795501057798665,"(-inf, 138.68]",0.3508536149625971,"(-inf, 250.0]",0.6610277277346917,"(-inf, 191.5]",1.1741703917563333
2430,1,2,446.7172544,1000,322,"(1.5, 15.5]",-0.0406773138368468,"(138.68, 1121.69]",0.041654227303983424,"(250.0, 1150.0]",0.34084726192349113,"(191.5, 450.5]",0.4745183096002622
2132,0,3,818.0529764,1000,513,"(1.5, 15.5]",-0.0406773138368468,"(138.68, 1121.69]",0.041654227303983424,"(250.0, 1150.0]",0.34084726192349113,"(450.5, 623.5]",0.04047982904804176
3050,0,1,956.7231651,1200,835,"(-inf, 1.5]",-0.5795501057798665,"(138.68, 1121.69]",0.041654227303983424,"(1150.0, 1350.0]",-0.2281076149142269,"(702.5, inf]",-1.7446851744547323
4142,1,9,250.2869507,700,228,"(1.5, 15.5]",-0.0406773138368468,"(138.68, 1121.69]",0.041654227303983424,"(250.0, 1150.0]",0.34084726192349113,"(191.5, 450.5]",0.4745183096002622
4823,0,0,316.1522524,2000,704,"(-inf, 1.5]",-0.5795501057798665,"(138.68, 1121.69]",0.041654227303983424,"(1750.0, inf]",-1.264675762282789,"(702.5, inf]",-1.7446851744547323
144,0,3,2599.010455,2600,940,"(1.5, 15.5]",-0.0406773138368468,"(1121.69, inf]",-1.0359899775063022,"(1750.0, inf]",-1.264675762282789,"(702.5, inf]",-1.7446851744547323
2018,0,0,205.7029302,800,202,"(-inf, 1.5]",-0.5795501057798665,"(138.68, 1121.69]",0.041654227303983424,"(250.0, 1150.0]",0.34084726192349113,"(191.5, 450.5]",0.4745183096002622
1923,1,5,251.3886957,500,482,"(1.5, 15.5]",-0.0406773138368468,"(138.68, 1121.69]",0.041654227303983424,"(250.0, 1150.0]",0.34084726192349113,"(450.5, 623.5]",0.04047982904804176
1656,0,0,222.3073097,500,229,"(-inf, 1.5]",-0.5795501057798665,"(138.68, 1121.69]",0.041654227303983424,"(250.0, 1150.0]",0.34084726192349113,"(191.5, 450.5]",0.4745183096002622
339,0,1,1141.421774,1400,689,"(-inf, 1.5]",-0.5795501057798665,"(1121.69, inf]",-1.0359899775063022,"(1350.0, 1750.0]",-0.5494831152766727,"(623.5, 702.5]",-0.563990054998142
689,0,1,297.5030513,1100,911,"(-inf, 1.5]",-0.5795501057798665,"(138.68, 1121.69]",0.041654227303983424,"(250.0, 1150.0]",0.34084726192349113,"(702.5, inf]",-1.7446851744547323
2250,1,19,508.0804268,900,493,"(15.5, 30.5]",0.6686743240412198,"(138.68, 1121.69]",0.041654227303983424,"(250.0, 1150.0]",0.34084726192349113,"(450.5, 623.5]",0.04047982904804176
4392,0,0,661.7527228,1000,681,"(-inf, 1.5]",-0.5795501057798665,"(138.68, 1121.69]",0.041654227303983424,"(250.0, 1150.0]",0.34084726192349113,"(623.5, 702.5]",-0.563990054998142
591,0,0,1280.183625,1400,880,"(-inf, 1.5]",-0.5795501057798665,"(1121.69, inf]",-1.0359899775063022,"(1350.0, 1750.0]",-0.5494831152766727,"(702.5, inf]",-1.7446851744547323
2303,0,0,336.5638944,1000,573,"(-inf, 1.5]",-0.5795501057798665,"(138.68, 1121.69]",0.041654227303983424,"(250.0, 1150.0]",0.34084726192349113,"(450.5, 623.5]",0.04047982904804176
118,0,4,466.5877632,600,246,"(1.5, 15.5]",-0.0406773138368468,"(138.68, 1121.69]",0.041654227303983424,"(250.0, 1150.0]",0.34084726192349113,"(191.5, 450.5]",0.4745183096002622
562,0,0,205.9426982,300,331,"(-inf, 1.5]",-0.5795501057798665,"(138.68, 1121.69]",0.041654227303983424,"(250.0, 1150.0]",0.34084726192349113,"(191.5, 450.5]",0.4745183096002622
238,1,0,752.7915057,1100,210,"(-inf, 1.5]",-0.5795501057798665,"(138.68, 1121.69]",0.041654227303983424,"(250.0, 1150.0]",0.34084726192349113,"(191.5, 450.5]",0.4745183096002622
763,0,0,770.3468458,1200,537,"(-inf, 1.5]",-0.5795501057798665,"(138.68, 1121.69]",0.041654227303983424,"(1150.0, 1350.0]",-0.2281076149142269,"(450.5, 623.5]",0.04047982904804176
4485,0,0,654.0995967,800,316,"(-inf, 1.5]",-0.5795501057798665,"(138.68, 1121.69]",0.041654227303983424,"(250.0, 1150.0]",0.34084726192349113,"(191.5, 450.5]",0.4745183096002622
3040,0,0,104.6769497,200,147,"(-inf, 1.5]",-0.5795501057798665,"(-inf, 138.68]",0.3508536149625971,"(-inf, 250.0]",0.6610277277346917,"(-inf, 191.5]",1.1741703917563333
1203,0,5,370.8228171,1500,653,"(1.5, 15.5]",-0.0406773138368468,"(138.68, 1121.69]",0.041654227303983424,"(1350.0, 1750.0]",-0.5494831152766727,"(623.5, 702.5]",-0.563990054998142
1509,0,0,384.0120261,900,486,"(-inf, 1.5]",-0.5795501057798665,"(138.68, 1121.69]",0.041654227303983424,"(250.0, 1150.0]",0.34084726192349113,"(450.5, 623.5]",0.04047982904804176
2502,0,1,1106.26826,1700,635,"(-inf, 1.5]",-0.5795501057798665,"(138.68, 1121.69]",0.041654227303983424,"(1350.0, 1750.0]",-0.5494831152766727,"(623.5, 702.5]",-0.563990054998142
4397,1,5,457.3287879,600,148,"(1.5, 15.5]",-0.0406773138368468,"(138.68, 1121.69]",0.041654227303983424,"(250.0, 1150.0]",0.34084726192349113,"(-inf, 191.5]",1.1741703917563333
3553,0,3,200.277862,1100,457,"(1.5, 15.5]",-0.0406773138368468,"(138.68, 1121.69]",0.041654227303983424,"(250.0, 1150.0]",0.34084726192349113,"(450.5, 623.5]",0.04047982904804176
2339,0,7,221.0493144,400,497,"(1.5, 15.5]",-0.0406773138368468,"(138.68, 1121.69]",0.041654227303983424,"(250.0, 1150.0]",0.34084726192349113,"(450.5, 623.5]",0.04047982904804176
1535,1,13,22.69024225,300,193,"(1.5, 15.5]",-0.0406773138368468,"(-inf, 138.68]",0.3508536149625971,"(250.0, 1150.0]",0.34084726192349113,"(191.5, 450.5]",0.4745183096002622
3269,0,1,1632.78521,1700,692,"(-inf, 1.5]",-0.5795501057798665,"(1121.69, inf]",-1.0359899775063022,"(1350.0, 1750.0]",-0.5494831152766727,"(623.5, 702.5]",-0.563990054998142
1491,1,53,220.2706704,400,238,"(30.5, 60.5]",2.1720634895446294,"(138.68, 1121.69]",0.041654227303983424,"(250.0, 1150.0]",0.34084726192349113,"(191.5, 450.5]",0.4745183096002622
2913,0,0,251.1156295,400,655,"(-inf, 1.5]",-0.5795501057798665,"(138.68, 1121.69]",0.041654227303983424,"(250.0, 1150.0]",0.34084726192349113,"(623.5, 702.5]",-0.563990054998142
893,1,0,38.95471636,200,183,"(-inf, 1.5]",-0.5795501057798665,"(-inf, 138.68]",0.3508536149625971,"(-inf, 250.0]",0.6610277277346917,"(-inf, 191.5]",1.1741703917563333
203,0,8,401.8201374,500,331,"(1.5, 15.5]",-0.0406773138368468,"(138.68, 1121.69]",0.041654227303983424,"(250.0, 1150.0]",0.34084726192349113,"(191.5, 450.5]",0.4745183096002622
1541,1,3,578.2973042,600,275,"(1.5, 15.5]",-0.0406773138368468,"(138.68, 1121.69]",0.041654227303983424,"(250.0, 1150.0]",0.34084726192349113,"(191.5, 450.5]",0.4745183096002622
2760,0,2,699.9171254,1400,473,"(1.5, 15.5]",-0.0406773138368468,"(138.68, 1121.69]",0.041654227303983424,"(1350.0, 1750.0]",-0.5494831152766727,"(450.5, 623.5]",0.04047982904804176
996,1,9,94.12785393,200,197,"(1.5, 15.5]",-0.0406773138368468,"(-inf, 138.68]",0.3508536149625971,"(-inf, 250.0]",0.6610277277346917,"(191.5, 450.5]",0.4745183096002622
2127,1,2,697.9146151,1100,191,"(1.5, 15.5]",-0.0406773138368468,"(138.68, 1121.69]",0.041654227303983424,"(250.0, 1150.0]",0.34084726192349113,"(-inf, 191.5]",1.1741703917563333
2688,0,1,1848.190925,2800,916,"(-inf, 1.5]",-0.5795501057798665,"(1121.69, inf]",-1.0359899775063022,"(1750.0, inf]",-1.264675762282789,"(702.5, inf]",-1.7446851744547323
1713,0,3,622.7917566,800,460,"(1.5, 15.5]",-0.0406773138368468,"(138.68, 1121.69]",0.041654227303983424,"(250.0, 1150.0]",0.34084726192349113,"(450.5, 623.5]",0.04047982904804176
3087,1,14,638.83806,700,126,"(1.5, 15.5]",-0.0406773138368468,"(138.68, 1121.69]",0.041654227303983424,"(250.0, 1150.0]",0.34084726192349113,"(-inf, 191.5]",1.1741703917563333
123,0,1,619.5396289,900,633,"(-inf, 1.5]",-0.5795501057798665,"(138.68, 1121.69]",0.041654227303983424,"(250.0, 1150.0]",0.34084726192349113,"(623.5, 702.5]",-0.563990054998142
680,0,0,999.0285785,1100,575,"(-inf, 1.5]",-0.5795501057798665,"(138.68, 1121.69]",0.041654227303983424,"(250.0, 1150.0]",0.34084726192349113,"(450.5, 623.5]",0.04047982904804176
1967,0,1,1335.335474,2000,856,"(-inf, 1.5]",-0.5795501057798665,"(1121.69, inf]",-1.0359899775063022,"(1750.0, inf]",-1.264675762282789,"(702.5, inf]",-1.7446851744547323
4,0,0,1336.433975,1900,837,"(-inf, 1.5]",-0.5795501057798665,"(1121.69, inf]",-1.0359899775063022,"(1750.0, inf]",-1.264675762282789,"(702.5, inf]",-1.7446851744547323
79,1,8,92.33198702,200,195,"(1.5, 15.5]",-0.0406773138368468,"(-inf, 138.68]",0.3508536149625971,"(-inf, 250.0]",0.6610277277346917,"(191.5, 450.5]",0.4745183096002622
1847,1,1,8.721490133,200,111,"(-inf, 1.5]",-0.5795501057798665,"(-inf, 138.68]",0.3508536149625971,"(-inf, 250.0]",0.6610277277346917,"(-inf, 191.5]",1.1741703917563333
497,0,0,618.630628,700,385,"(-inf, 1.5]",-0.5795501057798665,"(138.68, 1121.69]",0.041654227303983424,"(250.0, 1150.0]",0.34084726192349113,"(191.5, 450.5]",0.4745183096002622
3576,0,19,51.56615183,700,367,"(15.5, 30.5]",0.6686743240412198,"(-inf, 138.68]",0.3508536149625971,"(250.0, 1150.0]",0.34084726192349113,"(191.5, 450.5]",0.4745183096002622
6,0,0,635.0946306,800,236,"(-inf, 1.5]",-0.5795501057798665,"(138.68, 1121.69]",0.041654227303983424,"(250.0, 1150.0]",0.34084726192349113,"(191.5, 450.5]",0.4745183096002622
1314,0,3,618.6421366,700,674,"(1.5, 15.5]",-0.0406773138368468,"(138.68, 1121.69]",0.041654227303983424,"(250.0, 1150.0]",0.34084726192349113,"(623.5, 702.5]",-0.563990054998142
969,0,0,968.9318205,1000,535,"(-inf, 1.5]",-0.5795501057798665,"(138.68, 1121.69]",0.041654227303983424,"(250.0, 1150.0]",0.34084726192349113,"(450.5, 623.5]",0.04047982904804176
2734,0,1,11.05626691,200,192,"(-inf, 1.5]",-0.5795501057798665,"(-inf, 138.68]",0.3508536149625971,"(-inf, 250.0]",0.6610277277346917,"(191.5, 450.5]",0.4745183096002622
242,0,0,296.2332142,900,717,"(-inf, 1.5]",-0.5795501057798665,"(138.68, 1121.69]",0.041654227303983424,"(250.0, 1150.0]",0.34084726192349113,"(702.5, inf]",-1.7446851744547323
1120,0,0,473.622474,1700,927,"(-inf, 1.5]",-0.5795501057798665,"(138.68, 1121.69]",0.041654227303983424,"(1350.0, 1750.0]",-0.5494831152766727,"(702.5, inf]",-1.7446851744547323
2729,1,9,275.8362421,1100,376,"(1.5, 15.5]",-0.0406773138368468,"(138.68, 1121.69]",0.041654227303983424,"(250.0, 1150.0]",0.34084726192349113,"(191.5, 450.5]",0.4745183096002622
257,0,2,1257.573867,2700,826,"(1.5, 15.5]",-0.0406773138368468,"(1121.69, inf]",-1.0359899775063022,"(1750.0, inf]",-1.264675762282789,"(702.5, inf]",-1.7446851744547323
3105,0,0,374.7326993,1700,863,"(-inf, 1.5]",-0.5795501057798665,"(138.68, 1121.69]",0.041654227303983424,"(1350.0, 1750.0]",-0.5494831152766727,"(702.5, inf]",-1.7446851744547323
801,0,5,1281.727268,2000,790,"(1.5, 15.5]",-0.0406773138368468,"(1121.69, inf]",-1.0359899775063022,"(1750.0, inf]",-1.264675762282789,"(702.5, inf]",-1.7446851744547323
1224,0,0,612.7380789,2000,989,"(-inf, 1.5]",-0.5795501057798665,"(138.68, 1121.69]",0.041654227303983424,"(1750.0, inf]",-1.264675762282789,"(702.5, inf]",-1.7446851744547323
3027,1,46,627.050452,1300,577,"(30.5, 60.5]",2.1720634895446294,"(138.68, 1121.69]",0.041654227303983424,"(1150.0, 1350.0]",-0.2281076149142269,"(450.5, 623.5]",0.04047982904804176
3930,1,47,123.0287393,200,153,"(30.5, 60.5]",2.1720634895446294,"(-inf, 138.68]",0.3508536149625971,"(-inf, 250.0]",0.6610277277346917,"(-inf, 191.5]",1.1741703917563333
1714,0,0,486.6034811,2200,857,"(-inf, 1.5]",-0.5795501057798665,"(138.68, 1121.69]",0.041654227303983424,"(1750.0, inf]",-1.264675762282789,"(702.5, inf]",-1.7446851744547323
2528,1,1,578.230406,600,82,"(-inf, 1.5]",-0.5795501057798665,"(138.68, 1121.69]",0.041654227303983424,"(250.0, 1150.0]",0.34084726192349113,"(-inf, 191.5]",1.1741703917563333
4102,0,0,599.7365721,1500,947,"(-inf, 1.5]",-0.5795501057798665,"(138.68, 1121.69]",0.041654227303983424,"(1350.0, 1750.0]",-0.5494831152766727,"(702.5, inf]",-1.7446851744547323
3705,0,0,76.76110295,1000,925,"(-inf, 1.5]",-0.5795501057798665,"(-inf, 138.68]",0.3508536149625971,"(250.0, 1150.0]",0.34084726192349113,"(702.5, inf]",-1.7446851744547323
3048,0,3,52.68176195,300,161,"(1.5, 15.5]",-0.0406773138368468,"(-inf, 138.68]",0.3508536149625971,"(250.0, 1150.0]",0.34084726192349113,"(-inf, 191.5]",1.1741703917563333
3608,0,0,151.4038586,2600,804,"(-inf, 1.5]",-0.5795501057798665,"(138.68, 1121.69]",0.041654227303983424,"(1750.0, inf]",-1.264675762282789,"(702.5, inf]",-1.7446851744547323
2700,0,13,591.0815186,1000,121,"(1.5, 15.5]",-0.0406773138368468,"(138.68, 1121.69]",0.041654227303983424,"(250.0, 1150.0]",0.34084726192349113,"(-inf, 191.5]",1.1741703917563333
2817,0,0,628.2148086,1500,706,"(-inf, 1.5]",-0.5795501057798665,"(138.68, 1121.69]",0.041654227303983424,"(1350.0, 1750.0]",-0.5494831152766727,"(702.5, inf]",-1.7446851744547323
1608,1,1,1007.679693,1100,221,"(-inf, 1.5]",-0.5795501057798665,"(138.68, 1121.69]",0.041654227303983424,"(250.0, 1150.0]",0.34084726192349113,"(191.5, 450.5]",0.4745183096002622
1688,0,4,1158.117716,1900,834,"(1.5, 15.5]",-0.0406773138368468,"(1121.69, inf]",-1.0359899775063022,"(1750.0, inf]",-1.264675762282789,"(702.5, inf]",-1.7446851744547323
4835,1,5,14.8478223,400,23,"(1.5, 15.5]",-0.0406773138368468,"(-inf, 138.68]",0.3508536149625971,"(250.0, 1150.0]",0.34084726192349113,"(-inf, 191.5]",1.1741703917563333
2450,1,38,67.50762461,300,316,"(30.5, 60.5]",2.1720634895446294,"(-inf, 138.68]",0.3508536149625971,"(250.0, 1150.0]",0.34084726192349113,"(191.5, 450.5]",0.4745183096002622
2855,1,53,390.5388898,400,328,"(30.5, 60.5]",2.1720634895446294,"(138.68, 1121.69]",0.041654227303983424,"(250.0, 1150.0]",0.34084726192349113,"(191.5, 450.5]",0.4745183096002622
4396,0,1,927.2181099,1300,561,"(-inf, 1.5]",-0.5795501057798665,"(138.68, 1121.69]",0.041654227303983424,"(1150.0, 1350.0]",-0.2281076149142269,"(450.5, 623.5]",0.04047982904804176
1382,0,1,400.3402444,1700,595,"(-inf, 1.5]",-0.5795501057798665,"(138.68, 1121.69]",0.041654227303983424,"(1350.0, 1750.0]",-0.5494831152766727,"(450.5, 623.5]",0.04047982904804176
3635,1,15,124.6723123,1600,525,"(1.5, 15.5]",-0.0406773138368468,"(-inf, 138.68]",0.3508536149625971,"(1350.0, 1750.0]",-0.5494831152766727,"(450.5, 623.5]",0.04047982904804176
4010,1,8,382.3602456,600,29,"(1.5, 15.5]",-0.0406773138368468,"(138.68, 1121.69]",0.041654227303983424,"(250.0, 1150.0]",0.34084726192349113,"(-inf, 191.5]",1.1741703917563333
2093,0,0,162.7979169,900,261,"(-inf, 1.5]",-0.5795501057798665,"(138.68, 1121.69]",0.041654227303983424,"(250.0, 1150.0]",0.34084726192349113,"(191.5, 450.5]",0.4745183096002622
4996,1,50,783.2224636,1200,683,"(30.5, 60.5]",2.1720634895446294,"(138.68, 1121.69]",0.041654227303983424,"(1150.0, 1350.0]",-0.2281076149142269,"(623.5, 702.5]",-0.563990054998142
2490,1,3,935.0955328,1000,379,"(1.5, 15.5]",-0.0406773138368468,"(138.68, 1121.69]",0.041654227303983424,"(250.0, 1150.0]",0.34084726192349113,"(191.5, 450.5]",0.4745183096002622
2078,0,0,213.9229223,900,616,"(-inf, 1.5]",-0.5795501057798665,"(138.68, 1121.69]",0.041654227303983424,"(250.0, 1150.0]",0.34084726192349113,"(450.5, 623.5]",0.04047982904804176
3702,0,1,1032.828215,1600,706,"(-inf, 1.5]",-0.5795501057798665,"(138.68, 1121.69]",0.041654227303983424,"(1350.0, 1750.0]",-0.5494831152766727,"(702.5, inf]",-1.7446851744547323
1853,0,10,174.6511898,200,74,"(1.5, 15.5]",-0.0406773138368468,"(138.68, 1121.69]",0.041654227303983424,"(-inf, 250.0]",0.6610277277346917,"(-inf, 191.5]",1.1741703917563333
3574,0,0,14.0767819,1200,718,"(-inf, 1.5]",-0.5795501057798665,"(-inf, 138.68]",0.3508536149625971,"(1150.0, 1350.0]",-0.2281076149142269,"(702.5, inf]",-1.7446851744547323
1375,0,1,248.0600722,1900,758,"(-inf, 1.5]",-0.5795501057798665,"(138.68, 1121.69]",0.041654227303983424,"(1750.0, inf]",-1.264675762282789,"(702.5, inf]",-1.7446851744547323
2886,1,50,52.87614622,500,444,"(30.5, 60.5]",2.1720634895446294,"(-inf, 138.68]",0.3508536149625971,"(250.0, 1150.0]",0.34084726192349113,"(191.5, 450.5]",0.4745183096002622
1624,1,0,669.3924612,1600,515,"(-inf, 1.5]",-0.5795501057798665,"(138.68, 1121.69]",0.041654227303983424,"(1350.0, 1750.0]",-0.5494831152766727,"(450.5, 623.5]",0.04047982904804176
4668,0,0,188.3349533,200,112,"(-inf, 1.5]",-0.5795501057798665,"(138.68, 1121.69]",0.041654227303983424,"(-inf, 250.0]",0.6610277277346917,"(-inf, 191.5]",1.1741703917563333
2606,0,0,761.6637673,1600,873,"(-inf, 1.5]",-0.5795501057798665,"(138.68, 1121.69]",0.041654227303983424,"(1350.0, 1750.0]",-0.5494831152766727,"(702.5, inf]",-1.7446851744547323
3816,1,4,1284.912992,1400,733,"(1.5, 15.5]",-0.0406773138368468,"(1121.69, inf]",-1.0359899775063022,"(1350.0, 1750.0]",-0.5494831152766727,"(702.5, inf]",-1.7446851744547323
2787,0,4,201.3570013,1000,386,"(1.5, 15.5]",-0.0406773138368468,"(138.68, 1121.69]",0.041654227303983424,"(250.0, 1150.0]",0.34084726192349113,"(191.5, 450.5]",0.4745183096002622
2947,0,1,156.29093,500,375,"(-inf, 1.5]",-0.5795501057798665,"(138.68, 1121.69]",0.041654227303983424,"(250.0, 1150.0]",0.34084726192349113,"(191.5, 450.5]",0.4745183096002622
4464,0,10,114.1523263,500,449,"(1.5, 15.5]",-0.0406773138368468,"(-inf, 138.68]",0.3508536149625971,"(250.0, 1150.0]",0.34084726192349113,"(191.5, 450.5]",0.4745183096002622
4213,1,21,995.8721497,1100,520,"(15.5, 30.5]",0.6686743240412198,"(138.68, 1121.69]",0.041654227303983424,"(250.0, 1150.0]",0.34084726192349113,"(450.5, 623.5]",0.04047982904804176
4686,0,0,354.9935642,1500,949,"(-inf, 1.5]",-0.5795501057798665,"(138.68, 1121.69]",0.041654227303983424,"(1350.0, 1750.0]",-0.5494831152766727,"(702.5, inf]",-1.7446851744547323
655,0,10,811.6778803,900,364,"(1.5, 15.5]",-0.0406773138368468,"(138.68, 1121.69]",0.041654227303983424,"(250.0, 1150.0]",0.34084726192349113,"(191.5, 450.5]",0.4745183096002622
4457,0,20,673.3971214,800,554,"(15.5, 30.5]",0.6686743240412198,"(138.68, 1121.69]",0.041654227303983424,"(250.0, 1150.0]",0.34084726192349113,"(450.5, 623.5]",0.04047982904804176
1574,1,0,1006.88665,1200,63,"(-inf, 1.5]",-0.5795501057798665,"(138.68, 1121.69]",0.041654227303983424,"(1150.0, 1350.0]",-0.2281076149142269,"(-inf, 191.5]",1.1741703917563333
116,0,6,58.10030497,800,638,"(1.5, 15.5]",-0.0406773138368468,"(-inf, 138.68]",0.3508536149625971,"(250.0, 1150.0]",0.34084726192349113,"(623.5, 702.5]",-0.563990054998142
2398,0,0,1123.783756,2200,888,"(-inf, 1.5]",-0.5795501057798665,"(1121.69, inf]",-1.0359899775063022,"(1750.0, inf]",-1.264675762282789,"(702.5, inf]",-1.7446851744547323
2273,1,22,58.85097675,200,138,"(15.5, 30.5]",0.6686743240412198,"(-inf, 138.68]",0.3508536149625971,"(-inf, 250.0]",0.6610277277346917,"(-inf, 191.5]",1.1741703917563333
1233,0,1,715.2826037,800,488,"(-inf, 1.5]",-0.5795501057798665,"(138.68, 1121.69]",0.041654227303983424,"(250.0, 1150.0]",0.34084726192349113,"(450.5, 623.5]",0.04047982904804176
4518,1,11,430.3797477,900,423,"(1.5, 15.5]",-0.0406773138368468,"(138.68, 1121.69]",0.041654227303983424,"(250.0, 1150.0]",0.34084726192349113,"(191.5, 450.5]",0.4745183096002622
246,1,9,343.4741275,600,376,"(1.5, 15.5]",-0.0406773138368468,"(138.68, 1121.69]",0.041654227303983424,"(250.0, 1150.0]",0.34084726192349113,"(191.5, 450.5]",0.4745183096002622
70,0,0,258.5875773,700,288,"(-inf, 1.5]",-0.5795501057798665,"(138.68, 1121.69]",0.041654227303983424,"(250.0, 1150.0]",0.34084726192349113,"(191.5, 450.5]",0.4745183096002622
4559,0,0,169.4637214,1200,779,"(-inf, 1.5]",-0.5795501057798665,"(138.68, 1121.69]",0.041654227303983424,"(1150.0, 1350.0]",-0.2281076149142269,"(702.5, inf]",-1.7446851744547323
1686,0,13,585.2583896,700,852,"(1.5, 15.5]",-0.0406773138368468,"(138.68, 1121.69]",0.041654227303983424,"(250.0, 1150.0]",0.34084726192349113,"(702.5, inf]",-1.7446851744547323
2181,0,3,230.0902065,1400,564,"(1.5, 15.5]",-0.0406773138368468,"(138.68, 1121.69]",0.041654227303983424,"(1350.0, 1750.0]",-0.5494831152766727,"(450.5, 623.5]",0.04047982904804176
3461,0,3,1543.428761,2400,881,"(1.5, 15.5]",-0.0406773138368468,"(1121.69, inf]",-1.0359899775063022,"(1750.0, inf]",-1.264675762282789,"(702.5, inf]",-1.7446851744547323
3786,0,1,19.45353307,700,407,"(-inf, 1.5]",-0.5795501057798665,"(-inf, 138.68]",0.3508536149625971,"(250.0, 1150.0]",0.34084726192349113,"(191.5, 450.5]",0.4745183096002622
2308,1,2,167.0633723,200,115,"(1.5, 15.5]",-0.0406773138368468,"(138.68, 1121.69]",0.041654227303983424,"(-inf, 250.0]",0.6610277277346917,"(-inf, 191.5]",1.1741703917563333
567,0,19,440.6926952,500,413,"(15.5, 30.5]",0.6686743240412198,"(138.68, 1121.69]",0.041654227303983424,"(250.0, 1150.0]",0.34084726192349113,"(191.5, 450.5]",0.4745183096002622
3015,1,11,379.1484208,2000,686,"(1.5, 15.5]",-0.0406773138368468,"(138.68, 1121.69]",0.041654227303983424,"(1750.0, inf]",-1.264675762282789,"(623.5, 702.5]",-0.563990054998142
131,0,2,1727.022214,2100,918,"(1.5, 15.5]",-0.0406773138368468,"(1121.69, inf]",-1.0359899775063022,"(1750.0, inf]",-1.264675762282789,"(702.5, inf]",-1.7446851744547323
3733,0,9,532.1427406,1100,545,"(1.5, 15.5]",-0.0406773138368468,"(138.68, 1121.69]",0.041654227303983424,"(250.0, 1150.0]",0.34084726192349113,"(450.5, 623.5]",0.04047982904804176
2246,0,1,454.9298092,900,71,"(-inf, 1.5]",-0.5795501057798665,"(138.68, 1121.69]",0.041654227303983424,"(250.0, 1150.0]",0.34084726192349113,"(-inf, 191.5]",1.1741703917563333
1322,1,1,963.7162503,1000,400,"(-inf, 1.5]",-0.5795501057798665,"(138.68, 1121.69]",0.041654227303983424,"(250.0, 1150.0]",0.34084726192349113,"(191.5, 450.5]",0.4745183096002622
1365,0,10,1649.158894,1900,897,"(1.5, 15.5]",-0.0406773138368468,"(1121.69, inf]",-1.0359899775063022,"(1750.0, inf]",-1.264675762282789,"(702.5, inf]",-1.7446851744547323
2079,0,9,300.9454858,900,252,"(1.5, 15.5]",-0.0406773138368468,"(138.68, 1121.69]",0.041654227303983424,"(250.0, 1150.0]",0.34084726192349113,"(191.5, 450.5]",0.4745183096002622
4936,0,0,468.6712504,2100,813,"(-inf, 1.5]",-0.5795501057798665,"(138.68, 1121.69]",0.041654227303983424,"(1750.0, inf]",-1.264675762282789,"(702.5, inf]",-1.7446851744547323
4481,0,7,148.0382903,200,72,"(1.5, 15.5]",-0.0406773138368468,"(138.68, 1121.69]",0.041654227303983424,"(-inf, 250.0]",0.6610277277346917,"(-inf, 191.5]",1.1741703917563333
2185,0,0,667.7092492,700,775,"(-inf, 1.5]",-0.5795501057798665,"(138.68, 1121.69]",0.041654227303983424,"(250.0, 1150.0]",0.34084726192349113,"(702.5, inf]",-1.7446851744547323
515,0,1,69.35912474,200,763,"(-inf, 1.5]",-0.5795501057798665,"(-inf, 138.68]",0.3508536149625971,"(-inf, 250.0]",0.6610277277346917,"(702.5, inf]",-1.7446851744547323
1739,0,0,627.6225134,1000,819,"(-inf, 1.5]",-0.5795501057798665,"(138.68, 1121.69]",0.041654227303983424,"(250.0, 1150.0]",0.34084726192349113,"(702.5, inf]",-1.7446851744547323
4265,0,0,890.7026825,1300,888,"(-inf, 1.5]",-0.5795501057798665,"(138.68, 1121.69]",0.041654227303983424,"(1150.0, 1350.0]",-0.2281076149142269,"(702.5, inf]",-1.7446851744547323
1282,0,0,409.6750707,1700,833,"(-inf, 1.5]",-0.5795501057798665,"(138.68, 1121.69]",0.041654227303983424,"(1350.0, 1750.0]",-0.5494831152766727,"(702.5, inf]",-1.7446851744547323
3256,1,0,407.8243535,500,384,"(-inf, 1.5]",-0.5795501057798665,"(138.68, 1121.69]",0.041654227303983424,"(250.0, 1150.0]",0.34084726192349113,"(191.5, 450.5]",0.4745183096002622
4347,0,1,155.431294,200,41,"(-inf, 1.5]",-0.5795501057798665,"(138.68, 1121.69]",0.041654227303983424,"(-inf, 250.0]",0.6610277277346917,"(-inf, 191.5]",1.1741703917563333
4556,0,0,1528.11694,2100,850,"(-inf, 1.5]",-0.5795501057798665,"(1121.69, inf]",-1.0359899775063022,"(1750.0, inf]",-1.264675762282789,"(702.5, inf]",-1.7446851744547323
3009,1,7,511.3777213,1000,529,"(1.5, 15.5]",-0.0406773138368468,"(138.68, 1121.69]",0.041654227303983424,"(250.0, 1150.0]",0.34084726192349113,"(450.5, 623.5]",0.04047982904804176
4530,0,14,980.4254549,1600,605,"(1.5, 15.5]",-0.0406773138368468,"(138.68, 1121.69]",0.041654227303983424,"(1350.0, 1750.0]",-0.5494831152766727,"(450.5, 623.5]",0.04047982904804176
3525,0,1,473.9004459,1300,828,"(-inf, 1.5]",-0.5795501057798665,"(138.68, 1121.69]",0.041654227303983424,"(1150.0, 1350.0]",-0.2281076149142269,"(702.5, inf]",-1.7446851744547323
4285,1,5,24.73024772,500,182,"(1.5, 15.5]",-0.0406773138368468,"(-inf, 138.68]",0.3508536149625971,"(250.0, 1150.0]",0.34084726192349113,"(-inf, 191.5]",1.1741703917563333
4465,0,10,989.7942503,1200,380,"(1.5, 15.5]",-0.0406773138368468,"(138.68, 1121.69]",0.041654227303983424,"(1150.0, 1350.0]",-0.2281076149142269,"(191.5, 450.5]",0.4745183096002622
2949,0,3,1.800867118,300,92,"(1.5, 15.5]",-0.0406773138368468,"(-inf, 138.68]",0.3508536149625971,"(250.0, 1150.0]",0.34084726192349113,"(-inf, 191.5]",1.1741703917563333
968,0,7,716.509412,800,347,"(1.5, 15.5]",-0.0406773138368468,"(138.68, 1121.69]",0.041654227303983424,"(250.0, 1150.0]",0.34084726192349113,"(191.5, 450.5]",0.4745183096002622
1731,0,4,360.1375374,1200,525,"(1.5, 15.5]",-0.0406773138368468,"(138.68, 1121.69]",0.041654227303983424,"(1150.0, 1350.0]",-0.2281076149142269,"(450.5, 623.5]",0.04047982904804176
387,1,1,107.7490658,900,452,"(-inf, 1.5]",-0.5795501057798665,"(-inf, 138.68]",0.3508536149625971,"(250.0, 1150.0]",0.34084726192349113,"(450.5, 623.5]",0.04047982904804176
3465,0,2,2047.888856,2200,809,"(1.5, 15.5]",-0.0406773138368468,"(1121.69, inf]",-1.0359899775063022,"(1750.0, inf]",-1.264675762282789,"(702.5, inf]",-1.7446851744547323
2238,1,10,68.34077508,400,443,"(1.5, 15.5]",-0.0406773138368468,"(-inf, 138.68]",0.3508536149625971,"(250.0, 1150.0]",0.34084726192349113,"(191.5, 450.5]",0.4745183096002622
556,0,4,169.5181651,800,312,"(1.5, 15.5]",-0.0406773138368468,"(138.68, 1121.69]",0.041654227303983424,"(250.0, 1150.0]",0.34084726192349113,"(191.5, 450.5]",0.4745183096002622
59,1,0,92.28065475,900,34,"(-inf, 1.5]",-0.5795501057798665,"(-inf, 138.68]",0.3508536149625971,"(250.0, 1150.0]",0.34084726192349113,"(-inf, 191.5]",1.1741703917563333
673,0,1,2751.505321,2800,999,"(-inf, 1.5]",-0.5795501057798665,"(1121.69, inf]",-1.0359899775063022,"(1750.0, inf]",-1.264675762282789,"(702.5, inf]",-1.7446851744547323
322,1,9,117.6279801,200,55,"(1.5, 15.5]",-0.0406773138368468,"(-inf, 138.68]",0.3508536149625971,"(-inf, 250.0]",0.6610277277346917,"(-inf, 191.5]",1.1741703917563333
2917,1,2,354.6520671,400,311,"(1.5, 15.5]",-0.0406773138368468,"(138.68, 1121.69]",0.041654227303983424,"(250.0, 1150.0]",0.34084726192349113,"(191.5, 450.5]",0.4745183096002622
1344,1,27,276.1048324,800,407,"(15.5, 30.5]",0.6686743240412198,"(138.68, 1121.69]",0.041654227303983424,"(250.0, 1150.0]",0.34084726192349113,"(191.5, 450.5]",0.4745183096002622
2163,0,9,203.8350063,700,452,"(1.5, 15.5]",-0.0406773138368468,"(138.68, 1121.69]",0.041654227303983424,"(250.0, 1150.0]",0.34084726192349113,"(450.5, 623.5]",0.04047982904804176
3837,0,1,1704.034788,1800,809,"(-inf, 1.5]",-0.5795501057798665,"(1121.69, inf]",-1.0359899775063022,"(1750.0, inf]",-1.264675762282789,"(702.5, inf]",-1.7446851744547323
3035,1,0,51.17087603,300,489,"(-inf, 1.5]",-0.5795501057798665,"(-inf, 138.68]",0.3508536149625971,"(250.0, 1150.0]",0.34084726192349113,"(450.5, 623.5]",0.04047982904804176
2410,0,0,1563.915347,1700,635,"(-inf, 1.5]",-0.5795501057798665,"(1121.69, inf]",-1.0359899775063022,"(1350.0, 1750.0]",-0.5494831152766727,"(623.5, 702.5]",-0.563990054998142
2384,0,0,138.0808736,1000,629,"(-inf, 1.5]",-0.5795501057798665,"(-inf, 138.68]",0.3508536149625971,"(250.0, 1150.0]",0.34084726192349113,"(623.5, 702.5]",-0.563990054998142
2420,1,1,474.8369674,900,123,"(-inf, 1.5]",-0.5795501057798665,"(138.68, 1121.69]",0.041654227303983424,"(250.0, 1150.0]",0.34084726192349113,"(-inf, 191.5]",1.1741703917563333
1845,0,0,1004.188638,1300,704,"(-inf, 1.5]",-0.5795501057798665,"(138.68, 1121.69]",0.041654227303983424,"(1150.0, 1350.0]",-0.2281076149142269,"(702.5, inf]",-1.7446851744547323
2071,0,5,312.697609,1600,782,"(1.5, 15.5]",-0.0406773138368468,"(138.68, 1121.69]",0.041654227303983424,"(1350.0, 1750.0]",-0.5494831152766727,"(702.5, inf]",-1.7446851744547323
4352,1,0,521.6333554,700,468,"(-inf, 1.5]",-0.5795501057798665,"(138.68, 1121.69]",0.041654227303983424,"(250.0, 1150.0]",0.34084726192349113,"(450.5, 623.5]",0.04047982904804176
3289,0,1,397.0137896,800,437,"(-inf, 1.5]",-0.5795501057798665,"(138.68, 1121.69]",0.041654227303983424,"(250.0, 1150.0]",0.34084726192349113,"(191.5, 450.5]",0.4745183096002622
2524,0,1,180.3823735,2200,863,"(-inf, 1.5]",-0.5795501057798665,"(138.68, 1121.69]",0.041654227303983424,"(1750.0, inf]",-1.264675762282789,"(702.5, inf]",-1.7446851744547323
554,0,0,884.2134661,2600,924,"(-inf, 1.5]",-0.5795501057798665,"(138.68, 1121.69]",0.041654227303983424,"(1750.0, inf]",-1.264675762282789,"(702.5, inf]",-1.7446851744547323
4101,0,4,711.819536,900,346,"(1.5, 15.5]",-0.0406773138368468,"(138.68, 1121.69]",0.041654227303983424,"(250.0, 1150.0]",0.34084726192349113,"(191.5, 450.5]",0.4745183096002622
3294,0,4,346.81571,500,19,"(1.5, 15.5]",-0.0406773138368468,"(138.68, 1121.69]",0.041654227303983424,"(250.0, 1150.0]",0.34084726192349113,"(-inf, 191.5]",1.1741703917563333
2072,0,0,834.0066887,900,693,"(-inf, 1.5]",-0.5795501057798665,"(138.68, 1121.69]",0.041654227303983424,"(250.0, 1150.0]",0.34084726192349113,"(623.5, 702.5]",-0.563990054998142
708,1,1,485.971178,1300,489,"(-inf, 1.5]",-0.5795501057798665,"(138.68, 1121.69]",0.041654227303983424,"(1150.0, 1350.0]",-0.2281076149142269,"(450.5, 623.5]",0.04047982904804176
703,1,28,2229.930473,2400,960,"(15.5, 30.5]",0.6686743240412198,"(1121.69, inf]",-1.0359899775063022,"(1750.0, inf]",-1.264675762282789,"(702.5, inf]",-1.7446851744547323
4339,0,10,308.4513071,400,456,"(1.5, 15.5]",-0.0406773138368468,"(138.68, 1121.69]",0.041654227303983424,"(250.0, 1150.0]",0.34084726192349113,"(450.5, 623.5]",0.04047982904804176
1985,1,9,188.3647964,200,156,"(1.5, 15.5]",-0.0406773138368468,"(138.68, 1121.69]",0.041654227303983424,"(-inf, 250.0]",0.6610277277346917,"(-inf, 191.5]",1.1741703917563333
3442,0,0,75.42300244,200,155,"(-inf, 1.5]",-0.5795501057798665,"(-inf, 138.68]",0.3508536149625971,"(-inf, 250.0]",0.6610277277346917,"(-inf, 191.5]",1.1741703917563333
298,1,13,733.8771388,1200,635,"(1.5, 15.5]",-0.0406773138368468,"(138.68, 1121.69]",0.041654227303983424,"(1150.0, 1350.0]",-0.2281076149142269,"(623.5, 702.5]",-0.563990054998142
1807,0,11,441.3425032,600,115,"(1.5, 15.5]",-0.0406773138368468,"(138.68, 1121.69]",0.041654227303983424,"(250.0, 1150.0]",0.34084726192349113,"(-inf, 191.5]",1.1741703917563333
3106,0,1,2268.779452,2700,982,"(-inf, 1.5]",-0.5795501057798665,"(1121.69, inf]",-1.0359899775063022,"(1750.0, inf]",-1.264675762282789,"(702.5, inf]",-1.7446851744547323
949,1,7,293.8837518,800,275,"(1.5, 15.5]",-0.0406773138368468,"(138.68, 1121.69]",0.041654227303983424,"(250.0, 1150.0]",0.34084726192349113,"(191.5, 450.5]",0.4745183096002622
4856,1,54,61.09257656,200,9,"(30.5, 60.5]",2.1720634895446294,"(-inf, 138.68]",0.3508536149625971,"(-inf, 250.0]",0.6610277277346917,"(-inf, 191.5]",1.1741703917563333
803,0,1,5.528372356,1600,827,"(-inf, 1.5]",-0.5795501057798665,"(-inf, 138.68]",0.3508536149625971,"(1350.0, 1750.0]",-0.5494831152766727,"(702.5, inf]",-1.7446851744547323
2007,0,0,574.7780187,1300,674,"(-inf, 1.5]",-0.5795501057798665,"(138.68, 1121.69]",0.041654227303983424,"(1150.0, 1350.0]",-0.2281076149142269,"(623.5, 702.5]",-0.563990054998142
4249,0,9,1290.865244,1500,817,"(1.5, 15.5]",-0.0406773138368468,"(1121.69, inf]",-1.0359899775063022,"(1350.0, 1750.0]",-0.5494831152766727,"(702.5, inf]",-1.7446851744547323
4021,1,49,1316.808015,1700,965,"(30.5, 60.5]",2.1720634895446294,"(1121.69, inf]",-1.0359899775063022,"(1350.0, 1750.0]",-0.5494831152766727,"(702.5, inf]",-1.7446851744547323
4350,0,0,1602.220572,1900,864,"(-inf, 1.5]",-0.5795501057798665,"(1121.69, inf]",-1.0359899775063022,"(1750.0, inf]",-1.264675762282789,"(702.5, inf]",-1.7446851744547323
4016,0,0,543.637759,700,344,"(-inf, 1.5]",-0.5795501057798665,"(138.68, 1121.69]",0.041654227303983424,"(250.0, 1150.0]",0.34084726192349113,"(191.5, 450.5]",0.4745183096002622
2732,0,2,915.5719464,2000,998,"(1.5, 15.5]",-0.0406773138368468,"(138.68, 1121.69]",0.041654227303983424,"(1750.0, inf]",-1.264675762282789,"(702.5, inf]",-1.7446851744547323
3197,0,5,1201.442465,1900,883,"(1.5, 15.5]",-0.0406773138368468,"(1121.69, inf]",-1.0359899775063022,"(1750.0, inf]",-1.264675762282789,"(702.5, inf]",-1.7446851744547323
3767,0,5,826.3442528,1800,760,"(1.5, 15.5]",-0.0406773138368468,"(138.68, 1121.69]",0.041654227303983424,"(1750.0, inf]",-1.264675762282789,"(702.5, inf]",-1.7446851744547323
2984,0,0,50.59189086,500,383,"(-inf, 1.5]",-0.5795501057798665,"(-inf, 138.68]",0.3508536149625971,"(250.0, 1150.0]",0.34084726192349113,"(191.5, 450.5]",0.4745183096002622
3659,0,26,27.70289892,900,456,"(15.5, 30.5]",0.6686743240412198,"(-inf, 138.68]",0.3508536149625971,"(250.0, 1150.0]",0.34084726192349113,"(450.5, 623.5]",0.04047982904804176
143,1,49,551.5609763,800,377,"(30.5, 60.5]",2.1720634895446294,"(138.68, 1121.69]",0.041654227303983424,"(250.0, 1150.0]",0.34084726192349113,"(191.5, 450.5]",0.4745183096002622
2295,0,14,190.8437086,600,426,"(1.5, 15.5]",-0.0406773138368468,"(138.68, 1121.69]",0.041654227303983424,"(250.0, 1150.0]",0.34084726192349113,"(191.5, 450.5]",0.4745183096002622
2241,0,1,196.4446,200,386,"(-inf, 1.5]",-0.5795501057798665,"(138.68, 1121.69]",0.041654227303983424,"(-inf, 250.0]",0.6610277277346917,"(191.5, 450.5]",0.4745183096002622
3351,0,1,92.99648176,800,648,"(-inf, 1.5]",-0.5795501057798665,"(-inf, 138.68]",0.3508536149625971,"(250.0, 1150.0]",0.34084726192349113,"(623.5, 702.5]",-0.563990054998142
4365,1,1,847.4835603,900,559,"(-inf, 1.5]",-0.5795501057798665,"(138.68, 1121.69]",0.041654227303983424,"(250.0, 1150.0]",0.34084726192349113,"(450.5, 623.5]",0.04047982904804176
1401,0,9,851.983125,1100,325,"(1.5, 15.5]",-0.0406773138368468,"(138.68, 1121.69]",0.041654227303983424,"(250.0, 1150.0]",0.34084726192349113,"(191.5, 450.5]",0.4745183096002622
2123,0,20,152.7657465,200,177,"(15.5, 30.5]",0.6686743240412198,"(138.68, 1121.69]",0.041654227303983424,"(-inf, 250.0]",0.6610277277346917,"(-inf, 191.5]",1.1741703917563333
2617,0,0,933.4262106,1200,649,"(-inf, 1.5]",-0.5795501057798665,"(138.68, 1121.69]",0.041654227303983424,"(1150.0, 1350.0]",-0.2281076149142269,"(623.5, 702.5]",-0.563990054998142
1432,0,3,428.9686851,800,744,"(1.5, 15.5]",-0.0406773138368468,"(138.68, 1121.69]",0.041654227303983424,"(250.0, 1150.0]",0.34084726192349113,"(702.5, inf]",-1.7446851744547323
1399,0,27,632.8529215,1200,505,"(15.5, 30.5]",0.6686743240412198,"(138.68, 1121.69]",0.041654227303983424,"(1150.0, 1350.0]",-0.2281076149142269,"(450.5, 623.5]",0.04047982904804176
2264,0,10,152.992529,200,45,"(1.5, 15.5]",-0.0406773138368468,"(138.68, 1121.69]",0.041654227303983424,"(-inf, 250.0]",0.6610277277346917,"(-inf, 191.5]",1.1741703917563333
2234,1,4,250.1898356,700,517,"(1.5, 15.5]",-0.0406773138368468,"(138.68, 1121.69]",0.041654227303983424,"(250.0, 1150.0]",0.34084726192349113,"(450.5, 623.5]",0.04047982904804176
4184,1,0,456.6987625,500,79,"(-inf, 1.5]",-0.5795501057798665,"(138.68, 1121.69]",0.041654227303983424,"(250.0, 1150.0]",0.34084726192349113,"(-inf, 191.5]",1.1741703917563333
1320,0,1,372.9556456,1600,671,"(-inf, 1.5]",-0.5795501057798665,"(138.68, 1121.69]",0.041654227303983424,"(1350.0, 1750.0]",-0.5494831152766727,"(623.5, 702.5]",-0.563990054998142
3456,0,2,1464.187127,1800,662,"(1.5, 15.5]",-0.0406773138368468,"(1121.69, inf]",-1.0359899775063022,"(1750.0, inf]",-1.264675762282789,"(623.5, 702.5]",-0.563990054998142
3556,0,5,182.0508936,200,77,"(1.5, 15.5]",-0.0406773138368468,"(138.68, 1121.69]",0.041654227303983424,"(-inf, 250.0]",0.6610277277346917,"(-inf, 191.5]",1.1741703917563333
2966,0,0,1981.342565,2800,977,"(-inf, 1.5]",-0.5795501057798665,"(1121.69, inf]",-1.0359899775063022,"(1750.0, inf]",-1.264675762282789,"(702.5, inf]",-1.7446851744547323
1944,0,3,270.2666904,500,243,"(1.5, 15.5]",-0.0406773138368468,"(138.68, 1121.69]",0.041654227303983424,"(250.0, 1150.0]",0.34084726192349113,"(191.5, 450.5]",0.4745183096002622
3203,0,3,703.1494637,1000,579,"(1.5, 15.5]",-0.0406773138368468,"(138.68, 1121.69]",0.041654227303983424,"(250.0, 1150.0]",0.34084726192349113,"(450.5, 623.5]",0.04047982904804176
413,0,3,261.4585149,1000,763,"(1.5, 15.5]",-0.0406773138368468,"(138.68, 1121.69]",0.041654227303983424,"(250.0, 1150.0]",0.34084726192349113,"(702.5, inf]",-1.7446851744547323
250,0,11,283.5654994,1100,998,"(1.5, 15.5]",-0.0406773138368468,"(138.68, 1121.69]",0.041654227303983424,"(250.0, 1150.0]",0.34084726192349113,"(702.5, inf]",-1.7446851744547323
1134,1,3,181.7765167,900,374,"(1.5, 15.5]",-0.0406773138368468,"(138.68, 1121.69]",0.041654227303983424,"(250.0, 1150.0]",0.34084726192349113,"(191.5, 450.5]",0.4745183096002622
2087,1,58,101.4741378,200,89,"(30.5, 60.5]",2.1720634895446294,"(-inf, 138.68]",0.3508536149625971,"(-inf, 250.0]",0.6610277277346917,"(-inf, 191.5]",1.1741703917563333
4165,0,1,490.5376748,1600,734,"(-inf, 1.5]",-0.5795501057798665,"(138.68, 1121.69]",0.041654227303983424,"(1350.0, 1750.0]",-0.5494831152766727,"(702.5, inf]",-1.7446851744547323
813,1,0,1075.351552,1600,805,"(-inf, 1.5]",-0.5795501057798665,"(138.68, 1121.69]",0.041654227303983424,"(1350.0, 1750.0]",-0.5494831152766727,"(702.5, inf]",-1.7446851744547323
2280,0,2,203.1463508,1400,755,"(1.5, 15.5]",-0.0406773138368468,"(138.68, 1121.69]",0.041654227303983424,"(1350.0, 1750.0]",-0.5494831152766727,"(702.5, inf]",-1.7446851744547323
710,1,0,415.4062966,1500,865,"(-inf, 1.5]",-0.5795501057798665,"(138.68, 1121.69]",0.041654227303983424,"(1350.0, 1750.0]",-0.5494831152766727,"(702.5, inf]",-1.7446851744547323
264,0,0,357.557799,2600,909,"(-inf, 1.5]",-0.5795501057798665,"(138.68, 1121.69]",0.041654227303983424,"(1750.0, inf]",-1.264675762282789,"(702.5, inf]",-1.7446851744547323
1657,1,2,365.9652749,500,459,"(1.5, 15.5]",-0.0406773138368468,"(138.68, 1121.69]",0.041654227303983424,"(250.0, 1150.0]",0.34084726192349113,"(450.5, 623.5]",0.04047982904804176
3605,1,0,157.1943398,700,239,"(-inf, 1.5]",-0.5795501057798665,"(138.68, 1121.69]",0.041654227303983424,"(250.0, 1150.0]",0.34084726192349113,"(191.5, 450.5]",0.4745183096002622
2191,0,1,642.0473468,700,708,"(-inf, 1.5]",-0.5795501057798665,"(138.68, 1121.69]",0.041654227303983424,"(250.0, 1150.0]",0.34084726192349113,"(702.5, inf]",-1.7446851744547323
1918,0,0,253.3646994,1200,574,"(-inf, 1.5]",-0.5795501057798665,"(138.68, 1121.69]",0.041654227303983424,"(1150.0, 1350.0]",-0.2281076149142269,"(450.5, 623.5]",0.04047982904804176
756,1,26,43.31646143,1100,61,"(15.5, 30.5]",0.6686743240412198,"(-inf, 138.68]",0.3508536149625971,"(250.0, 1150.0]",0.34084726192349113,"(-inf, 191.5]",1.1741703917563333
4677,0,0,371.50906,400,459,"(-inf, 1.5]",-0.5795501057798665,"(138.68, 1121.69]",0.041654227303983424,"(250.0, 1150.0]",0.34084726192349113,"(450.5, 623.5]",0.04047982904804176
2156,1,31,6.596778089,500,152,"(30.5, 60.5]",2.1720634895446294,"(-inf, 138.68]",0.3508536149625971,"(250.0, 1150.0]",0.34084726192349113,"(-inf, 191.5]",1.1741703917563333
4391,0,13,984.9845769,1600,606,"(1.5, 15.5]",-0.0406773138368468,"(138.68, 1121.69]",0.041654227303983424,"(1350.0, 1750.0]",-0.5494831152766727,"(450.5, 623.5]",0.04047982904804176
2871,0,0,1167.64398,1600,948,"(-inf, 1.5]",-0.5795501057798665,"(1121.69, inf]",-1.0359899775063022,"(1350.0, 1750.0]",-0.5494831152766727,"(702.5, inf]",-1.7446851744547323
4526,0,10,329.7278523,1000,234,"(1.5, 15.5]",-0.0406773138368468,"(138.68, 1121.69]",0.041654227303983424,"(250.0, 1150.0]",0.34084726192349113,"(191.5, 450.5]",0.4745183096002622
1537,0,3,221.4621627,500,682,"(1.5, 15.5]",-0.0406773138368468,"(138.68, 1121.69]",0.041654227303983424,"(250.0, 1150.0]",0.34084726192349113,"(623.5, 702.5]",-0.563990054998142
1753,1,18,1156.519856,1600,832,"(15.5, 30.5]",0.6686743240412198,"(1121.69, inf]",-1.0359899775063022,"(1350.0, 1750.0]",-0.5494831152766727,"(702.5, inf]",-1.7446851744547323
2907,0,0,387.4045651,700,63,"(-inf, 1.5]",-0.5795501057798665,"(138.68, 1121.69]",0.041654227303983424,"(250.0, 1150.0]",0.34084726192349113,"(-inf, 191.5]",1.1741703917563333
2105,1,1,385.1662212,400,46,"(-inf, 1.5]",-0.5795501057798665,"(138.68, 1121.69]",0.041654227303983424,"(250.0, 1150.0]",0.34084726192349113,"(-inf, 191.5]",1.1741703917563333
429,0,0,228.9215425,1500,799,"(-inf, 1.5]",-0.5795501057798665,"(138.68, 1121.69]",0.041654227303983424,"(1350.0, 1750.0]",-0.5494831152766727,"(702.5, inf]",-1.7446851744547323
409,0,4,1817.612769,2100,972,"(1.5, 15.5]",-0.0406773138368468,"(1121.69, inf]",-1.0359899775063022,"(1750.0, inf]",-1.264675762282789,"(702.5, inf]",-1.7446851744547323
4492,1,68,530.2725797,1000,23,"(60.5, inf]",4.147649406746059,"(138.68, 1121.69]",0.041654227303983424,"(250.0, 1150.0]",0.34084726192349113,"(-inf, 191.5]",1.1741703917563333
2266,0,25,451.6519497,1400,605,"(15.5, 30.5]",0.6686743240412198,"(138.68, 1121.69]",0.041654227303983424,"(1350.0, 1750.0]",-0.5494831152766727,"(450.5, 623.5]",0.04047982904804176
1718,0,1,157.5922412,200,131,"(-inf, 1.5]",-0.5795501057798665,"(138.68, 1121.69]",0.041654227303983424,"(-inf, 250.0]",0.6610277277346917,"(-inf, 191.5]",1.1741703917563333
4592,0,0,1836.349068,1900,780,"(-inf, 1.5]",-0.5795501057798665,"(1121.69, inf]",-1.0359899775063022,"(1750.0, inf]",-1.264675762282789,"(702.5, inf]",-1.7446851744547323
4128,0,0,188.9859361,1900,949,"(-inf, 1.5]",-0.5795501057798665,"(138.68, 1121.69]",0.041654227303983424,"(1750.0, inf]",-1.264675762282789,"(702.5, inf]",-1.7446851744547323
4370,0,0,673.7842447,2600,908,"(-inf, 1.5]",-0.5795501057798665,"(138.68, 1121.69]",0.041654227303983424,"(1750.0, inf]",-1.264675762282789,"(702.5, inf]",-1.7446851744547323
237,1,4,172.6803028,200,176,"(1.5, 15.5]",-0.0406773138368468,"(138.68, 1121.69]",0.041654227303983424,"(-inf, 250.0]",0.6610277277346917,"(-inf, 191.5]",1.1741703917563333
2309,1,29,1710.493784,2000,998,"(15.5, 30.5]",0.6686743240412198,"(1121.69, inf]",-1.0359899775063022,"(1750.0, inf]",-1.264675762282789,"(702.5, inf]",-1.7446851744547323
3308,0,2,940.4544391,1300,537,"(1.5, 15.5]",-0.0406773138368468,"(138.68, 1121.69]",0.041654227303983424,"(1150.0, 1350.0]",-0.2281076149142269,"(450.5, 623.5]",0.04047982904804176
1919,0,6,1884.919681,2200,774,"(1.5, 15.5]",-0.0406773138368468,"(1121.69, inf]",-1.0359899775063022,"(1750.0, inf]",-1.264675762282789,"(702.5, inf]",-1.7446851744547323
4608,0,0,907.3603044,1700,909,"(-inf, 1.5]",-0.5795501057798665,"(138.68, 1121.69]",0.041654227303983424,"(1350.0, 1750.0]",-0.5494831152766727,"(702.5, inf]",-1.7446851744547323
843,0,0,196.0517924,200,126,"(-inf, 1.5]",-0.5795501057798665,"(138.68, 1121.69]",0.041654227303983424,"(-inf, 250.0]",0.6610277277346917,"(-inf, 191.5]",1.1741703917563333
3028,1,26,460.9984397,700,372,"(15.5, 30.5]",0.6686743240412198,"(138.68, 1121.69]",0.041654227303983424,"(250.0, 1150.0]",0.34084726192349113,"(191.5, 450.5]",0.4745183096002622
10,0,0,563.8450517,600,461,"(-inf, 1.5]",-0.5795501057798665,"(138.68, 1121.69]",0.041654227303983424,"(250.0, 1150.0]",0.34084726192349113,"(450.5, 623.5]",0.04047982904804176
2046,0,2,55.70385413,800,960,"(1.5, 15.5]",-0.0406773138368468,"(-inf, 138.68]",0.3508536149625971,"(250.0, 1150.0]",0.34084726192349113,"(702.5, inf]",-1.7446851744547323
1933,0,3,19.54920626,700,263,"(1.5, 15.5]",-0.0406773138368468,"(-inf, 138.68]",0.3508536149625971,"(250.0, 1150.0]",0.34084726192349113,"(191.5, 450.5]",0.4745183096002622
270,0,9,245.1574023,600,148,"(1.5, 15.5]",-0.0406773138368468,"(138.68, 1121.69]",0.041654227303983424,"(250.0, 1150.0]",0.34084726192349113,"(-inf, 191.5]",1.1741703917563333
4510,1,1,124.7000479,500,25,"(-inf, 1.5]",-0.5795501057798665,"(-inf, 138.68]",0.3508536149625971,"(250.0, 1150.0]",0.34084726192349113,"(-inf, 191.5]",1.1741703917563333
1664,1,27,173.0982604,300,298,"(15.5, 30.5]",0.6686743240412198,"(138.68, 1121.69]",0.041654227303983424,"(250.0, 1150.0]",0.34084726192349113,"(191.5, 450.5]",0.4745183096002622
3115,1,17,75.25150725,500,65,"(15.5, 30.5]",0.6686743240412198,"(-inf, 138.68]",0.3508536149625971,"(250.0, 1150.0]",0.34084726192349113,"(-inf, 191.5]",1.1741703917563333
974,0,4,185.3541938,1100,547,"(1.5, 15.5]",-0.0406773138368468,"(138.68, 1121.69]",0.041654227303983424,"(250.0, 1150.0]",0.34084726192349113,"(450.5, 623.5]",0.04047982904804176
4429,0,3,224.027665,2500,944,"(1.5, 15.5]",-0.0406773138368468,"(138.68, 1121.69]",0.041654227303983424,"(1750.0, inf]",-1.264675762282789,"(702.5, inf]",-1.7446851744547323
2644,0,44,773.4521316,800,207,"(30.5, 60.5]",2.1720634895446294,"(138.68, 1121.69]",0.041654227303983424,"(250.0, 1150.0]",0.34084726192349113,"(191.5, 450.5]",0.4745183096002622
3973,0,1,90.34679148,200,324,"(-inf, 1.5]",-0.5795501057798665,"(-inf, 138.68]",0.3508536149625971,"(-inf, 250.0]",0.6610277277346917,"(191.5, 450.5]",0.4745183096002622
4348,1,1,585.834821,600,67,"(-inf, 1.5]",-0.5795501057798665,"(138.68, 1121.69]",0.041654227303983424,"(250.0, 1150.0]",0.34084726192349113,"(-inf, 191.5]",1.1741703917563333
2930,0,52,333.0174911,500,218,"(30.5, 60.5]",2.1720634895446294,"(138.68, 1121.69]",0.041654227303983424,"(250.0, 1150.0]",0.34084726192349113,"(191.5, 450.5]",0.4745183096002622
570,1,0,1402.972694,2300,127,"(-inf, 1.5]",-0.5795501057798665,"(1121.69, inf]",-1.0359899775063022,"(1750.0, inf]",-1.264675762282789,"(-inf, 191.5]",1.1741703917563333
2895,0,0,535.6923692,1400,781,"(-inf, 1.5]",-0.5795501057798665,"(138.68, 1121.69]",0.041654227303983424,"(1350.0, 1750.0]",-0.5494831152766727,"(702.5, inf]",-1.7446851744547323
4498,0,0,1144.444656,1800,776,"(-inf, 1.5]",-0.5795501057798665,"(1121.69, inf]",-1.0359899775063022,"(1750.0, inf]",-1.264675762282789,"(702.5, inf]",-1.7446851744547323
4577,1,87,136.2362316,200,46,"(60.5, inf]",4.147649406746059,"(-inf, 138.68]",0.3508536149625971,"(-inf, 250.0]",0.6610277277346917,"(-inf, 191.5]",1.1741703917563333
1208,1,1,125.8011104,300,91,"(-inf, 1.5]",-0.5795501057798665,"(-inf, 138.68]",0.3508536149625971,"(250.0, 1150.0]",0.34084726192349113,"(-inf, 191.5]",1.1741703917563333
704,0,4,108.0863906,700,401,"(1.5, 15.5]",-0.0406773138368468,"(-inf, 138.68]",0.3508536149625971,"(250.0, 1150.0]",0.34084726192349113,"(191.5, 450.5]",0.4745183096002622
3184,0,0,177.6248014,200,320,"(-inf, 1.5]",-0.5795501057798665,"(138.68, 1121.69]",0.041654227303983424,"(-inf, 250.0]",0.6610277277346917,"(191.5, 450.5]",0.4745183096002622
380,0,0,2186.286994,2200,853,"(-inf, 1.5]",-0.5795501057798665,"(1121.69, inf]",-1.0359899775063022,"(1750.0, inf]",-1.264675762282789,"(702.5, inf]",-1.7446851744547323
2983,0,11,674.6312524,1000,582,"(1.5, 15.5]",-0.0406773138368468,"(138.68, 1121.69]",0.041654227303983424,"(250.0, 1150.0]",0.34084726192349113,"(450.5, 623.5]",0.04047982904804176
2934,0,0,475.1969243,2900,802,"(-inf, 1.5]",-0.5795501057798665,"(138.68, 1121.69]",0.041654227303983424,"(1750.0, inf]",-1.264675762282789,"(702.5, inf]",-1.7446851744547323
1426,1,26,12.14390064,700,547,"(15.5, 30.5]",0.6686743240412198,"(-inf, 138.68]",0.3508536149625971,"(250.0, 1150.0]",0.34084726192349113,"(450.5, 623.5]",0.04047982904804176
500,0,9,995.1501381,1000,255,"(1.5, 15.5]",-0.0406773138368468,"(138.68, 1121.69]",0.041654227303983424,"(250.0, 1150.0]",0.34084726192349113,"(191.5, 450.5]",0.4745183096002622
2849,0,3,817.716261,900,523,"(1.5, 15.5]",-0.0406773138368468,"(138.68, 1121.69]",0.041654227303983424,"(250.0, 1150.0]",0.34084726192349113,"(450.5, 623.5]",0.04047982904804176
3510,1,1,114.3500059,300,113,"(-inf, 1.5]",-0.5795501057798665,"(-inf, 138.68]",0.3508536149625971,"(250.0, 1150.0]",0.34084726192349113,"(-inf, 191.5]",1.1741703917563333
3830,0,0,1485.662929,2200,924,"(-inf, 1.5]",-0.5795501057798665,"(1121.69, inf]",-1.0359899775063022,"(1750.0, inf]",-1.264675762282789,"(702.5, inf]",-1.7446851744547323
1472,1,0,229.5302241,600,671,"(-inf, 1.5]",-0.5795501057798665,"(138.68, 1121.69]",0.041654227303983424,"(250.0, 1150.0]",0.34084726192349113,"(623.5, 702.5]",-0.563990054998142
3772,0,3,986.4545658,1400,855,"(1.5, 15.5]",-0.0406773138368468,"(138.68, 1121.69]",0.041654227303983424,"(1350.0, 1750.0]",-0.5494831152766727,"(702.5, inf]",-1.7446851744547323
4486,0,0,1275.061775,1700,704,"(-inf, 1.5]",-0.5795501057798665,"(1121.69, inf]",-1.0359899775063022,"(1350.0, 1750.0]",-0.5494831152766727,"(702.5, inf]",-1.7446851744547323
3558,1,34,811.9534682,1100,563,"(30.5, 60.5]",2.1720634895446294,"(138.68, 1121.69]",0.041654227303983424,"(250.0, 1150.0]",0.34084726192349113,"(450.5, 623.5]",0.04047982904804176
1324,1,3,213.6967971,500,445,"(1.5, 15.5]",-0.0406773138368468,"(138.68, 1121.69]",0.041654227303983424,"(250.0, 1150.0]",0.34084726192349113,"(191.5, 450.5]",0.4745183096002622
3700,0,15,551.4544985,800,259,"(1.5, 15.5]",-0.0406773138368468,"(138.68, 1121.69]",0.041654227303983424,"(250.0, 1150.0]",0.34084726192349113,"(191.5, 450.5]",0.4745183096002622
1318,0,0,485.1084533,1500,917,"(-inf, 1.5]",-0.5795501057798665,"(138.68, 1121.69]",0.041654227303983424,"(1350.0, 1750.0]",-0.5494831152766727,"(702.5, inf]",-1.7446851744547323
4814,1,39,859.630827,1400,127,"(30.5, 60.5]",2.1720634895446294,"(138.68, 1121.69]",0.041654227303983424,"(1350.0, 1750.0]",-0.5494831152766727,"(-inf, 191.5]",1.1741703917563333
3462,0,4,358.6499995,700,584,"(1.5, 15.5]",-0.0406773138368468,"(138.68, 1121.69]",0.041654227303983424,"(250.0, 1150.0]",0.34084726192349113,"(450.5, 623.5]",0.04047982904804176
3092,0,2,806.7872461,1600,723,"(1.5, 15.5]",-0.0406773138368468,"(138.68, 1121.69]",0.041654227303983424,"(1350.0, 1750.0]",-0.5494831152766727,"(702.5, inf]",-1.7446851744547323
4388,0,0,1459.669156,1800,949,"(-inf, 1.5]",-0.5795501057798665,"(1121.69, inf]",-1.0359899775063022,"(1750.0, inf]",-1.264675762282789,"(702.5, inf]",-1.7446851744547323
1948,0,11,845.5552575,900,173,"(1.5, 15.5]",-0.0406773138368468,"(138.68, 1121.69]",0.041654227303983424,"(250.0, 1150.0]",0.34084726192349113,"(-inf, 191.5]",1.1741703917563333
4873,0,18,134.8445664,900,416,"(15.5, 30.5]",0.6686743240412198,"(-inf, 138.68]",0.3508536149625971,"(250.0, 1150.0]",0.34084726192349113,"(191.5, 450.5]",0.4745183096002622
2217,0,0,440.9588105,500,236,"(-inf, 1.5]",-0.5795501057798665,"(138.68, 1121.69]",0.041654227303983424,"(250.0, 1150.0]",0.34084726192349113,"(191.5, 450.5]",0.4745183096002622
139,0,5,35.94392726,300,203,"(1.5, 15.5]",-0.0406773138368468,"(-inf, 138.68]",0.3508536149625971,"(250.0, 1150.0]",0.34084726192349113,"(191.5, 450.5]",0.4745183096002622
978,0,3,253.9134521,1200,655,"(1.5, 15.5]",-0.0406773138368468,"(138.68, 1121.69]",0.041654227303983424,"(1150.0, 1350.0]",-0.2281076149142269,"(623.5, 702.5]",-0.563990054998142
869,0,5,109.3219239,900,455,"(1.5, 15.5]",-0.0406773138368468,"(-inf, 138.68]",0.3508536149625971,"(250.0, 1150.0]",0.34084726192349113,"(450.5, 623.5]",0.04047982904804176
4548,0,0,1487.620087,1900,929,"(-inf, 1.5]",-0.5795501057798665,"(1121.69, inf]",-1.0359899775063022,"(1750.0, inf]",-1.264675762282789,"(702.5, inf]",-1.7446851744547323
1614,1,52,611.9059361,700,198,"(30.5, 60.5]",2.1720634895446294,"(138.68, 1121.69]",0.041654227303983424,"(250.0, 1150.0]",0.34084726192349113,"(191.5, 450.5]",0.4745183096002622
1280,0,0,54.03738101,800,400,"(-inf, 1.5]",-0.5795501057798665,"(-inf, 138.68]",0.3508536149625971,"(250.0, 1150.0]",0.34084726192349113,"(191.5, 450.5]",0.4745183096002622
535,0,0,104.8863778,700,887,"(-inf, 1.5]",-0.5795501057798665,"(-inf, 138.68]",0.3508536149625971,"(250.0, 1150.0]",0.34084726192349113,"(702.5, inf]",-1.7446851744547323
2100,1,64,53.85626092,200,114,"(60.5, inf]",4.147649406746059,"(-inf, 138.68]",0.3508536149625971,"(-inf, 250.0]",0.6610277277346917,"(-inf, 191.5]",1.1741703917563333
3242,0,1,626.4104238,900,746,"(-inf, 1.5]",-0.5795501057798665,"(138.68, 1121.69]",0.041654227303983424,"(250.0, 1150.0]",0.34084726192349113,"(702.5, inf]",-1.7446851744547323
2060,0,1,727.8125015,1100,552,"(-inf, 1.5]",-0.5795501057798665,"(138.68, 1121.69]",0.041654227303983424,"(250.0, 1150.0]",0.34084726192349113,"(450.5, 623.5]",0.04047982904804176
1460,0,18,334.2274022,400,154,"(15.5, 30.5]",0.6686743240412198,"(138.68, 1121.69]",0.041654227303983424,"(250.0, 1150.0]",0.34084726192349113,"(-inf, 191.5]",1.1741703917563333
944,0,0,922.0883365,1900,923,"(-inf, 1.5]",-0.5795501057798665,"(138.68, 1121.69]",0.041654227303983424,"(1750.0, inf]",-1.264675762282789,"(702.5, inf]",-1.7446851744547323
485,1,0,368.0976388,400,238,"(-inf, 1.5]",-0.5795501057798665,"(138.68, 1121.69]",0.041654227303983424,"(250.0, 1150.0]",0.34084726192349113,"(191.5, 450.5]",0.4745183096002622
4642,0,0,430.2592687,1300,824,"(-inf, 1.5]",-0.5795501057798665,"(138.68, 1121.69]",0.041654227303983424,"(1150.0, 1350.0]",-0.2281076149142269,"(702.5, inf]",-1.7446851744547323
3903,0,2,584.961567,600,219,"(1.5, 15.5]",-0.0406773138368468,"(138.68, 1121.69]",0.041654227303983424,"(250.0, 1150.0]",0.34084726192349113,"(191.5, 450.5]",0.4745183096002622
4624,1,88,243.4592051,1100,588,"(60.5, inf]",4.147649406746059,"(138.68, 1121.69]",0.041654227303983424,"(250.0, 1150.0]",0.34084726192349113,"(450.5, 623.5]",0.04047982904804176
3710,1,0,221.1675018,1000,29,"(-inf, 1.5]",-0.5795501057798665,"(138.68, 1121.69]",0.041654227303983424,"(250.0, 1150.0]",0.34084726192349113,"(-inf, 191.5]",1.1741703917563333
4346,0,0,155.2812673,300,154,"(-inf, 1.5]",-0.5795501057798665,"(138.68, 1121.69]",0.041654227303983424,"(250.0, 1150.0]",0.34084726192349113,"(-inf, 191.5]",1.1741703917563333
3792,0,0,1270.702502,1600,967,"(-inf, 1.5]",-0.5795501057798665,"(1121.69, inf]",-1.0359899775063022,"(1350.0, 1750.0]",-0.5494831152766727,"(702.5, inf]",-1.7446851744547323
753,0,0,728.0157094,2200,878,"(-inf, 1.5]",-0.5795501057798665,"(138.68, 1121.69]",0.041654227303983424,"(1750.0, inf]",-1.264675762282789,"(702.5, inf]",-1.7446851744547323
4399,0,11,67.59771812,500,262,"(1.5, 15.5]",-0.0406773138368468,"(-inf, 138.68]",0.3508536149625971,"(250.0, 1150.0]",0.34084726192349113,"(191.5, 450.5]",0.4745183096002622
2332,1,0,222.9221494,700,263,"(-inf, 1.5]",-0.5795501057798665,"(138.68, 1121.69]",0.041654227303983424,"(250.0, 1150.0]",0.34084726192349113,"(191.5, 450.5]",0.4745183096002622
3082,0,1,588.1533253,1900,715,"(-inf, 1.5]",-0.5795501057798665,"(138.68, 1121.69]",0.041654227303983424,"(1750.0, inf]",-1.264675762282789,"(702.5, inf]",-1.7446851744547323
1905,0,24,199.6414163,1100,384,"(15.5, 30.5]",0.6686743240412198,"(138.68, 1121.69]",0.041654227303983424,"(250.0, 1150.0]",0.34084726192349113,"(191.5, 450.5]",0.4745183096002622
3673,0,29,1237.316268,1500,131,"(15.5, 30.5]",0.6686743240412198,"(1121.69, inf]",-1.0359899775063022,"(1350.0, 1750.0]",-0.5494831152766727,"(-inf, 191.5]",1.1741703917563333
3313,0,4,98.01225296,300,364,"(1.5, 15.5]",-0.0406773138368468,"(-inf, 138.68]",0.3508536149625971,"(250.0, 1150.0]",0.34084726192349113,"(191.5, 450.5]",0.4745183096002622
1922,1,3,447.3433573,600,149,"(1.5, 15.5]",-0.0406773138368468,"(138.68, 1121.69]",0.041654227303983424,"(250.0, 1150.0]",0.34084726192349113,"(-inf, 191.5]",1.1741703917563333
1219,0,0,780.1674936,2300,941,"(-inf, 1.5]",-0.5795501057798665,"(138.68, 1121.69]",0.041654227303983424,"(1750.0, inf]",-1.264675762282789,"(702.5, inf]",-1.7446851744547323
1394,1,30,87.10576641,200,131,"(15.5, 30.5]",0.6686743240412198,"(-inf, 138.68]",0.3508536149625971,"(-inf, 250.0]",0.6610277277346917,"(-inf, 191.5]",1.1741703917563333
541,1,20,246.6729247,300,362,"(15.5, 30.5]",0.6686743240412198,"(138.68, 1121.69]",0.041654227303983424,"(250.0, 1150.0]",0.34084726192349113,"(191.5, 450.5]",0.4745183096002622
1767,1,37,1168.903354,1300,643,"(30.5, 60.5]",2.1720634895446294,"(1121.69, inf]",-1.0359899775063022,"(1150.0, 1350.0]",-0.2281076149142269,"(623.5, 702.5]",-0.563990054998142
530,1,0,487.6681935,700,321,"(-inf, 1.5]",-0.5795501057798665,"(138.68, 1121.69]",0.041654227303983424,"(250.0, 1150.0]",0.34084726192349113,"(191.5, 450.5]",0.4745183096002622
4540,0,12,64.6973522,1000,262,"(1.5, 15.5]",-0.0406773138368468,"(-inf, 138.68]",0.3508536149625971,"(250.0, 1150.0]",0.34084726192349113,"(191.5, 450.5]",0.4745183096002622
1952,0,2,183.1003446,1400,591,"(1.5, 15.5]",-0.0406773138368468,"(138.68, 1121.69]",0.041654227303983424,"(1350.0, 1750.0]",-0.5494831152766727,"(450.5, 623.5]",0.04047982904804176
1464,1,5,950.7937644,1600,67,"(1.5, 15.5]",-0.0406773138368468,"(138.68, 1121.69]",0.041654227303983424,"(1350.0, 1750.0]",-0.5494831152766727,"(-inf, 191.5]",1.1741703917563333
3914,1,30,51.88424674,200,264,"(15.5, 30.5]",0.6686743240412198,"(-inf, 138.68]",0.3508536149625971,"(-inf, 250.0]",0.6610277277346917,"(191.5, 450.5]",0.4745183096002622
2517,0,9,151.866103,900,390,"(1.5, 15.5]",-0.0406773138368468,"(138.68, 1121.69]",0.041654227303983424,"(250.0, 1150.0]",0.34084726192349113,"(191.5, 450.5]",0.4745183096002622
3411,1,11,889.190417,1100,526,"(1.5, 15.5]",-0.0406773138368468,"(138.68, 1121.69]",0.041654227303983424,"(250.0, 1150.0]",0.34084726192349113,"(450.5, 623.5]",0.04047982904804176
1623,0,12,215.2856253,500,25,"(1.5, 15.5]",-0.0406773138368468,"(138.68, 1121.69]",0.041654227303983424,"(250.0, 1150.0]",0.34084726192349113,"(-inf, 191.5]",1.1741703917563333
1284,1,37,618.1454493,800,291,"(30.5, 60.5]",2.1720634895446294,"(138.68, 1121.69]",0.041654227303983424,"(250.0, 1150.0]",0.34084726192349113,"(191.5, 450.5]",0.4745183096002622
2827,1,1,486.5744534,600,85,"(-inf, 1.5]",-0.5795501057798665,"(138.68, 1121.69]",0.041654227303983424,"(250.0, 1150.0]",0.34084726192349113,"(-inf, 191.5]",1.1741703917563333
3155,1,1,244.8905447,600,46,"(-inf, 1.5]",-0.5795501057798665,"(138.68, 1121.69]",0.041654227303983424,"(250.0, 1150.0]",0.34084726192349113,"(-inf, 191.5]",1.1741703917563333
1256,1,51,304.1114377,700,355,"(30.5, 60.5]",2.1720634895446294,"(138.68, 1121.69]",0.041654227303983424,"(250.0, 1150.0]",0.34084726192349113,"(191.5, 450.5]",0.4745183096002622
1625,1,16,79.99891207,700,492,"(15.5, 30.5]",0.6686743240412198,"(-inf, 138.68]",0.3508536149625971,"(250.0, 1150.0]",0.34084726192349113,"(450.5, 623.5]",0.04047982904804176
3480,0,8,166.2558936,200,150,"(1.5, 15.5]",-0.0406773138368468,"(138.68, 1121.69]",0.041654227303983424,"(-inf, 250.0]",0.6610277277346917,"(-inf, 191.5]",1.1741703917563333
3504,0,5,655.1261349,1200,535,"(1.5, 15.5]",-0.0406773138368468,"(138.68, 1121.69]",0.041654227303983424,"(1150.0, 1350.0]",-0.2281076149142269,"(450.5, 623.5]",0.04047982904804176
2676,1,1,199.3998943,300,39,"(-inf, 1.5]",-0.5795501057798665,"(138.68, 1121.69]",0.041654227303983424,"(250.0, 1150.0]",0.34084726192349113,"(-inf, 191.5]",1.1741703917563333
1006,1,46,526.7186749,1300,469,"(30.5, 60.5]",2.1720634895446294,"(138.68, 1121.69]",0.041654227303983424,"(1150.0, 1350.0]",-0.2281076149142269,"(450.5, 623.5]",0.04047982904804176
772,0,3,432.6172193,1100,710,"(1.5, 15.5]",-0.0406773138368468,"(138.68, 1121.69]",0.041654227303983424,"(250.0, 1150.0]",0.34084726192349113,"(702.5, inf]",-1.7446851744547323
1220,1,0,8.954487467,1300,661,"(-inf, 1.5]",-0.5795501057798665,"(-inf, 138.68]",0.3508536149625971,"(1150.0, 1350.0]",-0.2281076149142269,"(623.5, 702.5]",-0.563990054998142
3472,1,0,373.4628116,600,175,"(-inf, 1.5]",-0.5795501057798665,"(138.68, 1121.69]",0.041654227303983424,"(250.0, 1150.0]",0.34084726192349113,"(-inf, 191.5]",1.1741703917563333
3144,0,1,121.5403411,700,340,"(-inf, 1.5]",-0.5795501057798665,"(-inf, 138.68]",0.3508536149625971,"(250.0, 1150.0]",0.34084726192349113,"(191.5, 450.5]",0.4745183096002622
2271,1,3,1079.462835,1300,600,"(1.5, 15.5]",-0.0406773138368468,"(138.68, 1121.69]",0.041654227303983424,"(1150.0, 1350.0]",-0.2281076149142269,"(450.5, 623.5]",0.04047982904804176
1119,1,25,286.0208042,1400,526,"(15.5, 30.5]",0.6686743240412198,"(138.68, 1121.69]",0.041654227303983424,"(1350.0, 1750.0]",-0.5494831152766727,"(450.5, 623.5]",0.04047982904804176
2755,1,42,1242.696018,2000,989,"(30.5, 60.5]",2.1720634895446294,"(1121.69, inf]",-1.0359899775063022,"(1750.0, inf]",-1.264675762282789,"(702.5, inf]",-1.7446851744547323
1231,0,0,579.2296181,2000,859,"(-inf, 1.5]",-0.5795501057798665,"(138.68, 1121.69]",0.041654227303983424,"(1750.0, inf]",-1.264675762282789,"(702.5, inf]",-1.7446851744547323
3397,0,11,75.54120171,300,18,"(1.5, 15.5]",-0.0406773138368468,"(-inf, 138.68]",0.3508536149625971,"(250.0, 1150.0]",0.34084726192349113,"(-inf, 191.5]",1.1741703917563333
3829,0,1,130.0527392,2300,921,"(-inf, 1.5]",-0.5795501057798665,"(-inf, 138.68]",0.3508536149625971,"(1750.0, inf]",-1.264675762282789,"(702.5, inf]",-1.7446851744547323
3097,0,26,73.49455089,200,109,"(15.5, 30.5]",0.6686743240412198,"(-inf, 138.68]",0.3508536149625971,"(-inf, 250.0]",0.6610277277346917,"(-inf, 191.5]",1.1741703917563333
3312,1,3,697.7579672,800,14,"(1.5, 15.5]",-0.0406773138368468,"(138.68, 1121.69]",0.041654227303983424,"(250.0, 1150.0]",0.34084726192349113,"(-inf, 191.5]",1.1741703917563333
149,0,6,353.8893588,500,468,"(1.5, 15.5]",-0.0406773138368468,"(138.68, 1121.69]",0.041654227303983424,"(250.0, 1150.0]",0.34084726192349113,"(450.5, 623.5]",0.04047982904804176
3765,1,0,268.6228725,2000,654,"(-inf, 1.5]",-0.5795501057798665,"(138.68, 1121.69]",0.041654227303983424,"(1750.0, inf]",-1.264675762282789,"(623.5, 702.5]",-0.563990054998142
2933,0,0,1016.154849,2100,915,"(-inf, 1.5]",-0.5795501057798665,"(138.68, 1121.69]",0.041654227303983424,"(1750.0, inf]",-1.264675762282789,"(702.5, inf]",-1.7446851744547323
757,0,8,166.4072585,300,26,"(1.5, 15.5]",-0.0406773138368468,"(138.68, 1121.69]",0.041654227303983424,"(250.0, 1150.0]",0.34084726192349113,"(-inf, 191.5]",1.1741703917563333
1914,0,2,143.2826443,500,8,"(1.5, 15.5]",-0.0406773138368468,"(138.68, 1121.69]",0.041654227303983424,"(250.0, 1150.0]",0.34084726192349113,"(-inf, 191.5]",1.1741703917563333
2638,0,0,1225.265078,1300,884,"(-inf, 1.5]",-0.5795501057798665,"(1121.69, inf]",-1.0359899775063022,"(1150.0, 1350.0]",-0.2281076149142269,"(702.5, inf]",-1.7446851744547323
4383,0,0,577.5766522,800,513,"(-inf, 1.5]",-0.5795501057798665,"(138.68, 1121.69]",0.041654227303983424,"(250.0, 1150.0]",0.34084726192349113,"(450.5, 623.5]",0.04047982904804176
420,0,0,167.572327,900,527,"(-inf, 1.5]",-0.5795501057798665,"(138.68, 1121.69]",0.041654227303983424,"(250.0, 1150.0]",0.34084726192349113,"(450.5, 623.5]",0.04047982904804176
4842,1,80,1258.730519,1700,653,"(60.5, inf]",4.147649406746059,"(1121.69, inf]",-1.0359899775063022,"(1350.0, 1750.0]",-0.5494831152766727,"(623.5, 702.5]",-0.563990054998142
1439,1,7,121.5916408,200,167,"(1.5, 15.5]",-0.0406773138368468,"(-inf, 138.68]",0.3508536149625971,"(-inf, 250.0]",0.6610277277346917,"(-inf, 191.5]",1.1741703917563333
4563,0,4,1768.775936,1900,822,"(1.5, 15.5]",-0.0406773138368468,"(1121.69, inf]",-1.0359899775063022,"(1750.0, inf]",-1.264675762282789,"(702.5, inf]",-1.7446851744547323
628,1,1,629.1454134,700,29,"(-inf, 1.5]",-0.5795501057798665,"(138.68, 1121.69]",0.041654227303983424,"(250.0, 1150.0]",0.34084726192349113,"(-inf, 191.5]",1.1741703917563333
4155,1,4,70.53530074,500,579,"(1.5, 15.5]",-0.0406773138368468,"(-inf, 138.68]",0.3508536149625971,"(250.0, 1150.0]",0.34084726192349113,"(450.5, 623.5]",0.04047982904804176
3073,0,0,1196.889481,1400,685,"(-inf, 1.5]",-0.5795501057798665,"(1121.69, inf]",-1.0359899775063022,"(1350.0, 1750.0]",-0.5494831152766727,"(623.5, 702.5]",-0.563990054998142
2452,1,1,577.2684652,1000,440,"(-inf, 1.5]",-0.5795501057798665,"(138.68, 1121.69]",0.041654227303983424,"(250.0, 1150.0]",0.34084726192349113,"(191.5, 450.5]",0.4745183096002622
3963,0,0,364.478672,2400,935,"(-inf, 1.5]",-0.5795501057798665,"(138.68, 1121.69]",0.041654227303983424,"(1750.0, inf]",-1.264675762282789,"(702.5, inf]",-1.7446851744547323
3627,0,9,984.5191002,1000,646,"(1.5, 15.5]",-0.0406773138368468,"(138.68, 1121.69]",0.041654227303983424,"(250.0, 1150.0]",0.34084726192349113,"(623.5, 702.5]",-0.563990054998142
4050,0,1,952.92325,1100,631,"(-inf, 1.5]",-0.5795501057798665,"(138.68, 1121.69]",0.041654227303983424,"(250.0, 1150.0]",0.34084726192349113,"(623.5, 702.5]",-0.563990054998142
4344,0,1,85.33050712,200,182,"(-inf, 1.5]",-0.5795501057798665,"(-inf, 138.68]",0.3508536149625971,"(-inf, 250.0]",0.6610277277346917,"(-inf, 191.5]",1.1741703917563333
4600,0,1,2315.880607,2400,960,"(-inf, 1.5]",-0.5795501057798665,"(1121.69, inf]",-1.0359899775063022,"(1750.0, inf]",-1.264675762282789,"(702.5, inf]",-1.7446851744547323
2256,0,0,1063.923493,1200,548,"(-inf, 1.5]",-0.5795501057798665,"(138.68, 1121.69]",0.041654227303983424,"(1150.0, 1350.0]",-0.2281076149142269,"(450.5, 623.5]",0.04047982904804176
1654,1,2,42.65601659,700,279,"(1.5, 15.5]",-0.0406773138368468,"(-inf, 138.68]",0.3508536149625971,"(250.0, 1150.0]",0.34084726192349113,"(191.5, 450.5]",0.4745183096002622
4288,1,24,65.16836696,900,71,"(15.5, 30.5]",0.6686743240412198,"(-inf, 138.68]",0.3508536149625971,"(250.0, 1150.0]",0.34084726192349113,"(-inf, 191.5]",1.1741703917563333
1183,0,2,339.6391414,900,391,"(1.5, 15.5]",-0.0406773138368468,"(138.68, 1121.69]",0.041654227303983424,"(250.0, 1150.0]",0.34084726192349113,"(191.5, 450.5]",0.4745183096002622
2938,0,9,35.03163177,1000,370,"(1.5, 15.5]",-0.0406773138368468,"(-inf, 138.68]",0.3508536149625971,"(250.0, 1150.0]",0.34084726192349113,"(191.5, 450.5]",0.4745183096002622
3126,1,54,281.6761057,900,393,"(30.5, 60.5]",2.1720634895446294,"(138.68, 1121.69]",0.041654227303983424,"(250.0, 1150.0]",0.34084726192349113,"(191.5, 450.5]",0.4745183096002622
2640,0,0,780.7844151,1400,886,"(-inf, 1.5]",-0.5795501057798665,"(138.68, 1121.69]",0.041654227303983424,"(1350.0, 1750.0]",-0.5494831152766727,"(702.5, inf]",-1.7446851744547323
3652,1,45,437.5689023,700,690,"(30.5, 60.5]",2.1720634895446294,"(138.68, 1121.69]",0.041654227303983424,"(250.0, 1150.0]",0.34084726192349113,"(623.5, 702.5]",-0.563990054998142
712,0,6,360.0824159,400,214,"(1.5, 15.5]",-0.0406773138368468,"(138.68, 1121.69]",0.041654227303983424,"(250.0, 1150.0]",0.34084726192349113,"(191.5, 450.5]",0.4745183096002622
2960,0,3,336.6692135,1100,500,"(1.5, 15.5]",-0.0406773138368468,"(138.68, 1121.69]",0.041654227303983424,"(250.0, 1150.0]",0.34084726192349113,"(450.5, 623.5]",0.04047982904804176
3529,0,3,1023.136386,1200,602,"(1.5, 15.5]",-0.0406773138368468,"(138.68, 1121.69]",0.041654227303983424,"(1150.0, 1350.0]",-0.2281076149142269,"(450.5, 623.5]",0.04047982904804176
768,1,8,537.2568172,1200,312,"(1.5, 15.5]",-0.0406773138368468,"(138.68, 1121.69]",0.041654227303983424,"(1150.0, 1350.0]",-0.2281076149142269,"(191.5, 450.5]",0.4745183096002622
439,0,0,5.202635815,700,455,"(-inf, 1.5]",-0.5795501057798665,"(-inf, 138.68]",0.3508536149625971,"(250.0, 1150.0]",0.34084726192349113,"(450.5, 623.5]",0.04047982904804176
3318,0,3,337.9854239,400,636,"(1.5, 15.5]",-0.0406773138368468,"(138.68, 1121.69]",0.041654227303983424,"(250.0, 1150.0]",0.34084726192349113,"(623.5, 702.5]",-0.563990054998142
1597,0,5,372.866848,600,448,"(1.5, 15.5]",-0.0406773138368468,"(138.68, 1121.69]",0.041654227303983424,"(250.0, 1150.0]",0.34084726192349113,"(191.5, 450.5]",0.4745183096002622
871,0,0,767.1553762,900,461,"(-inf, 1.5]",-0.5795501057798665,"(138.68, 1121.69]",0.041654227303983424,"(250.0, 1150.0]",0.34084726192349113,"(450.5, 623.5]",0.04047982904804176
3443,1,0,1650.001476,2100,856,"(-inf, 1.5]",-0.5795501057798665,"(1121.69, inf]",-1.0359899775063022,"(1750.0, inf]",-1.264675762282789,"(702.5, inf]",-1.7446851744547323
4177,0,0,360.0112623,1000,487,"(-inf, 1.5]",-0.5795501057798665,"(138.68, 1121.69]",0.041654227303983424,"(250.0, 1150.0]",0.34084726192349113,"(450.5, 623.5]",0.04047982904804176
649,0,1,744.3411171,2100,901,"(-inf, 1.5]",-0.5795501057798665,"(138.68, 1121.69]",0.041654227303983424,"(1750.0, inf]",-1.264675762282789,"(702.5, inf]",-1.7446851744547323
120,1,29,504.2984567,1200,417,"(15.5, 30.5]",0.6686743240412198,"(138.68, 1121.69]",0.041654227303983424,"(1150.0, 1350.0]",-0.2281076149142269,"(191.5, 450.5]",0.4745183096002622
444,0,2,9.999991037,400,193,"(1.5, 15.5]",-0.0406773138368468,"(-inf, 138.68]",0.3508536149625971,"(250.0, 1150.0]",0.34084726192349113,"(191.5, 450.5]",0.4745183096002622
3239,0,8,1011.991533,1500,932,"(1.5, 15.5]",-0.0406773138368468,"(138.68, 1121.69]",0.041654227303983424,"(1350.0, 1750.0]",-0.5494831152766727,"(702.5, inf]",-1.7446851744547323
1709,1,0,57.22660678,300,39,"(-inf, 1.5]",-0.5795501057798665,"(-inf, 138.68]",0.3508536149625971,"(250.0, 1150.0]",0.34084726192349113,"(-inf, 191.5]",1.1741703917563333
4950,0,0,375.6018186,1300,666,"(-inf, 1.5]",-0.5795501057798665,"(138.68, 1121.69]",0.041654227303983424,"(1150.0, 1350.0]",-0.2281076149142269,"(623.5, 702.5]",-0.563990054998142
4398,0,1,304.5501163,800,624,"(-inf, 1.5]",-0.5795501057798665,"(138.68, 1121.69]",0.041654227303983424,"(250.0, 1150.0]",0.34084726192349113,"(623.5, 702.5]",-0.563990054998142
3054,0,7,310.8051001,800,314,"(1.5, 15.5]",-0.0406773138368468,"(138.68, 1121.69]",0.041654227303983424,"(250.0, 1150.0]",0.34084726192349113,"(191.5, 450.5]",0.4745183096002622
4681,0,0,1226.44287,2600,934,"(-inf, 1.5]",-0.5795501057798665,"(1121.69, inf]",-1.0359899775063022,"(1750.0, inf]",-1.264675762282789,"(702.5, inf]",-1.7446851744547323
2192,1,80,366.5429857,400,348,"(60.5, inf]",4.147649406746059,"(138.68, 1121.69]",0.041654227303983424,"(250.0, 1150.0]",0.34084726192349113,"(191.5, 450.5]",0.4745183096002622
796,0,2,539.8806681,600,345,"(1.5, 15.5]",-0.0406773138368468,"(138.68, 1121.69]",0.041654227303983424,"(250.0, 1150.0]",0.34084726192349113,"(191.5, 450.5]",0.4745183096002622
2683,0,0,457.3148108,700,271,"(-inf, 1.5]",-0.5795501057798665,"(138.68, 1121.69]",0.041654227303983424,"(250.0, 1150.0]",0.34084726192349113,"(191.5, 450.5]",0.4745183096002622
4172,0,13,210.336425,800,388,"(1.5, 15.5]",-0.0406773138368468,"(138.68, 1121.69]",0.041654227303983424,"(250.0, 1150.0]",0.34084726192349113,"(191.5, 450.5]",0.4745183096002622
3555,1,0,664.818513,700,291,"(-inf, 1.5]",-0.5795501057798665,"(138.68, 1121.69]",0.041654227303983424,"(250.0, 1150.0]",0.34084726192349113,"(191.5, 450.5]",0.4745183096002622
4318,0,1,702.7977434,900,324,"(-inf, 1.5]",-0.5795501057798665,"(138.68, 1121.69]",0.041654227303983424,"(250.0, 1150.0]",0.34084726192349113,"(191.5, 450.5]",0.4745183096002622
2577,0,4,452.679854,800,54,"(1.5, 15.5]",-0.0406773138368468,"(138.68, 1121.69]",0.041654227303983424,"(250.0, 1150.0]",0.34084726192349113,"(-inf, 191.5]",1.1741703917563333
1123,1,1,398.0195939,1600,130,"(-inf, 1.5]",-0.5795501057798665,"(138.68, 1121.69]",0.041654227303983424,"(1350.0, 1750.0]",-0.5494831152766727,"(-inf, 191.5]",1.1741703917563333
4114,0,1,102.1322629,400,392,"(-inf, 1.5]",-0.5795501057798665,"(-inf, 138.68]",0.3508536149625971,"(250.0, 1150.0]",0.34084726192349113,"(191.5, 450.5]",0.4745183096002622
3685,0,1,387.7428812,1400,557,"(-inf, 1.5]",-0.5795501057798665,"(138.68, 1121.69]",0.041654227303983424,"(1350.0, 1750.0]",-0.5494831152766727,"(450.5, 623.5]",0.04047982904804176
2885,0,23,298.7914945,500,21,"(15.5, 30.5]",0.6686743240412198,"(138.68, 1121.69]",0.041654227303983424,"(250.0, 1150.0]",0.34084726192349113,"(-inf, 191.5]",1.1741703917563333
4203,0,2,262.8903386,700,841,"(1.5, 15.5]",-0.0406773138368468,"(138.68, 1121.69]",0.041654227303983424,"(250.0, 1150.0]",0.34084726192349113,"(702.5, inf]",-1.7446851744547323
1651,0,0,1317.510757,2000,769,"(-inf, 1.5]",-0.5795501057798665,"(1121.69, inf]",-1.0359899775063022,"(1750.0, inf]",-1.264675762282789,"(702.5, inf]",-1.7446851744547323
2560,0,6,759.6481701,1400,681,"(1.5, 15.5]",-0.0406773138368468,"(138.68, 1121.69]",0.041654227303983424,"(1350.0, 1750.0]",-0.5494831152766727,"(623.5, 702.5]",-0.563990054998142
3942,1,31,313.730426,700,104,"(30.5, 60.5]",2.1720634895446294,"(138.68, 1121.69]",0.041654227303983424,"(250.0, 1150.0]",0.34084726192349113,"(-inf, 191.5]",1.1741703917563333
4645,1,22,565.236975,700,313,"(15.5, 30.5]",0.6686743240412198,"(138.68, 1121.69]",0.041654227303983424,"(250.0, 1150.0]",0.34084726192349113,"(191.5, 450.5]",0.4745183096002622
1774,0,0,236.5947183,500,439,"(-inf, 1.5]",-0.5795501057798665,"(138.68, 1121.69]",0.041654227303983424,"(250.0, 1150.0]",0.34084726192349113,"(191.5, 450.5]",0.4745183096002622
898,0,0,412.5570292,1200,674,"(-inf, 1.5]",-0.5795501057798665,"(138.68, 1121.69]",0.041654227303983424,"(1150.0, 1350.0]",-0.2281076149142269,"(623.5, 702.5]",-0.563990054998142
3734,0,39,389.7028326,900,694,"(30.5, 60.5]",2.1720634895446294,"(138.68, 1121.69]",0.041654227303983424,"(250.0, 1150.0]",0.34084726192349113,"(623.5, 702.5]",-0.563990054998142
945,0,1,389.495046,1300,923,"(-inf, 1.5]",-0.5795501057798665,"(138.68, 1121.69]",0.041654227303983424,"(1150.0, 1350.0]",-0.2281076149142269,"(702.5, inf]",-1.7446851744547323
357,0,1,320.3202212,1500,649,"(-inf, 1.5]",-0.5795501057798665,"(138.68, 1121.69]",0.041654227303983424,"(1350.0, 1750.0]",-0.5494831152766727,"(623.5, 702.5]",-0.563990054998142
2995,0,10,529.4177661,1500,625,"(1.5, 15.5]",-0.0406773138368468,"(138.68, 1121.69]",0.041654227303983424,"(1350.0, 1750.0]",-0.5494831152766727,"(623.5, 702.5]",-0.563990054998142
3257,1,87,1627.913062,2000,710,"(60.5, inf]",4.147649406746059,"(1121.69, inf]",-1.0359899775063022,"(1750.0, inf]",-1.264675762282789,"(702.5, inf]",-1.7446851744547323
1420,0,0,541.0479651,1900,686,"(-inf, 1.5]",-0.5795501057798665,"(138.68, 1121.69]",0.041654227303983424,"(1750.0, inf]",-1.264675762282789,"(623.5, 702.5]",-0.563990054998142
1071,0,8,1967.509174,2000,871,"(1.5, 15.5]",-0.0406773138368468,"(1121.69, inf]",-1.0359899775063022,"(1750.0, inf]",-1.264675762282789,"(702.5, inf]",-1.7446851744547323
2968,0,4,1356.944936,1900,896,"(1.5, 15.5]",-0.0406773138368468,"(1121.69, inf]",-1.0359899775063022,"(1750.0, inf]",-1.264675762282789,"(702.5, inf]",-1.7446851744547323
1715,1,2,1366.936915,1600,678,"(1.5, 15.5]",-0.0406773138368468,"(1121.69, inf]",-1.0359899775063022,"(1350.0, 1750.0]",-0.5494831152766727,"(623.5, 702.5]",-0.563990054998142
2625,1,5,1091.294727,1800,560,"(1.5, 15.5]",-0.0406773138368468,"(138.68, 1121.69]",0.041654227303983424,"(1750.0, inf]",-1.264675762282789,"(450.5, 623.5]",0.04047982904804176
3925,0,0,1091.640769,1100,446,"(-inf, 1.5]",-0.5795501057798665,"(138.68, 1121.69]",0.041654227303983424,"(250.0, 1150.0]",0.34084726192349113,"(191.5, 450.5]",0.4745183096002622
3426,0,0,1096.577753,1100,685,"(-inf, 1.5]",-0.5795501057798665,"(138.68, 1121.69]",0.041654227303983424,"(250.0, 1150.0]",0.34084726192349113,"(623.5, 702.5]",-0.563990054998142
4640,1,3,756.1419752,1100,575,"(1.5, 15.5]",-0.0406773138368468,"(138.68, 1121.69]",0.041654227303983424,"(250.0, 1150.0]",0.34084726192349113,"(450.5, 623.5]",0.04047982904804176
2179,0,3,155.8232096,1100,453,"(1.5, 15.5]",-0.0406773138368468,"(138.68, 1121.69]",0.041654227303983424,"(250.0, 1150.0]",0.34084726192349113,"(450.5, 623.5]",0.04047982904804176
4885,0,3,320.8927119,700,21,"(1.5, 15.5]",-0.0406773138368468,"(138.68, 1121.69]",0.041654227303983424,"(250.0, 1150.0]",0.34084726192349113,"(-inf, 191.5]",1.1741703917563333
1720,0,6,889.6766347,900,708,"(1.5, 15.5]",-0.0406773138368468,"(138.68, 1121.69]",0.041654227303983424,"(250.0, 1150.0]",0.34084726192349113,"(702.5, inf]",-1.7446851744547323
2614,0,9,62.14032702,200,170,"(1.5, 15.5]",-0.0406773138368468,"(-inf, 138.68]",0.3508536149625971,"(-inf, 250.0]",0.6610277277346917,"(-inf, 191.5]",1.1741703917563333
2388,1,3,349.4969649,400,400,"(1.5, 15.5]",-0.0406773138368468,"(138.68, 1121.69]",0.041654227303983424,"(250.0, 1150.0]",0.34084726192349113,"(191.5, 450.5]",0.4745183096002622
3118,0,2,341.8536004,1000,262,"(1.5, 15.5]",-0.0406773138368468,"(138.68, 1121.69]",0.041654227303983424,"(250.0, 1150.0]",0.34084726192349113,"(191.5, 450.5]",0.4745183096002622
3228,0,1,1615.103076,1800,700,"(-inf, 1.5]",-0.5795501057798665,"(1121.69, inf]",-1.0359899775063022,"(1750.0, inf]",-1.264675762282789,"(623.5, 702.5]",-0.563990054998142
2254,1,29,366.790104,400,440,"(15.5, 30.5]",0.6686743240412198,"(138.68, 1121.69]",0.041654227303983424,"(250.0, 1150.0]",0.34084726192349113,"(191.5, 450.5]",0.4745183096002622
3290,0,2,1350.244102,2200,988,"(1.5, 15.5]",-0.0406773138368468,"(1121.69, inf]",-1.0359899775063022,"(1750.0, inf]",-1.264675762282789,"(702.5, inf]",-1.7446851744547323
4737,0,34,631.2885631,800,588,"(30.5, 60.5]",2.1720634895446294,"(138.68, 1121.69]",0.041654227303983424,"(250.0, 1150.0]",0.34084726192349113,"(450.5, 623.5]",0.04047982904804176
4253,0,0,643.7640749,2300,951,"(-inf, 1.5]",-0.5795501057798665,"(138.68, 1121.69]",0.041654227303983424,"(1750.0, inf]",-1.264675762282789,"(702.5, inf]",-1.7446851744547323
3537,0,1,223.1262571,1000,575,"(-inf, 1.5]",-0.5795501057798665,"(138.68, 1121.69]",0.041654227303983424,"(250.0, 1150.0]",0.34084726192349113,"(450.5, 623.5]",0.04047982904804176
2894,0,15,755.8343237,1000,458,"(1.5, 15.5]",-0.0406773138368468,"(138.68, 1121.69]",0.041654227303983424,"(250.0, 1150.0]",0.34084726192349113,"(450.5, 623.5]",0.04047982904804176
3694,0,11,443.6119931,2300,873,"(1.5, 15.5]",-0.0406773138368468,"(138.68, 1121.69]",0.041654227303983424,"(1750.0, inf]",-1.264675762282789,"(702.5, inf]",-1.7446851744547323
1766,0,0,643.2655314,800,460,"(-inf, 1.5]",-0.5795501057798665,"(138.68, 1121.69]",0.041654227303983424,"(250.0, 1150.0]",0.34084726192349113,"(450.5, 623.5]",0.04047982904804176
4466,1,6,1490.855481,1600,557,"(1.5, 15.5]",-0.0406773138368468,"(1121.69, inf]",-1.0359899775063022,"(1350.0, 1750.0]",-0.5494831152766727,"(450.5, 623.5]",0.04047982904804176
3319,1,43,1364.244589,1500,520,"(30.5, 60.5]",2.1720634895446294,"(1121.69, inf]",-1.0359899775063022,"(1350.0, 1750.0]",-0.5494831152766727,"(450.5, 623.5]",0.04047982904804176
2418,0,0,376.6522981,1200,465,"(-inf, 1.5]",-0.5795501057798665,"(138.68, 1121.69]",0.041654227303983424,"(1150.0, 1350.0]",-0.2281076149142269,"(450.5, 623.5]",0.04047982904804176
613,0,5,405.0991589,1100,839,"(1.5, 15.5]",-0.0406773138368468,"(138.68, 1121.69]",0.041654227303983424,"(250.0, 1150.0]",0.34084726192349113,"(702.5, inf]",-1.7446851744547323
1547,0,0,203.8006592,1800,843,"(-inf, 1.5]",-0.5795501057798665,"(138.68, 1121.69]",0.041654227303983424,"(1750.0, inf]",-1.264675762282789,"(702.5, inf]",-1.7446851744547323
4279,1,0,496.9816654,600,477,"(-inf, 1.5]",-0.5795501057798665,"(138.68, 1121.69]",0.041654227303983424,"(250.0, 1150.0]",0.34084726192349113,"(450.5, 623.5]",0.04047982904804176
3523,1,1,460.5101807,1000,685,"(-inf, 1.5]",-0.5795501057798665,"(138.68, 1121.69]",0.041654227303983424,"(250.0, 1150.0]",0.34084726192349113,"(623.5, 702.5]",-0.563990054998142
3865,1,0,224.7052237,1000,585,"(-inf, 1.5]",-0.5795501057798665,"(138.68, 1121.69]",0.041654227303983424,"(250.0, 1150.0]",0.34084726192349113,"(450.5, 623.5]",0.04047982904804176
592,0,6,1077.16324,1800,827,"(1.5, 15.5]",-0.0406773138368468,"(138.68, 1121.69]",0.041654227303983424,"(1750.0, inf]",-1.264675762282789,"(702.5, inf]",-1.7446851744547323
3005,0,0,1619.184737,1800,938,"(-inf, 1.5]",-0.5795501057798665,"(1121.69, inf]",-1.0359899775063022,"(1750.0, inf]",-1.264675762282789,"(702.5, inf]",-1.7446851744547323
543,1,3,934.6161862,1700,206,"(1.5, 15.5]",-0.0406773138368468,"(138.68, 1121.69]",0.041654227303983424,"(1350.0, 1750.0]",-0.5494831152766727,"(191.5, 450.5]",0.4745183096002622
1140,1,12,594.6643156,800,8,"(1.5, 15.5]",-0.0406773138368468,"(138.68, 1121.69]",0.041654227303983424,"(250.0, 1150.0]",0.34084726192349113,"(-inf, 191.5]",1.1741703917563333
1749,0,14,77.65424477,1000,797,"(1.5, 15.5]",-0.0406773138368468,"(-inf, 138.68]",0.3508536149625971,"(250.0, 1150.0]",0.34084726192349113,"(702.5, inf]",-1.7446851744547323
1066,0,7,855.2857647,2400,818,"(1.5, 15.5]",-0.0406773138368468,"(138.68, 1121.69]",0.041654227303983424,"(1750.0, inf]",-1.264675762282789,"(702.5, inf]",-1.7446851744547323
2032,1,5,308.6728379,500,188,"(1.5, 15.5]",-0.0406773138368468,"(138.68, 1121.69]",0.041654227303983424,"(250.0, 1150.0]",0.34084726192349113,"(-inf, 191.5]",1.1741703917563333
1213,1,4,417.9846638,1100,560,"(1.5, 15.5]",-0.0406773138368468,"(138.68, 1121.69]",0.041654227303983424,"(250.0, 1150.0]",0.34084726192349113,"(450.5, 623.5]",0.04047982904804176
2994,0,0,550.4206115,1100,845,"(-inf, 1.5]",-0.5795501057798665,"(138.68, 1121.69]",0.041654227303983424,"(250.0, 1150.0]",0.34084726192349113,"(702.5, inf]",-1.7446851744547323
122,0,3,9.067258306,400,238,"(1.5, 15.5]",-0.0406773138368468,"(-inf, 138.68]",0.3508536149625971,"(250.0, 1150.0]",0.34084726192349113,"(191.5, 450.5]",0.4745183096002622
782,0,1,1254.367927,1900,720,"(-inf, 1.5]",-0.5795501057798665,"(1121.69, inf]",-1.0359899775063022,"(1750.0, inf]",-1.264675762282789,"(702.5, inf]",-1.7446851744547323
4813,0,3,10.6343056,900,194,"(1.5, 15.5]",-0.0406773138368468,"(-inf, 138.68]",0.3508536149625971,"(250.0, 1150.0]",0.34084726192349113,"(191.5, 450.5]",0.4745183096002622
3868,0,11,114.0727992,1100,700,"(1.5, 15.5]",-0.0406773138368468,"(-inf, 138.68]",0.3508536149625971,"(250.0, 1150.0]",0.34084726192349113,"(623.5, 702.5]",-0.563990054998142
876,0,1,421.5166511,1700,599,"(-inf, 1.5]",-0.5795501057798665,"(138.68, 1121.69]",0.041654227303983424,"(1350.0, 1750.0]",-0.5494831152766727,"(450.5, 623.5]",0.04047982904804176
125,0,0,935.8664362,1000,770,"(-inf, 1.5]",-0.5795501057798665,"(138.68, 1121.69]",0.041654227303983424,"(250.0, 1150.0]",0.34084726192349113,"(702.5, inf]",-1.7446851744547323
4786,0,30,41.40260157,200,16,"(15.5, 30.5]",0.6686743240412198,"(-inf, 138.68]",0.3508536149625971,"(-inf, 250.0]",0.6610277277346917,"(-inf, 191.5]",1.1741703917563333
4749,0,2,468.7531199,1900,711,"(1.5, 15.5]",-0.0406773138368468,"(138.68, 1121.69]",0.041654227303983424,"(1750.0, inf]",-1.264675762282789,"(702.5, inf]",-1.7446851744547323
669,0,0,965.9087513,1500,925,"(-inf, 1.5]",-0.5795501057798665,"(138.68, 1121.69]",0.041654227303983424,"(1350.0, 1750.0]",-0.5494831152766727,"(702.5, inf]",-1.7446851744547323
4596,0,15,355.0891272,400,51,"(1.5, 15.5]",-0.0406773138368468,"(138.68, 1121.69]",0.041654227303983424,"(250.0, 1150.0]",0.34084726192349113,"(-inf, 191.5]",1.1741703917563333
4354,0,0,1147.011469,1900,894,"(-inf, 1.5]",-0.5795501057798665,"(1121.69, inf]",-1.0359899775063022,"(1750.0, inf]",-1.264675762282789,"(702.5, inf]",-1.7446851744547323
1045,0,13,85.84171623,200,177,"(1.5, 15.5]",-0.0406773138368468,"(-inf, 138.68]",0.3508536149625971,"(-inf, 250.0]",0.6610277277346917,"(-inf, 191.5]",1.1741703917563333
924,0,8,606.9300503,1800,913,"(1.5, 15.5]",-0.0406773138368468,"(138.68, 1121.69]",0.041654227303983424,"(1750.0, inf]",-1.264675762282789,"(702.5, inf]",-1.7446851744547323
5,0,0,847.9289451,1800,890,"(-inf, 1.5]",-0.5795501057798665,"(138.68, 1121.69]",0.041654227303983424,"(1750.0, inf]",-1.264675762282789,"(702.5, inf]",-1.7446851744547323
3219,1,0,58.34813148,900,251,"(-inf, 1.5]",-0.5795501057798665,"(-inf, 138.68]",0.3508536149625971,"(250.0, 1150.0]",0.34084726192349113,"(191.5, 450.5]",0.4745183096002622
3296,1,44,986.7863237,1100,568,"(30.5, 60.5]",2.1720634895446294,"(138.68, 1121.69]",0.041654227303983424,"(250.0, 1150.0]",0.34084726192349113,"(450.5, 623.5]",0.04047982904804176
2806,0,1,2082.551179,2400,702,"(-inf, 1.5]",-0.5795501057798665,"(1121.69, inf]",-1.0359899775063022,"(1750.0, inf]",-1.264675762282789,"(623.5, 702.5]",-0.563990054998142
2627,0,0,900.9104676,1000,573,"(-inf, 1.5]",-0.5795501057798665,"(138.68, 1121.69]",0.041654227303983424,"(250.0, 1150.0]",0.34084726192349113,"(450.5, 623.5]",0.04047982904804176
4053,0,0,164.1087491,200,49,"(-inf, 1.5]",-0.5795501057798665,"(138.68, 1121.69]",0.041654227303983424,"(-inf, 250.0]",0.6610277277346917,"(-inf, 191.5]",1.1741703917563333
1803,0,2,1251.931517,1300,608,"(1.5, 15.5]",-0.0406773138368468,"(1121.69, inf]",-1.0359899775063022,"(1150.0, 1350.0]",-0.2281076149142269,"(450.5, 623.5]",0.04047982904804176
1211,1,3,141.8762468,1900,630,"(1.5, 15.5]",-0.0406773138368468,"(138.68, 1121.69]",0.041654227303983424,"(1750.0, inf]",-1.264675762282789,"(623.5, 702.5]",-0.563990054998142
3437,0,1,319.5416236,600,345,"(-inf, 1.5]",-0.5795501057798665,"(138.68, 1121.69]",0.041654227303983424,"(250.0, 1150.0]",0.34084726192349113,"(191.5, 450.5]",0.4745183096002622
607,0,0,396.4555124,1700,894,"(-inf, 1.5]",-0.5795501057798665,"(138.68, 1121.69]",0.041654227303983424,"(1350.0, 1750.0]",-0.5494831152766727,"(702.5, inf]",-1.7446851744547323
3966,0,0,171.7097507,900,211,"(-inf, 1.5]",-0.5795501057798665,"(138.68, 1121.69]",0.041654227303983424,"(250.0, 1150.0]",0.34084726192349113,"(191.5, 450.5]",0.4745183096002622
3931,0,6,191.5504942,200,190,"(1.5, 15.5]",-0.0406773138368468,"(138.68, 1121.69]",0.041654227303983424,"(-inf, 250.0]",0.6610277277346917,"(-inf, 191.5]",1.1741703917563333
4358,1,71,91.16574145,500,205,"(60.5, inf]",4.147649406746059,"(-inf, 138.68]",0.3508536149625971,"(250.0, 1150.0]",0.34084726192349113,"(191.5, 450.5]",0.4745183096002622
900,0,3,133.4741338,800,237,"(1.5, 15.5]",-0.0406773138368468,"(-inf, 138.68]",0.3508536149625971,"(250.0, 1150.0]",0.34084726192349113,"(191.5, 450.5]",0.4745183096002622
2085,0,3,196.5978776,1300,785,"(1.5, 15.5]",-0.0406773138368468,"(138.68, 1121.69]",0.041654227303983424,"(1150.0, 1350.0]",-0.2281076149142269,"(702.5, inf]",-1.7446851744547323
2925,0,1,990.6241315,1500,777,"(-inf, 1.5]",-0.5795501057798665,"(138.68, 1121.69]",0.041654227303983424,"(1350.0, 1750.0]",-0.5494831152766727,"(702.5, inf]",-1.7446851744547323
1230,0,1,1404.364045,1900,976,"(-inf, 1.5]",-0.5795501057798665,"(1121.69, inf]",-1.0359899775063022,"(1750.0, inf]",-1.264675762282789,"(702.5, inf]",-1.7446851744547323
1025,0,0,641.9065184,900,451,"(-inf, 1.5]",-0.5795501057798665,"(138.68, 1121.69]",0.041654227303983424,"(250.0, 1150.0]",0.34084726192349113,"(450.5, 623.5]",0.04047982904804176
2847,0,0,588.1380153,1600,699,"(-inf, 1.5]",-0.5795501057798665,"(138.68, 1121.69]",0.041654227303983424,"(1350.0, 1750.0]",-0.5494831152766727,"(623.5, 702.5]",-0.563990054998142
4046,0,1,429.375566,2400,800,"(-inf, 1.5]",-0.5795501057798665,"(138.68, 1121.69]",0.041654227303983424,"(1750.0, inf]",-1.264675762282789,"(702.5, inf]",-1.7446851744547323
2496,0,16,235.5259455,1100,632,"(15.5, 30.5]",0.6686743240412198,"(138.68, 1121.69]",0.041654227303983424,"(250.0, 1150.0]",0.34084726192349113,"(623.5, 702.5]",-0.563990054998142
4326,0,1,178.3338079,1200,842,"(-inf, 1.5]",-0.5795501057798665,"(138.68, 1121.69]",0.041654227303983424,"(1150.0, 1350.0]",-0.2281076149142269,"(702.5, inf]",-1.7446851744547323
4343,0,3,747.5834011,1600,807,"(1.5, 15.5]",-0.0406773138368468,"(138.68, 1121.69]",0.041654227303983424,"(1350.0, 1750.0]",-0.5494831152766727,"(702.5, inf]",-1.7446851744547323
3109,1,31,1793.390054,2400,907,"(30.5, 60.5]",2.1720634895446294,"(1121.69, inf]",-1.0359899775063022,"(1750.0, inf]",-1.264675762282789,"(702.5, inf]",-1.7446851744547323
555,0,0,1329.493261,1400,886,"(-inf, 1.5]",-0.5795501057798665,"(1121.69, inf]",-1.0359899775063022,"(1350.0, 1750.0]",-0.5494831152766727,"(702.5, inf]",-1.7446851744547323
2589,0,0,1601.470911,1900,933,"(-inf, 1.5]",-0.5795501057798665,"(1121.69, inf]",-1.0359899775063022,"(1750.0, inf]",-1.264675762282789,"(702.5, inf]",-1.7446851744547323
1937,0,1,1533.815597,1800,999,"(-inf, 1.5]",-0.5795501057798665,"(1121.69, inf]",-1.0359899775063022,"(1750.0, inf]",-1.264675762282789,"(702.5, inf]",-1.7446851744547323
568,0,0,748.124957,800,537,"(-inf, 1.5]",-0.5795501057798665,"(138.68, 1121.69]",0.041654227303983424,"(250.0, 1150.0]",0.34084726192349113,"(450.5, 623.5]",0.04047982904804176
2958,1,36,105.7528608,700,277,"(30.5, 60.5]",2.1720634895446294,"(-inf, 138.68]",0.3508536149625971,"(250.0, 1150.0]",0.34084726192349113,"(191.5, 450.5]",0.4745183096002622
4569,1,11,888.0311394,1300,68,"(1.5, 15.5]",-0.0406773138368468,"(138.68, 1121.69]",0.041654227303983424,"(1150.0, 1350.0]",-0.2281076149142269,"(-inf, 191.5]",1.1741703917563333
3349,0,7,59.08044489,200,166,"(1.5, 15.5]",-0.0406773138368468,"(-inf, 138.68]",0.3508536149625971,"(-inf, 250.0]",0.6610277277346917,"(-inf, 191.5]",1.1741703917563333
828,0,2,437.0921584,700,492,"(1.5, 15.5]",-0.0406773138368468,"(138.68, 1121.69]",0.041654227303983424,"(250.0, 1150.0]",0.34084726192349113,"(450.5, 623.5]",0.04047982904804176
4266,0,14,718.6080223,900,329,"(1.5, 15.5]",-0.0406773138368468,"(138.68, 1121.69]",0.041654227303983424,"(250.0, 1150.0]",0.34084726192349113,"(191.5, 450.5]",0.4745183096002622
1485,0,1,754.6756275,2000,699,"(-inf, 1.5]",-0.5795501057798665,"(138.68, 1121.69]",0.041654227303983424,"(1750.0, inf]",-1.264675762282789,"(623.5, 702.5]",-0.563990054998142
2674,0,0,1040.047978,2700,948,"(-inf, 1.5]",-0.5795501057798665,"(138.68, 1121.69]",0.041654227303983424,"(1750.0, inf]",-1.264675762282789,"(702.5, inf]",-1.7446851744547323
160,0,3,1264.467863,1500,839,"(1.5, 15.5]",-0.0406773138368468,"(1121.69, inf]",-1.0359899775063022,"(1350.0, 1750.0]",-0.5494831152766727,"(702.5, inf]",-1.7446851744547323
3173,0,2,920.1557084,1500,636,"(1.5, 15.5]",-0.0406773138368468,"(138.68, 1121.69]",0.041654227303983424,"(1350.0, 1750.0]",-0.5494831152766727,"(623.5, 702.5]",-0.563990054998142
1773,1,8,33.73958182,200,71,"(1.5, 15.5]",-0.0406773138368468,"(-inf, 138.68]",0.3508536149625971,"(-inf, 250.0]",0.6610277277346917,"(-inf, 191.5]",1.1741703917563333
3059,1,2,113.4168972,500,256,"(1.5, 15.5]",-0.0406773138368468,"(-inf, 138.68]",0.3508536149625971,"(250.0, 1150.0]",0.34084726192349113,"(191.5, 450.5]",0.4745183096002622
4949,0,0,1906.200858,2300,855,"(-inf, 1.5]",-0.5795501057798665,"(1121.69, inf]",-1.0359899775063022,"(1750.0, inf]",-1.264675762282789,"(702.5, inf]",-1.7446851744547323
4062,0,0,183.7072086,1700,839,"(-inf, 1.5]",-0.5795501057798665,"(138.68, 1121.69]",0.041654227303983424,"(1350.0, 1750.0]",-0.5494831152766727,"(702.5, inf]",-1.7446851744547323
2880,0,23,121.566218,200,27,"(15.5, 30.5]",0.6686743240412198,"(-inf, 138.68]",0.3508536149625971,"(-inf, 250.0]",0.6610277277346917,"(-inf, 191.5]",1.1741703917563333
1995,0,2,1174.540959,1700,779,"(1.5, 15.5]",-0.0406773138368468,"(1121.69, inf]",-1.0359899775063022,"(1350.0, 1750.0]",-0.5494831152766727,"(702.5, inf]",-1.7446851744547323
602,1,12,105.2421985,300,77,"(1.5, 15.5]",-0.0406773138368468,"(-inf, 138.68]",0.3508536149625971,"(250.0, 1150.0]",0.34084726192349113,"(-inf, 191.5]",1.1741703917563333
1911,1,48,13.99918262,400,132,"(30.5, 60.5]",2.1720634895446294,"(-inf, 138.68]",0.3508536149625971,"(250.0, 1150.0]",0.34084726192349113,"(-inf, 191.5]",1.1741703917563333
2174,1,5,271.4416681,800,266,"(1.5, 15.5]",-0.0406773138368468,"(138.68, 1121.69]",0.041654227303983424,"(250.0, 1150.0]",0.34084726192349113,"(191.5, 450.5]",0.4745183096002622
133,1,14,1121.50218,1800,526,"(1.5, 15.5]",-0.0406773138368468,"(138.68, 1121.69]",0.041654227303983424,"(1750.0, inf]",-1.264675762282789,"(450.5, 623.5]",0.04047982904804176
3577,0,0,40.85435045,500,219,"(-inf, 1.5]",-0.5795501057798665,"(-inf, 138.68]",0.3508536149625971,"(250.0, 1150.0]",0.34084726192349113,"(191.5, 450.5]",0.4745183096002622
3507,0,5,290.9841369,400,277,"(1.5, 15.5]",-0.0406773138368468,"(138.68, 1121.69]",0.041654227303983424,"(250.0, 1150.0]",0.34084726192349113,"(191.5, 450.5]",0.4745183096002622
4987,1,66,22.11200768,1300,316,"(60.5, inf]",4.147649406746059,"(-inf, 138.68]",0.3508536149625971,"(1150.0, 1350.0]",-0.2281076149142269,"(191.5, 450.5]",0.4745183096002622
3135,1,28,1197.098584,1700,987,"(15.5, 30.5]",0.6686743240412198,"(1121.69, inf]",-1.0359899775063022,"(1350.0, 1750.0]",-0.5494831152766727,"(702.5, inf]",-1.7446851744547323
1034,0,18,379.1262143,1000,312,"(15.5, 30.5]",0.6686743240412198,"(138.68, 1121.69]",0.041654227303983424,"(250.0, 1150.0]",0.34084726192349113,"(191.5, 450.5]",0.4745183096002622
2424,0,1,1363.209349,2000,885,"(-inf, 1.5]",-0.5795501057798665,"(1121.69, inf]",-1.0359899775063022,"(1750.0, inf]",-1.264675762282789,"(702.5, inf]",-1.7446851744547323
200,0,0,287.8787069,1500,821,"(-inf, 1.5]",-0.5795501057798665,"(138.68, 1121.69]",0.041654227303983424,"(1350.0, 1750.0]",-0.5494831152766727,"(702.5, inf]",-1.7446851744547323
1201,0,0,1076.930777,2100,951,"(-inf, 1.5]",-0.5795501057798665,"(138.68, 1121.69]",0.041654227303983424,"(1750.0, inf]",-1.264675762282789,"(702.5, inf]",-1.7446851744547323
737,0,5,1261.787348,2200,821,"(1.5, 15.5]",-0.0406773138368468,"(1121.69, inf]",-1.0359899775063022,"(1750.0, inf]",-1.264675762282789,"(702.5, inf]",-1.7446851744547323
4787,0,1,161.5886823,300,476,"(-inf, 1.5]",-0.5795501057798665,"(138.68, 1121.69]",0.041654227303983424,"(250.0, 1150.0]",0.34084726192349113,"(450.5, 623.5]",0.04047982904804176
639,0,2,543.8186664,1500,826,"(1.5, 15.5]",-0.0406773138368468,"(138.68, 1121.69]",0.041654227303983424,"(1350.0, 1750.0]",-0.5494831152766727,"(702.5, inf]",-1.7446851744547323
4495,0,5,104.2958509,800,207,"(1.5, 15.5]",-0.0406773138368468,"(-inf, 138.68]",0.3508536149625971,"(250.0, 1150.0]",0.34084726192349113,"(191.5, 450.5]",0.4745183096002622
321,0,7,991.1794563,1400,879,"(1.5, 15.5]",-0.0406773138368468,"(138.68, 1121.69]",0.041654227303983424,"(1350.0, 1750.0]",-0.5494831152766727,"(702.5, inf]",-1.7446851744547323
3606,0,1,371.0896071,800,568,"(-inf, 1.5]",-0.5795501057798665,"(138.68, 1121.69]",0.041654227303983424,"(250.0, 1150.0]",0.34084726192349113,"(450.5, 623.5]",0.04047982904804176
4827,0,4,822.9630945,900,779,"(1.5, 15.5]",-0.0406773138368468,"(138.68, 1121.69]",0.041654227303983424,"(250.0, 1150.0]",0.34084726192349113,"(702.5, inf]",-1.7446851744547323
1117,0,19,33.08942843,200,194,"(15.5, 30.5]",0.6686743240412198,"(-inf, 138.68]",0.3508536149625971,"(-inf, 250.0]",0.6610277277346917,"(191.5, 450.5]",0.4745183096002622
2702,1,0,74.77185731,700,593,"(-inf, 1.5]",-0.5795501057798665,"(-inf, 138.68]",0.3508536149625971,"(250.0, 1150.0]",0.34084726192349113,"(450.5, 623.5]",0.04047982904804176
4995,0,0,861.8110437,1600,843,"(-inf, 1.5]",-0.5795501057798665,"(138.68, 1121.69]",0.041654227303983424,"(1350.0, 1750.0]",-0.5494831152766727,"(702.5, inf]",-1.7446851744547323
1126,0,19,341.7246854,600,85,"(15.5, 30.5]",0.6686743240412198,"(138.68, 1121.69]",0.041654227303983424,"(250.0, 1150.0]",0.34084726192349113,"(-inf, 191.5]",1.1741703917563333
2661,1,40,136.6881911,200,133,"(30.5, 60.5]",2.1720634895446294,"(-inf, 138.68]",0.3508536149625971,"(-inf, 250.0]",0.6610277277346917,"(-inf, 191.5]",1.1741703917563333
2322,0,1,170.6603284,600,320,"(-inf, 1.5]",-0.5795501057798665,"(138.68, 1121.69]",0.041654227303983424,"(250.0, 1150.0]",0.34084726192349113,"(191.5, 450.5]",0.4745183096002622
1311,1,0,237.2555521,500,2,"(-inf, 1.5]",-0.5795501057798665,"(138.68, 1121.69]",0.041654227303983424,"(250.0, 1150.0]",0.34084726192349113,"(-inf, 191.5]",1.1741703917563333
18,0,44,210.0255027,1700,768,"(30.5, 60.5]",2.1720634895446294,"(138.68, 1121.69]",0.041654227303983424,"(1350.0, 1750.0]",-0.5494831152766727,"(702.5, inf]",-1.7446851744547323
3292,0,12,1359.964311,1800,916,"(1.5, 15.5]",-0.0406773138368468,"(1121.69, inf]",-1.0359899775063022,"(1750.0, inf]",-1.264675762282789,"(702.5, inf]",-1.7446851744547323
861,1,3,421.4695775,1300,436,"(1.5, 15.5]",-0.0406773138368468,"(138.68, 1121.69]",0.041654227303983424,"(1150.0, 1350.0]",-0.2281076149142269,"(191.5, 450.5]",0.4745183096002622
3237,1,7,939.1577391,1000,360,"(1.5, 15.5]",-0.0406773138368468,"(138.68, 1121.69]",0.041654227303983424,"(250.0, 1150.0]",0.34084726192349113,"(191.5, 450.5]",0.4745183096002622
1012,0,0,1449.414956,2300,988,"(-inf, 1.5]",-0.5795501057798665,"(1121.69, inf]",-1.0359899775063022,"(1750.0, inf]",-1.264675762282789,"(702.5, inf]",-1.7446851744547323
239,0,7,143.9317012,700,396,"(1.5, 15.5]",-0.0406773138368468,"(138.68, 1121.69]",0.041654227303983424,"(250.0, 1150.0]",0.34084726192349113,"(191.5, 450.5]",0.4745183096002622
3535,0,13,438.2705457,800,471,"(1.5, 15.5]",-0.0406773138368468,"(138.68, 1121.69]",0.041654227303983424,"(250.0, 1150.0]",0.34084726192349113,"(450.5, 623.5]",0.04047982904804176
2621,0,0,65.90792596,1500,957,"(-inf, 1.5]",-0.5795501057798665,"(-inf, 138.68]",0.3508536149625971,"(1350.0, 1750.0]",-0.5494831152766727,"(702.5, inf]",-1.7446851744547323
595,0,22,1.313002146,1100,505,"(15.5, 30.5]",0.6686743240412198,"(-inf, 138.68]",0.3508536149625971,"(250.0, 1150.0]",0.34084726192349113,"(450.5, 623.5]",0.04047982904804176
3623,1,3,566.4571828,700,456,"(1.5, 15.5]",-0.0406773138368468,"(138.68, 1121.69]",0.041654227303983424,"(250.0, 1150.0]",0.34084726192349113,"(450.5, 623.5]",0.04047982904804176
1780,0,30,470.599715,800,289,"(15.5, 30.5]",0.6686743240412198,"(138.68, 1121.69]",0.041654227303983424,"(250.0, 1150.0]",0.34084726192349113,"(191.5, 450.5]",0.4745183096002622
1102,1,54,106.1363132,200,81,"(30.5, 60.5]",2.1720634895446294,"(-inf, 138.68]",0.3508536149625971,"(-inf, 250.0]",0.6610277277346917,"(-inf, 191.5]",1.1741703917563333
3633,1,62,563.9878089,900,477,"(60.5, inf]",4.147649406746059,"(138.68, 1121.69]",0.041654227303983424,"(250.0, 1150.0]",0.34084726192349113,"(450.5, 623.5]",0.04047982904804176
1007,0,0,382.4350454,1300,759,"(-inf, 1.5]",-0.5795501057798665,"(138.68, 1121.69]",0.041654227303983424,"(1150.0, 1350.0]",-0.2281076149142269,"(702.5, inf]",-1.7446851744547323
2882,1,5,116.6886156,200,76,"(1.5, 15.5]",-0.0406773138368468,"(-inf, 138.68]",0.3508536149625971,"(-inf, 250.0]",0.6610277277346917,"(-inf, 191.5]",1.1741703917563333
4907,0,12,389.8519176,500,11,"(1.5, 15.5]",-0.0406773138368468,"(138.68, 1121.69]",0.041654227303983424,"(250.0, 1150.0]",0.34084726192349113,"(-inf, 191.5]",1.1741703917563333
4830,0,2,660.1509991,700,291,"(1.5, 15.5]",-0.0406773138368468,"(138.68, 1121.69]",0.041654227303983424,"(250.0, 1150.0]",0.34084726192349113,"(191.5, 450.5]",0.4745183096002622
1285,1,35,458.9244353,1000,671,"(30.5, 60.5]",2.1720634895446294,"(138.68, 1121.69]",0.041654227303983424,"(250.0, 1150.0]",0.34084726192349113,"(623.5, 702.5]",-0.563990054998142
1609,0,0,128.7200708,200,128,"(-inf, 1.5]",-0.5795501057798665,"(-inf, 138.68]",0.3508536149625971,"(-inf, 250.0]",0.6610277277346917,"(-inf, 191.5]",1.1741703917563333
4190,1,1,22.87534313,600,24,"(-inf, 1.5]",-0.5795501057798665,"(-inf, 138.68]",0.3508536149625971,"(250.0, 1150.0]",0.34084726192349113,"(-inf, 191.5]",1.1741703917563333
1370,0,15,185.4650958,300,106,"(1.5, 15.5]",-0.0406773138368468,"(138.68, 1121.69]",0.041654227303983424,"(250.0, 1150.0]",0.34084726192349113,"(-inf, 191.5]",1.1741703917563333
4894,0,0,1083.701699,2100,773,"(-inf, 1.5]",-0.5795501057798665,"(138.68, 1121.69]",0.041654227303983424,"(1750.0, inf]",-1.264675762282789,"(702.5, inf]",-1.7446851744547323
166,0,5,5.420240954,200,23,"(1.5, 15.5]",-0.0406773138368468,"(-inf, 138.68]",0.3508536149625971,"(-inf, 250.0]",0.6610277277346917,"(-inf, 191.5]",1.1741703917563333
4276,0,3,887.907434,1500,753,"(1.5, 15.5]",-0.0406773138368468,"(138.68, 1121.69]",0.041654227303983424,"(1350.0, 1750.0]",-0.5494831152766727,"(702.5, inf]",-1.7446851744547323
1009,1,41,150.7989992,800,496,"(30.5, 60.5]",2.1720634895446294,"(138.68, 1121.69]",0.041654227303983424,"(250.0, 1150.0]",0.34084726192349113,"(450.5, 623.5]",0.04047982904804176
3989,0,1,1425.45413,2500,821,"(-inf, 1.5]",-0.5795501057798665,"(1121.69, inf]",-1.0359899775063022,"(1750.0, inf]",-1.264675762282789,"(702.5, inf]",-1.7446851744547323
3409,0,2,870.4360885,1200,652,"(1.5, 15.5]",-0.0406773138368468,"(138.68, 1121.69]",0.041654227303983424,"(1150.0, 1350.0]",-0.2281076149142269,"(623.5, 702.5]",-0.563990054998142
3026,1,0,311.0473709,1600,741,"(-inf, 1.5]",-0.5795501057798665,"(138.68, 1121.69]",0.041654227303983424,"(1350.0, 1750.0]",-0.5494831152766727,"(702.5, inf]",-1.7446851744547323
3975,0,0,1254.070205,1300,835,"(-inf, 1.5]",-0.5795501057798665,"(1121.69, inf]",-1.0359899775063022,"(1150.0, 1350.0]",-0.2281076149142269,"(702.5, inf]",-1.7446851744547323
4671,1,15,43.15320062,500,141,"(1.5, 15.5]",-0.0406773138368468,"(-inf, 138.68]",0.3508536149625971,"(250.0, 1150.0]",0.34084726192349113,"(-inf, 191.5]",1.1741703917563333
3120,0,0,551.4694711,800,365,"(-inf, 1.5]",-0.5795501057798665,"(138.68, 1121.69]",0.041654227303983424,"(250.0, 1150.0]",0.34084726192349113,"(191.5, 450.5]",0.4745183096002622
2317,0,11,480.6150793,800,657,"(1.5, 15.5]",-0.0406773138368468,"(138.68, 1121.69]",0.041654227303983424,"(250.0, 1150.0]",0.34084726192349113,"(623.5, 702.5]",-0.563990054998142
104,0,4,26.1888044,200,37,"(1.5, 15.5]",-0.0406773138368468,"(-inf, 138.68]",0.3508536149625971,"(-inf, 250.0]",0.6610277277346917,"(-inf, 191.5]",1.1741703917563333
2694,1,9,56.50814057,1000,348,"(1.5, 15.5]",-0.0406773138368468,"(-inf, 138.68]",0.3508536149625971,"(250.0, 1150.0]",0.34084726192349113,"(191.5, 450.5]",0.4745183096002622
3357,1,49,253.0049781,1000,239,"(30.5, 60.5]",2.1720634895446294,"(138.68, 1121.69]",0.041654227303983424,"(250.0, 1150.0]",0.34084726192349113,"(191.5, 450.5]",0.4745183096002622
268,0,0,813.7915715,900,572,"(-inf, 1.5]",-0.5795501057798665,"(138.68, 1121.69]",0.041654227303983424,"(250.0, 1150.0]",0.34084726192349113,"(450.5, 623.5]",0.04047982904804176
4126,1,4,792.1201603,2400,804,"(1.5, 15.5]",-0.0406773138368468,"(138.68, 1121.69]",0.041654227303983424,"(1750.0, inf]",-1.264675762282789,"(702.5, inf]",-1.7446851744547323
4414,0,0,506.6112455,900,527,"(-inf, 1.5]",-0.5795501057798665,"(138.68, 1121.69]",0.041654227303983424,"(250.0, 1150.0]",0.34084726192349113,"(450.5, 623.5]",0.04047982904804176
1522,1,0,511.6401345,800,297,"(-inf, 1.5]",-0.5795501057798665,"(138.68, 1121.69]",0.041654227303983424,"(250.0, 1150.0]",0.34084726192349113,"(191.5, 450.5]",0.4745183096002622
1733,0,7,782.5428027,1500,541,"(1.5, 15.5]",-0.0406773138368468,"(138.68, 1121.69]",0.041654227303983424,"(1350.0, 1750.0]",-0.5494831152766727,"(450.5, 623.5]",0.04047982904804176
4194,0,0,1391.00334,1700,978,"(-inf, 1.5]",-0.5795501057798665,"(1121.69, inf]",-1.0359899775063022,"(1350.0, 1750.0]",-0.5494831152766727,"(702.5, inf]",-1.7446851744547323
1783,0,2,209.6056682,900,707,"(1.5, 15.5]",-0.0406773138368468,"(138.68, 1121.69]",0.041654227303983424,"(250.0, 1150.0]",0.34084726192349113,"(702.5, inf]",-1.7446851744547323
3365,1,40,161.4860248,1300,580,"(30.5, 60.5]",2.1720634895446294,"(138.68, 1121.69]",0.041654227303983424,"(1150.0, 1350.0]",-0.2281076149142269,"(450.5, 623.5]",0.04047982904804176
4741,0,14,1036.027245,1100,658,"(1.5, 15.5]",-0.0406773138368468,"(138.68, 1121.69]",0.041654227303983424,"(250.0, 1150.0]",0.34084726192349113,"(623.5, 702.5]",-0.563990054998142
1217,0,0,95.99897851,2400,992,"(-inf, 1.5]",-0.5795501057798665,"(-inf, 138.68]",0.3508536149625971,"(1750.0, inf]",-1.264675762282789,"(702.5, inf]",-1.7446851744547323
2378,1,67,124.4845704,1800,119,"(60.5, inf]",4.147649406746059,"(-inf, 138.68]",0.3508536149625971,"(1750.0, inf]",-1.264675762282789,"(-inf, 191.5]",1.1741703917563333
1769,0,0,184.0947455,1200,584,"(-inf, 1.5]",-0.5795501057798665,"(138.68, 1121.69]",0.041654227303983424,"(1150.0, 1350.0]",-0.2281076149142269,"(450.5, 623.5]",0.04047982904804176
3344,0,1,1139.48219,1500,572,"(-inf, 1.5]",-0.5795501057798665,"(1121.69, inf]",-1.0359899775063022,"(1350.0, 1750.0]",-0.5494831152766727,"(450.5, 623.5]",0.04047982904804176
2164,1,43,134.2168405,200,195,"(30.5, 60.5]",2.1720634895446294,"(-inf, 138.68]",0.3508536149625971,"(-inf, 250.0]",0.6610277277346917,"(191.5, 450.5]",0.4745183096002622
4299,1,61,165.6265035,1000,505,"(60.5, inf]",4.147649406746059,"(138.68, 1121.69]",0.041654227303983424,"(250.0, 1150.0]",0.34084726192349113,"(450.5, 623.5]",0.04047982904804176
3280,0,2,149.7571314,800,87,"(1.5, 15.5]",-0.0406773138368468,"(138.68, 1121.69]",0.041654227303983424,"(250.0, 1150.0]",0.34084726192349113,"(-inf, 191.5]",1.1741703917563333
3918,0,3,746.1659079,900,224,"(1.5, 15.5]",-0.0406773138368468,"(138.68, 1121.69]",0.041654227303983424,"(250.0, 1150.0]",0.34084726192349113,"(191.5, 450.5]",0.4745183096002622
2157,1,82,8.716210253,200,117,"(60.5, inf]",4.147649406746059,"(-inf, 138.68]",0.3508536149625971,"(-inf, 250.0]",0.6610277277346917,"(-inf, 191.5]",1.1741703917563333
3836,0,2,151.0804277,900,603,"(1.5, 15.5]",-0.0406773138368468,"(138.68, 1121.69]",0.041654227303983424,"(250.0, 1150.0]",0.34084726192349113,"(450.5, 623.5]",0.04047982904804176
4928,0,12,565.4572489,1300,704,"(1.5, 15.5]",-0.0406773138368468,"(138.68, 1121.69]",0.041654227303983424,"(1150.0, 1350.0]",-0.2281076149142269,"(702.5, inf]",-1.7446851744547323
656,0,0,860.3727612,1100,780,"(-inf, 1.5]",-0.5795501057798665,"(138.68, 1121.69]",0.041654227303983424,"(250.0, 1150.0]",0.34084726192349113,"(702.5, inf]",-1.7446851744547323
278,1,0,86.59250243,400,301,"(-inf, 1.5]",-0.5795501057798665,"(-inf, 138.68]",0.3508536149625971,"(250.0, 1150.0]",0.34084726192349113,"(191.5, 450.5]",0.4745183096002622
3551,0,1,1408.34453,1800,837,"(-inf, 1.5]",-0.5795501057798665,"(1121.69, inf]",-1.0359899775063022,"(1750.0, inf]",-1.264675762282789,"(702.5, inf]",-1.7446851744547323
4270,0,2,752.2239926,2000,841,"(1.5, 15.5]",-0.0406773138368468,"(138.68, 1121.69]",0.041654227303983424,"(1750.0, inf]",-1.264675762282789,"(702.5, inf]",-1.7446851744547323
1897,0,0,319.9007744,1500,621,"(-inf, 1.5]",-0.5795501057798665,"(138.68, 1121.69]",0.041654227303983424,"(1350.0, 1750.0]",-0.5494831152766727,"(450.5, 623.5]",0.04047982904804176
4993,0,13,201.2205894,300,204,"(1.5, 15.5]",-0.0406773138368468,"(138.68, 1121.69]",0.041654227303983424,"(250.0, 1150.0]",0.34084726192349113,"(191.5, 450.5]",0.4745183096002622
2516,0,0,96.52209771,200,52,"(-inf, 1.5]",-0.5795501057798665,"(-inf, 138.68]",0.3508536149625971,"(-inf, 250.0]",0.6610277277346917,"(-inf, 191.5]",1.1741703917563333
2061,0,13,268.4385442,400,7,"(1.5, 15.5]",-0.0406773138368468,"(138.68, 1121.69]",0.041654227303983424,"(250.0, 1150.0]",0.34084726192349113,"(-inf, 191.5]",1.1741703917563333
3136,0,23,941.8342794,1100,538,"(15.5, 30.5]",0.6686743240412198,"(138.68, 1121.69]",0.041654227303983424,"(250.0, 1150.0]",0.34084726192349113,"(450.5, 623.5]",0.04047982904804176
519,1,72,688.4766579,1400,680,"(60.5, inf]",4.147649406746059,"(138.68, 1121.69]",0.041654227303983424,"(1350.0, 1750.0]",-0.5494831152766727,"(623.5, 702.5]",-0.563990054998142
1939,1,1,628.1731355,900,574,"(-inf, 1.5]",-0.5795501057798665,"(138.68, 1121.69]",0.041654227303983424,"(250.0, 1150.0]",0.34084726192349113,"(450.5, 623.5]",0.04047982904804176
1824,1,0,540.3341129,800,60,"(-inf, 1.5]",-0.5795501057798665,"(138.68, 1121.69]",0.041654227303983424,"(250.0, 1150.0]",0.34084726192349113,"(-inf, 191.5]",1.1741703917563333
3070,0,0,930.0636422,1200,501,"(-inf, 1.5]",-0.5795501057798665,"(138.68, 1121.69]",0.041654227303983424,"(1150.0, 1350.0]",-0.2281076149142269,"(450.5, 623.5]",0.04047982904804176
3394,0,2,487.2988938,2400,921,"(1.5, 15.5]",-0.0406773138368468,"(138.68, 1121.69]",0.041654227303983424,"(1750.0, inf]",-1.264675762282789,"(702.5, inf]",-1.7446851744547323
152,1,47,1715.899957,2300,643,"(30.5, 60.5]",2.1720634895446294,"(1121.69, inf]",-1.0359899775063022,"(1750.0, inf]",-1.264675762282789,"(623.5, 702.5]",-0.563990054998142
2090,0,31,78.63594578,700,233,"(30.5, 60.5]",2.1720634895446294,"(-inf, 138.68]",0.3508536149625971,"(250.0, 1150.0]",0.34084726192349113,"(191.5, 450.5]",0.4745183096002622
1443,0,0,277.9717787,800,364,"(-inf, 1.5]",-0.5795501057798665,"(138.68, 1121.69]",0.041654227303983424,"(250.0, 1150.0]",0.34084726192349113,"(191.5, 450.5]",0.4745183096002622
2963,0,0,612.5022553,1200,828,"(-inf, 1.5]",-0.5795501057798665,"(138.68, 1121.69]",0.041654227303983424,"(1150.0, 1350.0]",-0.2281076149142269,"(702.5, inf]",-1.7446851744547323
696,0,3,272.4704392,500,293,"(1.5, 15.5]",-0.0406773138368468,"(138.68, 1121.69]",0.041654227303983424,"(250.0, 1150.0]",0.34084726192349113,"(191.5, 450.5]",0.4745183096002622
1889,0,0,993.4459072,1300,630,"(-inf, 1.5]",-0.5795501057798665,"(138.68, 1121.69]",0.041654227303983424,"(1150.0, 1350.0]",-0.2281076149142269,"(623.5, 702.5]",-0.563990054998142
2647,0,10,1034.107788,1500,526,"(1.5, 15.5]",-0.0406773138368468,"(138.68, 1121.69]",0.041654227303983424,"(1350.0, 1750.0]",-0.5494831152766727,"(450.5, 623.5]",0.04047982904804176
3580,0,0,2257.197712,2300,998,"(-inf, 1.5]",-0.5795501057798665,"(1121.69, inf]",-1.0359899775063022,"(1750.0, inf]",-1.264675762282789,"(702.5, inf]",-1.7446851744547323
4502,0,0,25.3465772,1300,990,"(-inf, 1.5]",-0.5795501057798665,"(-inf, 138.68]",0.3508536149625971,"(1150.0, 1350.0]",-0.2281076149142269,"(702.5, inf]",-1.7446851744547323
1210,0,1,814.3584836,1000,751,"(-inf, 1.5]",-0.5795501057798665,"(138.68, 1121.69]",0.041654227303983424,"(250.0, 1150.0]",0.34084726192349113,"(702.5, inf]",-1.7446851744547323
3449,1,40,130.0517066,300,32,"(30.5, 60.5]",2.1720634895446294,"(-inf, 138.68]",0.3508536149625971,"(250.0, 1150.0]",0.34084726192349113,"(-inf, 191.5]",1.1741703917563333
641,0,0,1208.217444,1600,755,"(-inf, 1.5]",-0.5795501057798665,"(1121.69, inf]",-1.0359899775063022,"(1350.0, 1750.0]",-0.5494831152766727,"(702.5, inf]",-1.7446851744547323
3770,0,3,58.38284205,200,75,"(1.5, 15.5]",-0.0406773138368468,"(-inf, 138.68]",0.3508536149625971,"(-inf, 250.0]",0.6610277277346917,"(-inf, 191.5]",1.1741703917563333
2031,0,2,367.7772483,400,200,"(1.5, 15.5]",-0.0406773138368468,"(138.68, 1121.69]",0.041654227303983424,"(250.0, 1150.0]",0.34084726192349113,"(191.5, 450.5]",0.4745183096002622
207,0,0,1380.527143,1600,750,"(-inf, 1.5]",-0.5795501057798665,"(1121.69, inf]",-1.0359899775063022,"(1350.0, 1750.0]",-0.5494831152766727,"(702.5, inf]",-1.7446851744547323
3090,0,3,72.53589296,200,17,"(1.5, 15.5]",-0.0406773138368468,"(-inf, 138.68]",0.3508536149625971,"(-inf, 250.0]",0.6610277277346917,"(-inf, 191.5]",1.1741703917563333
2453,1,2,835.7658004,1400,786,"(1.5, 15.5]",-0.0406773138368468,"(138.68, 1121.69]",0.041654227303983424,"(1350.0, 1750.0]",-0.5494831152766727,"(702.5, inf]",-1.7446851744547323
4622,0,0,1968.253572,2200,861,"(-inf, 1.5]",-0.5795501057798665,"(1121.69, inf]",-1.0359899775063022,"(1750.0, inf]",-1.264675762282789,"(702.5, inf]",-1.7446851744547323
809,0,0,1078.09021,1400,752,"(-inf, 1.5]",-0.5795501057798665,"(138.68, 1121.69]",0.041654227303983424,"(1350.0, 1750.0]",-0.5494831152766727,"(702.5, inf]",-1.7446851744547323
4738,0,0,2152.805737,2400,740,"(-inf, 1.5]",-0.5795501057798665,"(1121.69, inf]",-1.0359899775063022,"(1750.0, inf]",-1.264675762282789,"(702.5, inf]",-1.7446851744547323
4433,0,49,273.8753901,400,187,"(30.5, 60.5]",2.1720634895446294,"(138.68, 1121.69]",0.041654227303983424,"(250.0, 1150.0]",0.34084726192349113,"(-inf, 191.5]",1.1741703917563333
3430,0,0,156.4313655,1200,671,"(-inf, 1.5]",-0.5795501057798665,"(138.68, 1121.69]",0.041654227303983424,"(1150.0, 1350.0]",-0.2281076149142269,"(623.5, 702.5]",-0.563990054998142
212,0,0,315.9139602,800,440,"(-inf, 1.5]",-0.5795501057798665,"(138.68, 1121.69]",0.041654227303983424,"(250.0, 1150.0]",0.34084726192349113,"(191.5, 450.5]",0.4745183096002622
3698,0,5,442.2466631,700,439,"(1.5, 15.5]",-0.0406773138368468,"(138.68, 1121.69]",0.041654227303983424,"(250.0, 1150.0]",0.34084726192349113,"(191.5, 450.5]",0.4745183096002622
1823,0,9,88.49187248,200,98,"(1.5, 15.5]",-0.0406773138368468,"(-inf, 138.68]",0.3508536149625971,"(-inf, 250.0]",0.6610277277346917,"(-inf, 191.5]",1.1741703917563333
2928,0,0,389.2517999,1200,561,"(-inf, 1.5]",-0.5795501057798665,"(138.68, 1121.69]",0.041654227303983424,"(1150.0, 1350.0]",-0.2281076149142269,"(450.5, 623.5]",0.04047982904804176
1795,0,0,992.0110276,1000,889,"(-inf, 1.5]",-0.5795501057798665,"(138.68, 1121.69]",0.041654227303983424,"(250.0, 1150.0]",0.34084726192349113,"(702.5, inf]",-1.7446851744547323
3661,1,0,121.1111025,500,340,"(-inf, 1.5]",-0.5795501057798665,"(-inf, 138.68]",0.3508536149625971,"(250.0, 1150.0]",0.34084726192349113,"(191.5, 450.5]",0.4745183096002622
901,1,26,73.25872422,400,325,"(15.5, 30.5]",0.6686743240412198,"(-inf, 138.68]",0.3508536149625971,"(250.0, 1150.0]",0.34084726192349113,"(191.5, 450.5]",0.4745183096002622
4307,0,3,104.1651251,2300,990,"(1.5, 15.5]",-0.0406773138368468,"(-inf, 138.68]",0.3508536149625971,"(1750.0, inf]",-1.264675762282789,"(702.5, inf]",-1.7446851744547323
2275,0,20,210.4790259,500,220,"(15.5, 30.5]",0.6686743240412198,"(138.68, 1121.69]",0.041654227303983424,"(250.0, 1150.0]",0.34084726192349113,"(191.5, 450.5]",0.4745183096002622
736,1,2,215.0016032,700,308,"(1.5, 15.5]",-0.0406773138368468,"(138.68, 1121.69]",0.041654227303983424,"(250.0, 1150.0]",0.34084726192349113,"(191.5, 450.5]",0.4745183096002622
4947,0,6,212.1578724,2000,833,"(1.5, 15.5]",-0.0406773138368468,"(138.68, 1121.69]",0.041654227303983424,"(1750.0, inf]",-1.264675762282789,"(702.5, inf]",-1.7446851744547323
3163,1,20,104.9055868,800,364,"(15.5, 30.5]",0.6686743240412198,"(-inf, 138.68]",0.3508536149625971,"(250.0, 1150.0]",0.34084726192349113,"(191.5, 450.5]",0.4745183096002622
3889,1,50,114.4530405,200,28,"(30.5, 60.5]",2.1720634895446294,"(-inf, 138.68]",0.3508536149625971,"(-inf, 250.0]",0.6610277277346917,"(-inf, 191.5]",1.1741703917563333
1721,1,0,1014.060579,1700,615,"(-inf, 1.5]",-0.5795501057798665,"(138.68, 1121.69]",0.041654227303983424,"(1350.0, 1750.0]",-0.5494831152766727,"(450.5, 623.5]",0.04047982904804176
3644,0,11,177.2480414,200,129,"(1.5, 15.5]",-0.0406773138368468,"(138.68, 1121.69]",0.041654227303983424,"(-inf, 250.0]",0.6610277277346917,"(-inf, 191.5]",1.1741703917563333
3769,0,16,79.00818283,800,32,"(15.5, 30.5]",0.6686743240412198,"(-inf, 138.68]",0.3508536149625971,"(250.0, 1150.0]",0.34084726192349113,"(-inf, 191.5]",1.1741703917563333
1359,0,0,278.6824433,800,729,"(-inf, 1.5]",-0.5795501057798665,"(138.68, 1121.69]",0.041654227303983424,"(250.0, 1150.0]",0.34084726192349113,"(702.5, inf]",-1.7446851744547323
1949,1,0,972.4112804,1600,173,"(-inf, 1.5]",-0.5795501057798665,"(138.68, 1121.69]",0.041654227303983424,"(1350.0, 1750.0]",-0.5494831152766727,"(-inf, 191.5]",1.1741703917563333
3960,0,1,3.260815971,1100,41,"(-inf, 1.5]",-0.5795501057798665,"(-inf, 138.68]",0.3508536149625971,"(250.0, 1150.0]",0.34084726192349113,"(-inf, 191.5]",1.1741703917563333
3483,0,22,69.86230541,200,3,"(15.5, 30.5]",0.6686743240412198,"(-inf, 138.68]",0.3508536149625971,"(-inf, 250.0]",0.6610277277346917,"(-inf, 191.5]",1.1741703917563333
4915,1,30,462.4576732,900,546,"(15.5, 30.5]",0.6686743240412198,"(138.68, 1121.69]",0.041654227303983424,"(250.0, 1150.0]",0.34084726192349113,"(450.5, 623.5]",0.04047982904804176
3938,0,0,631.72717,1600,719,"(-inf, 1.5]",-0.5795501057798665,"(138.68, 1121.69]",0.041654227303983424,"(1350.0, 1750.0]",-0.5494831152766727,"(702.5, inf]",-1.7446851744547323
3632,0,0,1545.932683,1700,701,"(-inf, 1.5]",-0.5795501057798665,"(1121.69, inf]",-1.0359899775063022,"(1350.0, 1750.0]",-0.5494831152766727,"(623.5, 702.5]",-0.563990054998142
2102,0,0,593.4170536,1000,764,"(-inf, 1.5]",-0.5795501057798665,"(138.68, 1121.69]",0.041654227303983424,"(250.0, 1150.0]",0.34084726192349113,"(702.5, inf]",-1.7446851744547323
700,0,0,154.8156929,200,644,"(-inf, 1.5]",-0.5795501057798665,"(138.68, 1121.69]",0.041654227303983424,"(-inf, 250.0]",0.6610277277346917,"(623.5, 702.5]",-0.563990054998142
3944,1,10,111.1090775,1000,250,"(1.5, 15.5]",-0.0406773138368468,"(-inf, 138.68]",0.3508536149625971,"(250.0, 1150.0]",0.34084726192349113,"(191.5, 450.5]",0.4745183096002622
4647,0,30,126.755297,700,395,"(15.5, 30.5]",0.6686743240412198,"(-inf, 138.68]",0.3508536149625971,"(250.0, 1150.0]",0.34084726192349113,"(191.5, 450.5]",0.4745183096002622
749,0,0,444.0213807,2600,926,"(-inf, 1.5]",-0.5795501057798665,"(138.68, 1121.69]",0.041654227303983424,"(1750.0, inf]",-1.264675762282789,"(702.5, inf]",-1.7446851744547323
1350,0,1,1521.407195,1900,714,"(-inf, 1.5]",-0.5795501057798665,"(1121.69, inf]",-1.0359899775063022,"(1750.0, inf]",-1.264675762282789,"(702.5, inf]",-1.7446851744547323
2821,0,4,176.6628462,200,119,"(1.5, 15.5]",-0.0406773138368468,"(138.68, 1121.69]",0.041654227303983424,"(-inf, 250.0]",0.6610277277346917,"(-inf, 191.5]",1.1741703917563333
4236,1,0,618.6553996,1100,322,"(-inf, 1.5]",-0.5795501057798665,"(138.68, 1121.69]",0.041654227303983424,"(250.0, 1150.0]",0.34084726192349113,"(191.5, 450.5]",0.4745183096002622
1376,0,0,1190.404184,2000,867,"(-inf, 1.5]",-0.5795501057798665,"(1121.69, inf]",-1.0359899775063022,"(1750.0, inf]",-1.264675762282789,"(702.5, inf]",-1.7446851744547323
2358,0,0,818.2191802,1700,857,"(-inf, 1.5]",-0.5795501057798665,"(138.68, 1121.69]",0.041654227303983424,"(1350.0, 1750.0]",-0.5494831152766727,"(702.5, inf]",-1.7446851744547323
3481,1,1,307.3171685,400,34,"(-inf, 1.5]",-0.5795501057798665,"(138.68, 1121.69]",0.041654227303983424,"(250.0, 1150.0]",0.34084726192349113,"(-inf, 191.5]",1.1741703917563333
2145,0,10,510.2334927,2100,904,"(1.5, 15.5]",-0.0406773138368468,"(138.68, 1121.69]",0.041654227303983424,"(1750.0, inf]",-1.264675762282789,"(702.5, inf]",-1.7446851744547323
1611,1,2,154.8507335,800,331,"(1.5, 15.5]",-0.0406773138368468,"(138.68, 1121.69]",0.041654227303983424,"(250.0, 1150.0]",0.34084726192349113,"(191.5, 450.5]",0.4745183096002622
1748,0,1,767.0724971,2300,947,"(-inf, 1.5]",-0.5795501057798665,"(138.68, 1121.69]",0.041654227303983424,"(1750.0, inf]",-1.264675762282789,"(702.5, inf]",-1.7446851744547323
4935,0,0,4.26548966,2500,928,"(-inf, 1.5]",-0.5795501057798665,"(-inf, 138.68]",0.3508536149625971,"(1750.0, inf]",-1.264675762282789,"(702.5, inf]",-1.7446851744547323
4953,0,2,136.1664221,200,68,"(1.5, 15.5]",-0.0406773138368468,"(-inf, 138.68]",0.3508536149625971,"(-inf, 250.0]",0.6610277277346917,"(-inf, 191.5]",1.1741703917563333
3819,1,1,19.40249239,400,255,"(-inf, 1.5]",-0.5795501057798665,"(-inf, 138.68]",0.3508536149625971,"(250.0, 1150.0]",0.34084726192349113,"(191.5, 450.5]",0.4745183096002622
2839,1,0,573.5058287,600,232,"(-inf, 1.5]",-0.5795501057798665,"(138.68, 1121.69]",0.041654227303983424,"(250.0, 1150.0]",0.34084726192349113,"(191.5, 450.5]",0.4745183096002622
3229,0,4,71.37235855,200,181,"(1.5, 15.5]",-0.0406773138368468,"(-inf, 138.68]",0.3508536149625971,"(-inf, 250.0]",0.6610277277346917,"(-inf, 191.5]",1.1741703917563333
1680,1,2,815.3580278,2300,823,"(1.5, 15.5]",-0.0406773138368468,"(138.68, 1121.69]",0.041654227303983424,"(1750.0, inf]",-1.264675762282789,"(702.5, inf]",-1.7446851744547323
2876,1,17,388.262834,1900,621,"(15.5, 30.5]",0.6686743240412198,"(138.68, 1121.69]",0.041654227303983424,"(1750.0, inf]",-1.264675762282789,"(450.5, 623.5]",0.04047982904804176
2764,1,39,837.4682947,2100,818,"(30.5, 60.5]",2.1720634895446294,"(138.68, 1121.69]",0.041654227303983424,"(1750.0, inf]",-1.264675762282789,"(702.5, inf]",-1.7446851744547323
3330,0,0,922.3354948,1200,731,"(-inf, 1.5]",-0.5795501057798665,"(138.68, 1121.69]",0.041654227303983424,"(1150.0, 1350.0]",-0.2281076149142269,"(702.5, inf]",-1.7446851744547323
3493,0,2,287.9539169,900,255,"(1.5, 15.5]",-0.0406773138368468,"(138.68, 1121.69]",0.041654227303983424,"(250.0, 1150.0]",0.34084726192349113,"(191.5, 450.5]",0.4745183096002622
1810,0,1,367.9128581,800,423,"(-inf, 1.5]",-0.5795501057798665,"(138.68, 1121.69]",0.041654227303983424,"(250.0, 1150.0]",0.34084726192349113,"(191.5, 450.5]",0.4745183096002622
1116,0,0,427.0858527,2400,905,"(-inf, 1.5]",-0.5795501057798665,"(138.68, 1121.69]",0.041654227303983424,"(1750.0, inf]",-1.264675762282789,"(702.5, inf]",-1.7446851744547323
3417,0,9,1246.294929,1300,653,"(1.5, 15.5]",-0.0406773138368468,"(1121.69, inf]",-1.0359899775063022,"(1150.0, 1350.0]",-0.2281076149142269,"(623.5, 702.5]",-0.563990054998142
1765,1,81,195.6759881,300,37,"(60.5, inf]",4.147649406746059,"(138.68, 1121.69]",0.041654227303983424,"(250.0, 1150.0]",0.34084726192349113,"(-inf, 191.5]",1.1741703917563333
1849,0,0,733.2763487,800,212,"(-inf, 1.5]",-0.5795501057798665,"(138.68, 1121.69]",0.041654227303983424,"(250.0, 1150.0]",0.34084726192349113,"(191.5, 450.5]",0.4745183096002622
4405,0,2,12.3119559,200,170,"(1.5, 15.5]",-0.0406773138368468,"(-inf, 138.68]",0.3508536149625971,"(-inf, 250.0]",0.6610277277346917,"(-inf, 191.5]",1.1741703917563333
596,0,0,93.66727807,200,265,"(-inf, 1.5]",-0.5795501057798665,"(-inf, 138.68]",0.3508536149625971,"(-inf, 250.0]",0.6610277277346917,"(191.5, 450.5]",0.4745183096002622
2942,0,0,1839.545999,2300,871,"(-inf, 1.5]",-0.5795501057798665,"(1121.69, inf]",-1.0359899775063022,"(1750.0, inf]",-1.264675762282789,"(702.5, inf]",-1.7446851744547323
910,1,2,391.8605479,600,57,"(1.5, 15.5]",-0.0406773138368468,"(138.68, 1121.69]",0.041654227303983424,"(250.0, 1150.0]",0.34084726192349113,"(-inf, 191.5]",1.1741703917563333
1563,1,0,190.1193154,200,58,"(-inf, 1.5]",-0.5795501057798665,"(138.68, 1121.69]",0.041654227303983424,"(-inf, 250.0]",0.6610277277346917,"(-inf, 191.5]",1.1741703917563333
216,0,41,453.7048744,1000,227,"(30.5, 60.5]",2.1720634895446294,"(138.68, 1121.69]",0.041654227303983424,"(250.0, 1150.0]",0.34084726192349113,"(191.5, 450.5]",0.4745183096002622
4730,1,7,951.1947179,1300,199,"(1.5, 15.5]",-0.0406773138368468,"(138.68, 1121.69]",0.041654227303983424,"(1150.0, 1350.0]",-0.2281076149142269,"(191.5, 450.5]",0.4745183096002622
918,0,0,1978.324173,2000,941,"(-inf, 1.5]",-0.5795501057798665,"(1121.69, inf]",-1.0359899775063022,"(1750.0, inf]",-1.264675762282789,"(702.5, inf]",-1.7446851744547323
4735,0,0,574.961511,800,791,"(-inf, 1.5]",-0.5795501057798665,"(138.68, 1121.69]",0.041654227303983424,"(250.0, 1150.0]",0.34084726192349113,"(702.5, inf]",-1.7446851744547323
533,1,0,374.8044914,800,219,"(-inf, 1.5]",-0.5795501057798665,"(138.68, 1121.69]",0.041654227303983424,"(250.0, 1150.0]",0.34084726192349113,"(191.5, 450.5]",0.4745183096002622
1085,1,3,466.1940605,600,356,"(1.5, 15.5]",-0.0406773138368468,"(138.68, 1121.69]",0.041654227303983424,"(250.0, 1150.0]",0.34084726192349113,"(191.5, 450.5]",0.4745183096002622
4038,0,0,883.3292313,2000,908,"(-inf, 1.5]",-0.5795501057798665,"(138.68, 1121.69]",0.041654227303983424,"(1750.0, inf]",-1.264675762282789,"(702.5, inf]",-1.7446851744547323
2836,0,9,250.1331695,1400,843,"(1.5, 15.5]",-0.0406773138368468,"(138.68, 1121.69]",0.041654227303983424,"(1350.0, 1750.0]",-0.5494831152766727,"(702.5, inf]",-1.7446851744547323
1653,1,0,91.82080012,200,180,"(-inf, 1.5]",-0.5795501057798665,"(-inf, 138.68]",0.3508536149625971,"(-inf, 250.0]",0.6610277277346917,"(-inf, 191.5]",1.1741703917563333
2924,0,9,916.7791979,1900,819,"(1.5, 15.5]",-0.0406773138368468,"(138.68, 1121.69]",0.041654227303983424,"(1750.0, inf]",-1.264675762282789,"(702.5, inf]",-1.7446851744547323
2878,0,1,221.4270996,400,283,"(-inf, 1.5]",-0.5795501057798665,"(138.68, 1121.69]",0.041654227303983424,"(250.0, 1150.0]",0.34084726192349113,"(191.5, 450.5]",0.4745183096002622
850,1,15,283.1364439,1000,623,"(1.5, 15.5]",-0.0406773138368468,"(138.68, 1121.69]",0.041654227303983424,"(250.0, 1150.0]",0.34084726192349113,"(450.5, 623.5]",0.04047982904804176
3838,0,0,166.5418828,500,672,"(-inf, 1.5]",-0.5795501057798665,"(138.68, 1121.69]",0.041654227303983424,"(250.0, 1150.0]",0.34084726192349113,"(623.5, 702.5]",-0.563990054998142
2588,1,4,161.64867,1200,83,"(1.5, 15.5]",-0.0406773138368468,"(138.68, 1121.69]",0.041654227303983424,"(1150.0, 1350.0]",-0.2281076149142269,"(-inf, 191.5]",1.1741703917563333
4844,0,33,9.075349143,800,465,"(30.5, 60.5]",2.1720634895446294,"(-inf, 138.68]",0.3508536149625971,"(250.0, 1150.0]",0.34084726192349113,"(450.5, 623.5]",0.04047982904804176
3276,1,6,140.3690452,500,76,"(1.5, 15.5]",-0.0406773138368468,"(138.68, 1121.69]",0.041654227303983424,"(250.0, 1150.0]",0.34084726192349113,"(-inf, 191.5]",1.1741703917563333
210,0,45,34.86521983,200,96,"(30.5, 60.5]",2.1720634895446294,"(-inf, 138.68]",0.3508536149625971,"(-inf, 250.0]",0.6610277277346917,"(-inf, 191.5]",1.1741703917563333
3271,1,1,657.8124046,700,266,"(-inf, 1.5]",-0.5795501057798665,"(138.68, 1121.69]",0.041654227303983424,"(250.0, 1150.0]",0.34084726192349113,"(191.5, 450.5]",0.4745183096002622
2402,0,0,698.5225464,1600,764,"(-inf, 1.5]",-0.5795501057798665,"(138.68, 1121.69]",0.041654227303983424,"(1350.0, 1750.0]",-0.5494831152766727,"(702.5, inf]",-1.7446851744547323
3749,0,2,456.1834207,1400,682,"(1.5, 15.5]",-0.0406773138368468,"(138.68, 1121.69]",0.041654227303983424,"(1350.0, 1750.0]",-0.5494831152766727,"(623.5, 702.5]",-0.563990054998142
4714,1,19,738.3476863,1100,511,"(15.5, 30.5]",0.6686743240412198,"(138.68, 1121.69]",0.041654227303983424,"(250.0, 1150.0]",0.34084726192349113,"(450.5, 623.5]",0.04047982904804176
4757,1,1,656.7582413,1000,670,"(-inf, 1.5]",-0.5795501057798665,"(138.68, 1121.69]",0.041654227303983424,"(250.0, 1150.0]",0.34084726192349113,"(623.5, 702.5]",-0.563990054998142
416,1,32,1079.809726,1400,848,"(30.5, 60.5]",2.1720634895446294,"(138.68, 1121.69]",0.041654227303983424,"(1350.0, 1750.0]",-0.5494831152766727,"(702.5, inf]",-1.7446851744547323
1576,0,2,200.4562954,900,288,"(1.5, 15.5]",-0.0406773138368468,"(138.68, 1121.69]",0.041654227303983424,"(250.0, 1150.0]",0.34084726192349113,"(191.5, 450.5]",0.4745183096002622
2841,0,7,363.3675446,500,134,"(1.5, 15.5]",-0.0406773138368468,"(138.68, 1121.69]",0.041654227303983424,"(250.0, 1150.0]",0.34084726192349113,"(-inf, 191.5]",1.1741703917563333
2133,0,4,740.69074,800,695,"(1.5, 15.5]",-0.0406773138368468,"(138.68, 1121.69]",0.041654227303983424,"(250.0, 1150.0]",0.34084726192349113,"(623.5, 702.5]",-0.563990054998142
2705,0,0,55.20856136,200,190,"(-inf, 1.5]",-0.5795501057798665,"(-inf, 138.68]",0.3508536149625971,"(-inf, 250.0]",0.6610277277346917,"(-inf, 191.5]",1.1741703917563333
68,0,0,26.44677595,200,73,"(-inf, 1.5]",-0.5795501057798665,"(-inf, 138.68]",0.3508536149625971,"(-inf, 250.0]",0.6610277277346917,"(-inf, 191.5]",1.1741703917563333
4083,1,0,303.2056748,900,222,"(-inf, 1.5]",-0.5795501057798665,"(138.68, 1121.69]",0.041654227303983424,"(250.0, 1150.0]",0.34084726192349113,"(191.5, 450.5]",0.4745183096002622
2171,1,3,15.62764202,400,190,"(1.5, 15.5]",-0.0406773138368468,"(-inf, 138.68]",0.3508536149625971,"(250.0, 1150.0]",0.34084726192349113,"(-inf, 191.5]",1.1741703917563333
523,1,75,379.790068,800,136,"(60.5, inf]",4.147649406746059,"(138.68, 1121.69]",0.041654227303983424,"(250.0, 1150.0]",0.34084726192349113,"(-inf, 191.5]",1.1741703917563333
403,0,0,683.2094745,1900,901,"(-inf, 1.5]",-0.5795501057798665,"(138.68, 1121.69]",0.041654227303983424,"(1750.0, inf]",-1.264675762282789,"(702.5, inf]",-1.7446851744547323
4196,0,0,154.2668629,500,394,"(-inf, 1.5]",-0.5795501057798665,"(138.68, 1121.69]",0.041654227303983424,"(250.0, 1150.0]",0.34084726192349113,"(191.5, 450.5]",0.4745183096002622
1133,1,1,329.7352665,1100,561,"(-inf, 1.5]",-0.5795501057798665,"(138.68, 1121.69]",0.041654227303983424,"(250.0, 1150.0]",0.34084726192349113,"(450.5, 623.5]",0.04047982904804176
927,0,2,1225.926194,1600,622,"(1.5, 15.5]",-0.0406773138368468,"(1121.69, inf]",-1.0359899775063022,"(1350.0, 1750.0]",-0.5494831152766727,"(450.5, 623.5]",0.04047982904804176
359,0,50,3.159378543,1100,25,"(30.5, 60.5]",2.1720634895446294,"(-inf, 138.68]",0.3508536149625971,"(250.0, 1150.0]",0.34084726192349113,"(-inf, 191.5]",1.1741703917563333
1072,0,0,366.1790393,400,400,"(-inf, 1.5]",-0.5795501057798665,"(138.68, 1121.69]",0.041654227303983424,"(250.0, 1150.0]",0.34084726192349113,"(191.5, 450.5]",0.4745183096002622
1343,0,0,771.5151298,1200,585,"(-inf, 1.5]",-0.5795501057798665,"(138.68, 1121.69]",0.041654227303983424,"(1150.0, 1350.0]",-0.2281076149142269,"(450.5, 623.5]",0.04047982904804176
3996,1,0,118.943543,900,89,"(-inf, 1.5]",-0.5795501057798665,"(-inf, 138.68]",0.3508536149625971,"(250.0, 1150.0]",0.34084726192349113,"(-inf, 191.5]",1.1741703917563333
4796,0,0,646.1898026,1400,761,"(-inf, 1.5]",-0.5795501057798665,"(138.68, 1121.69]",0.041654227303983424,"(1350.0, 1750.0]",-0.5494831152766727,"(702.5, inf]",-1.7446851744547323
3522,0,0,370.0910405,1200,973,"(-inf, 1.5]",-0.5795501057798665,"(138.68, 1121.69]",0.041654227303983424,"(1150.0, 1350.0]",-0.2281076149142269,"(702.5, inf]",-1.7446851744547323
1049,1,2,773.8640334,1100,97,"(1.5, 15.5]",-0.0406773138368468,"(138.68, 1121.69]",0.041654227303983424,"(250.0, 1150.0]",0.34084726192349113,"(-inf, 191.5]",1.1741703917563333
2084,1,0,137.2742517,900,387,"(-inf, 1.5]",-0.5795501057798665,"(-inf, 138.68]",0.3508536149625971,"(250.0, 1150.0]",0.34084726192349113,"(191.5, 450.5]",0.4745183096002622
4519,0,2,463.2457414,1000,962,"(1.5, 15.5]",-0.0406773138368468,"(138.68, 1121.69]",0.041654227303983424,"(250.0, 1150.0]",0.34084726192349113,"(702.5, inf]",-1.7446851744547323
167,0,1,383.0306893,1200,512,"(-inf, 1.5]",-0.5795501057798665,"(138.68, 1121.69]",0.041654227303983424,"(1150.0, 1350.0]",-0.2281076149142269,"(450.5, 623.5]",0.04047982904804176
1581,0,3,44.10210086,800,921,"(1.5, 15.5]",-0.0406773138368468,"(-inf, 138.68]",0.3508536149625971,"(250.0, 1150.0]",0.34084726192349113,"(702.5, inf]",-1.7446851744547323
4042,1,0,397.741419,700,83,"(-inf, 1.5]",-0.5795501057798665,"(138.68, 1121.69]",0.041654227303983424,"(250.0, 1150.0]",0.34084726192349113,"(-inf, 191.5]",1.1741703917563333
2752,0,0,192.4087326,2000,767,"(-inf, 1.5]",-0.5795501057798665,"(138.68, 1121.69]",0.041654227303983424,"(1750.0, inf]",-1.264675762282789,"(702.5, inf]",-1.7446851744547323
3648,0,0,1422.399277,1700,753,"(-inf, 1.5]",-0.5795501057798665,"(1121.69, inf]",-1.0359899775063022,"(1350.0, 1750.0]",-0.5494831152766727,"(702.5, inf]",-1.7446851744547323
1078,0,3,99.1725234,300,144,"(1.5, 15.5]",-0.0406773138368468,"(-inf, 138.68]",0.3508536149625971,"(250.0, 1150.0]",0.34084726192349113,"(-inf, 191.5]",1.1741703917563333
3243,0,0,2288.530039,2700,987,"(-inf, 1.5]",-0.5795501057798665,"(1121.69, inf]",-1.0359899775063022,"(1750.0, inf]",-1.264675762282789,"(702.5, inf]",-1.7446851744547323
4146,0,1,631.7550406,800,275,"(-inf, 1.5]",-0.5795501057798665,"(138.68, 1121.69]",0.041654227303983424,"(250.0, 1150.0]",0.34084726192349113,"(191.5, 450.5]",0.4745183096002622
1668,0,1,524.5269883,1200,317,"(-inf, 1.5]",-0.5795501057798665,"(138.68, 1121.69]",0.041654227303983424,"(1150.0, 1350.0]",-0.2281076149142269,"(191.5, 450.5]",0.4745183096002622
2057,0,4,163.2701101,700,422,"(1.5, 15.5]",-0.0406773138368468,"(138.68, 1121.69]",0.041654227303983424,"(250.0, 1150.0]",0.34084726192349113,"(191.5, 450.5]",0.4745183096002622
3324,1,6,416.0015638,700,388,"(1.5, 15.5]",-0.0406773138368468,"(138.68, 1121.69]",0.041654227303983424,"(250.0, 1150.0]",0.34084726192349113,"(191.5, 450.5]",0.4745183096002622
36,0,13,47.00914902,200,91,"(1.5, 15.5]",-0.0406773138368468,"(-inf, 138.68]",0.3508536149625971,"(-inf, 250.0]",0.6610277277346917,"(-inf, 191.5]",1.1741703917563333
4220,0,11,210.1291246,900,259,"(1.5, 15.5]",-0.0406773138368468,"(138.68, 1121.69]",0.041654227303983424,"(250.0, 1150.0]",0.34084726192349113,"(191.5, 450.5]",0.4745183096002622
819,0,0,953.3405684,1200,857,"(-inf, 1.5]",-0.5795501057798665,"(138.68, 1121.69]",0.041654227303983424,"(1150.0, 1350.0]",-0.2281076149142269,"(702.5, inf]",-1.7446851744547323
2693,0,0,188.5107695,200,49,"(-inf, 1.5]",-0.5795501057798665,"(138.68, 1121.69]",0.041654227303983424,"(-inf, 250.0]",0.6610277277346917,"(-inf, 191.5]",1.1741703917563333
1556,1,4,61.14720214,600,37,"(1.5, 15.5]",-0.0406773138368468,"(-inf, 138.68]",0.3508536149625971,"(250.0, 1150.0]",0.34084726192349113,"(-inf, 191.5]",1.1741703917563333
1437,0,1,8.299518728,200,117,"(-inf, 1.5]",-0.5795501057798665,"(-inf, 138.68]",0.3508536149625971,"(-inf, 250.0]",0.6610277277346917,"(-inf, 191.5]",1.1741703917563333
2751,1,3,831.178615,1600,784,"(1.5, 15.5]",-0.0406773138368468,"(138.68, 1121.69]",0.041654227303983424,"(1350.0, 1750.0]",-0.5494831152766727,"(702.5, inf]",-1.7446851744547323
2976,1,1,137.3031212,900,113,"(-inf, 1.5]",-0.5795501057798665,"(-inf, 138.68]",0.3508536149625971,"(250.0, 1150.0]",0.34084726192349113,"(-inf, 191.5]",1.1741703917563333
2148,1,10,80.82140061,400,286,"(1.5, 15.5]",-0.0406773138368468,"(-inf, 138.68]",0.3508536149625971,"(250.0, 1150.0]",0.34084726192349113,"(191.5, 450.5]",0.4745183096002622
256,0,0,1091.143008,1100,938,"(-inf, 1.5]",-0.5795501057798665,"(138.68, 1121.69]",0.041654227303983424,"(250.0, 1150.0]",0.34084726192349113,"(702.5, inf]",-1.7446851744547323
2170,0,0,224.253955,600,342,"(-inf, 1.5]",-0.5795501057798665,"(138.68, 1121.69]",0.041654227303983424,"(250.0, 1150.0]",0.34084726192349113,"(191.5, 450.5]",0.4745183096002622
2491,0,4,295.3734334,300,270,"(1.5, 15.5]",-0.0406773138368468,"(138.68, 1121.69]",0.041654227303983424,"(250.0, 1150.0]",0.34084726192349113,"(191.5, 450.5]",0.4745183096002622
633,1,2,836.9278727,1000,59,"(1.5, 15.5]",-0.0406773138368468,"(138.68, 1121.69]",0.041654227303983424,"(250.0, 1150.0]",0.34084726192349113,"(-inf, 191.5]",1.1741703917563333
2568,1,62,474.1024068,600,771,"(60.5, inf]",4.147649406746059,"(138.68, 1121.69]",0.041654227303983424,"(250.0, 1150.0]",0.34084726192349113,"(702.5, inf]",-1.7446851744547323
3046,0,1,337.2275304,1000,528,"(-inf, 1.5]",-0.5795501057798665,"(138.68, 1121.69]",0.041654227303983424,"(250.0, 1150.0]",0.34084726192349113,"(450.5, 623.5]",0.04047982904804176
681,0,1,475.4755314,1400,839,"(-inf, 1.5]",-0.5795501057798665,"(138.68, 1121.69]",0.041654227303983424,"(1350.0, 1750.0]",-0.5494831152766727,"(702.5, inf]",-1.7446851744547323
4091,0,60,289.8978256,700,611,"(30.5, 60.5]",2.1720634895446294,"(138.68, 1121.69]",0.041654227303983424,"(250.0, 1150.0]",0.34084726192349113,"(450.5, 623.5]",0.04047982904804176
3744,0,0,235.1003964,800,284,"(-inf, 1.5]",-0.5795501057798665,"(138.68, 1121.69]",0.041654227303983424,"(250.0, 1150.0]",0.34084726192349113,"(191.5, 450.5]",0.4745183096002622
3376,0,11,376.0760745,500,647,"(1.5, 15.5]",-0.0406773138368468,"(138.68, 1121.69]",0.041654227303983424,"(250.0, 1150.0]",0.34084726192349113,"(623.5, 702.5]",-0.563990054998142
1610,0,0,230.4243579,300,681,"(-inf, 1.5]",-0.5795501057798665,"(138.68, 1121.69]",0.041654227303983424,"(250.0, 1150.0]",0.34084726192349113,"(623.5, 702.5]",-0.563990054998142
1335,0,49,132.2890903,200,184,"(30.5, 60.5]",2.1720634895446294,"(-inf, 138.68]",0.3508536149625971,"(-inf, 250.0]",0.6610277277346917,"(-inf, 191.5]",1.1741703917563333
1999,0,0,1699.791789,2200,984,"(-inf, 1.5]",-0.5795501057798665,"(1121.69, inf]",-1.0359899775063022,"(1750.0, inf]",-1.264675762282789,"(702.5, inf]",-1.7446851744547323
4906,1,79,551.4384202,800,170,"(60.5, inf]",4.147649406746059,"(138.68, 1121.69]",0.041654227303983424,"(250.0, 1150.0]",0.34084726192349113,"(-inf, 191.5]",1.1741703917563333
3169,1,6,799.8889392,800,390,"(1.5, 15.5]",-0.0406773138368468,"(138.68, 1121.69]",0.041654227303983424,"(250.0, 1150.0]",0.34084726192349113,"(191.5, 450.5]",0.4745183096002622
2881,0,0,424.9014171,700,266,"(-inf, 1.5]",-0.5795501057798665,"(138.68, 1121.69]",0.041654227303983424,"(250.0, 1150.0]",0.34084726192349113,"(191.5, 450.5]",0.4745183096002622
199,1,2,504.7044412,700,22,"(1.5, 15.5]",-0.0406773138368468,"(138.68, 1121.69]",0.041654227303983424,"(250.0, 1150.0]",0.34084726192349113,"(-inf, 191.5]",1.1741703917563333
1901,0,0,852.6651837,1300,839,"(-inf, 1.5]",-0.5795501057798665,"(138.68, 1121.69]",0.041654227303983424,"(1150.0, 1350.0]",-0.2281076149142269,"(702.5, inf]",-1.7446851744547323
1029,1,1,238.1542179,700,319,"(-inf, 1.5]",-0.5795501057798665,"(138.68, 1121.69]",0.041654227303983424,"(250.0, 1150.0]",0.34084726192349113,"(191.5, 450.5]",0.4745183096002622
2897,1,0,669.5042536,1800,749,"(-inf, 1.5]",-0.5795501057798665,"(138.68, 1121.69]",0.041654227303983424,"(1750.0, inf]",-1.264675762282789,"(702.5, inf]",-1.7446851744547323
2155,1,69,527.289709,1300,403,"(60.5, inf]",4.147649406746059,"(138.68, 1121.69]",0.041654227303983424,"(1150.0, 1350.0]",-0.2281076149142269,"(191.5, 450.5]",0.4745183096002622
2695,0,0,591.0713025,1100,599,"(-inf, 1.5]",-0.5795501057798665,"(138.68, 1121.69]",0.041654227303983424,"(250.0, 1150.0]",0.34084726192349113,"(450.5, 623.5]",0.04047982904804176
1141,0,0,41.34078174,900,734,"(-inf, 1.5]",-0.5795501057798665,"(-inf, 138.68]",0.3508536149625971,"(250.0, 1150.0]",0.34084726192349113,"(702.5, inf]",-1.7446851744547323
504,1,1,414.5948239,1000,239,"(-inf, 1.5]",-0.5795501057798665,"(138.68, 1121.69]",0.041654227303983424,"(250.0, 1150.0]",0.34084726192349113,"(191.5, 450.5]",0.4745183096002622
3063,0,0,261.4059143,600,746,"(-inf, 1.5]",-0.5795501057798665,"(138.68, 1121.69]",0.041654227303983424,"(250.0, 1150.0]",0.34084726192349113,"(702.5, inf]",-1.7446851744547323
4328,0,1,1049.169926,1200,850,"(-inf, 1.5]",-0.5795501057798665,"(138.68, 1121.69]",0.041654227303983424,"(1150.0, 1350.0]",-0.2281076149142269,"(702.5, inf]",-1.7446851744547323
3568,1,27,349.1278397,600,52,"(15.5, 30.5]",0.6686743240412198,"(138.68, 1121.69]",0.041654227303983424,"(250.0, 1150.0]",0.34084726192349113,"(-inf, 191.5]",1.1741703917563333
4800,1,0,82.16541703,900,126,"(-inf, 1.5]",-0.5795501057798665,"(-inf, 138.68]",0.3508536149625971,"(250.0, 1150.0]",0.34084726192349113,"(-inf, 191.5]",1.1741703917563333
1248,1,16,212.2554162,800,283,"(15.5, 30.5]",0.6686743240412198,"(138.68, 1121.69]",0.041654227303983424,"(250.0, 1150.0]",0.34084726192349113,"(191.5, 450.5]",0.4745183096002622
2566,1,0,183.6706596,600,273,"(-inf, 1.5]",-0.5795501057798665,"(138.68, 1121.69]",0.041654227303983424,"(250.0, 1150.0]",0.34084726192349113,"(191.5, 450.5]",0.4745183096002622
2522,0,1,995.3571248,1200,743,"(-inf, 1.5]",-0.5795501057798665,"(138.68, 1121.69]",0.041654227303983424,"(1150.0, 1350.0]",-0.2281076149142269,"(702.5, inf]",-1.7446851744547323
812,0,0,50.52441042,1300,799,"(-inf, 1.5]",-0.5795501057798665,"(-inf, 138.68]",0.3508536149625971,"(1150.0, 1350.0]",-0.2281076149142269,"(702.5, inf]",-1.7446851744547323
1772,0,0,811.4649229,2000,982,"(-inf, 1.5]",-0.5795501057798665,"(138.68, 1121.69]",0.041654227303983424,"(1750.0, inf]",-1.264675762282789,"(702.5, inf]",-1.7446851744547323
136,1,36,1209.842689,1300,789,"(30.5, 60.5]",2.1720634895446294,"(1121.69, inf]",-1.0359899775063022,"(1150.0, 1350.0]",-0.2281076149142269,"(702.5, inf]",-1.7446851744547323
3078,1,0,126.7433163,200,42,"(-inf, 1.5]",-0.5795501057798665,"(-inf, 138.68]",0.3508536149625971,"(-inf, 250.0]",0.6610277277346917,"(-inf, 191.5]",1.1741703917563333
3345,0,2,14.25271896,400,143,"(1.5, 15.5]",-0.0406773138368468,"(-inf, 138.68]",0.3508536149625971,"(250.0, 1150.0]",0.34084726192349113,"(-inf, 191.5]",1.1741703917563333
3631,0,1,1177.983864,2500,902,"(-inf, 1.5]",-0.5795501057798665,"(1121.69, inf]",-1.0359899775063022,"(1750.0, inf]",-1.264675762282789,"(702.5, inf]",-1.7446851744547323
4664,0,4,479.9058437,700,419,"(1.5, 15.5]",-0.0406773138368468,"(138.68, 1121.69]",0.041654227303983424,"(250.0, 1150.0]",0.34084726192349113,"(191.5, 450.5]",0.4745183096002622
496,0,0,950.5551066,1900,904,"(-inf, 1.5]",-0.5795501057798665,"(138.68, 1121.69]",0.041654227303983424,"(1750.0, inf]",-1.264675762282789,"(702.5, inf]",-1.7446851744547323
3262,1,35,384.033867,800,414,"(30.5, 60.5]",2.1720634895446294,"(138.68, 1121.69]",0.041654227303983424,"(250.0, 1150.0]",0.34084726192349113,"(191.5, 450.5]",0.4745183096002622
3969,0,0,166.445565,2100,895,"(-inf, 1.5]",-0.5795501057798665,"(138.68, 1121.69]",0.041654227303983424,"(1750.0, inf]",-1.264675762282789,"(702.5, inf]",-1.7446851744547323
907,1,42,70.7561858,400,391,"(30.5, 60.5]",2.1720634895446294,"(-inf, 138.68]",0.3508536149625971,"(250.0, 1150.0]",0.34084726192349113,"(191.5, 450.5]",0.4745183096002622
