id,default_flag,days_past_due,balance,credit_limit,external_score
1,0,2,159.0140807,700,963
2,0,12,1060.501843,1300,569
3,0,8,36.35745588,1000,640
4,0,0,1336.433975,1900,837
5,0,0,847.9289451,1800,890
6,0,0,635.0946306,800,236
7,1,13,270.4825637,300,117
8,0,0,885.7309977,1000,222
9,0,10,284.359594,900,591
10,0,0,563.8450517,600,461
11,0,1,1357.067653,1500,782
12,0,6,279.3855088,600,61
13,1,429,533.7760186,1000,533
14,0,4,101.4524935,1600,681
15,0,4,233.8432612,400,690
16,0,2,1151.735858,2500,846
17,0,7,1212.691441,1400,682
18,0,44,210.0255027,1700,768
19,0,3,178.7972998,200,144
20,0,0,495.7420496,700,374
21,0,1,871.2122294,1400,901
22,1,1,178.3840205,200,61
23,0,2,1001.392414,1900,883
24,1,0,18.05136999,1000,273
25,0,1,31.99539876,800,379
26,0,0,1536.716541,2000,908
27,1,0,208.7045413,400,474
28,0,41,30.09793152,900,542
29,1,20,112.3472289,1000,176
30,1,0,588.8201518,800,286
31,0,1,1842.630721,1900,781
32,1,11,38.38565874,1000,24
33,1,2,103.6847233,600,16
34,0,3,407.642153,500,131
35,0,9,270.5910016,800,209
36,0,13,47.00914902,200,91
37,0,0,548.7989107,1300,599
38,0,0,450.757855,1100,549
39,1,1,78.46586898,600,9
40,0,1,598.9424285,600,451
41,0,8,175.0046288,800,680
42,1,0,681.9358034,700,367
43,0,1,2227.606715,2300,935
44,1,107,635.132074,1200,426
45,0,1,119.6421218,400,347
46,0,3,170.4019246,700,393
47,1,44,185.7831939,200,30
48,0,1,149.808297,500,246
49,0,0,427.9769233,1900,962
50,0,2,249.2194946,1500,634
51,1,5,203.9079243,500,13
52,0,18,92.50398946,900,498
53,1,0,17.4783585,200,51
54,0,0,137.0080278,1100,658
55,1,3,395.8703558,1100,506
56,0,155,525.7742627,1300,549
57,0,0,595.0811011,2300,861
58,1,49,262.3098028,600,188
59,1,0,92.28065475,900,34
60,0,0,1539.475937,1600,550
61,0,8,521.2119678,1500,713
62,1,20,273.4471974,800,271
63,1,3,1124.413518,1200,312
64,0,0,1688.578699,1700,774
65,1,9,992.8276242,1100,104
66,1,27,67.04220182,200,145
67,0,0,512.4188009,700,292
68,0,0,26.44677595,200,73
69,0,0,1870.233454,1900,849
70,0,0,258.5875773,700,288
71,0,4,422.3856079,1300,419
72,1,2,133.8874245,800,290
73,0,0,146.9946092,700,757
74,0,0,1007.773708,1700,969
75,1,0,16.41807599,1700,722
76,1,105,435.7914192,600,444
77,0,7,323.3844977,1400,940
78,0,11,116.5615912,500,48
79,1,8,92.33198702,200,195
80,1,0,104.947588,200,163
81,0,0,1133.635179,1300,803
82,0,3,499.5092697,1200,537
83,0,20,863.4062623,1200,14
84,0,0,624.2216246,1100,880
85,0,6,1666.797762,2800,968
86,0,0,645.8748679,2200,812
87,0,0,1540.458313,1900,772
88,1,86,24.41999848,800,6
89,0,0,106.0407675,1600,733
90,1,3,359.1178365,1000,141
91,1,1,64.8237117,500,176
92,1,1,345.3719233,1100,670
93,0,0,266.8413308,1300,827
94,0,0,571.8489639,800,242
95,1,0,753.2865694,800,637
96,1,1,101.4121824,1000,569
97,0,0,865.2576756,1100,407
98,0,4,60.06142718,800,643
99,0,0,861.2432507,1700,800
100,1,3,67.81793245,500,490
101,1,90,140.9797275,1800,814
102,1,0,1071.611139,1400,538
103,0,1,783.2108313,1600,824
104,0,4,26.1888044,200,37
105,1,3,744.6186908,1100,638
106,0,0,203.0963426,1100,788
107,0,2,1649.797476,3100,904
108,0,1,275.9330689,1100,655
109,1,1,669.7767026,1000,483
110,0,0,520.2511796,1100,823
111,0,0,64.79000657,2100,676
112,0,0,376.7888581,1900,883
113,0,0,1540.588225,2500,795
114,0,4,36.13134332,500,309
115,1,4,246.0177656,300,75
116,0,6,58.10030497,800,638
117,1,18,560.8409603,1600,621
118,0,4,466.5877632,600,246
119,1,9,55.09218616,700,469
120,1,29,504.2984567,1200,417
121,0,1,567.7276017,700,451
122,0,3,9.067258306,400,238
123,0,1,619.5396289,900,633
124,0,1,877.5108817,1000,713
125,0,0,935.8664362,1000,770
126,1,35,140.7415228,1900,825
127,0,4,95.9015168,500,101
128,0,0,49.40956196,300,481
129,1,17,410.2545345,800,218
130,0,1,54.41674922,700,310
131,0,2,1727.022214,2100,918
132,1,85,847.0628761,900,148
133,1,14,1121.50218,1800,526
134,0,2,939.3817328,1600,802
135,1,37,1065.5381,1100,538
136,1,36,1209.842689,1300,789
137,0,13,222.1259406,700,468
138,0,15,1198.560124,1200,48
139,0,5,35.94392726,300,203
140,1,0,2.734756466,900,118
141,0,11,263.8535984,700,244
142,1,22,804.4008654,1000,518
143,1,49,551.5609763,800,377
144,0,3,2599.010455,2600,940
145,0,0,262.8082744,1100,560
146,0,7,1646.838165,2000,782
147,1,0,6.744289532,1100,124
148,0,0,223.4012399,600,472
149,0,6,353.8893588,500,468
150,0,2,132.3612762,900,358
151,0,15,879.2286607,2200,896
152,1,47,1715.899957,2300,643
153,1,46,57.02124709,300,53
154,0,3,691.3009608,1000,965
155,1,15,393.3134037,400,54
156,0,21,952.0984682,1500,522
157,1,0,136.0131096,200,6
158,0,0,287.3764117,700,466
159,0,4,8.87810479,200,50
160,0,3,1264.467863,1500,839
161,1,4,285.8221032,300,62
162,0,0,1377.790915,1800,893
163,1,17,302.572439,800,532
164,0,0,1670.677886,2000,691
165,0,0,610.7652348,3000,847
166,0,5,5.420240954,200,23
167,0,1,383.0306893,1200,512
168,1,3,14.65862545,200,141
169,0,8,493.509249,900,272
170,1,2,436.5678034,800,413
171,0,1,896.9821219,1800,703
172,0,0,1154.707585,2300,985
173,0,4,332.9688432,2000,705
174,0,1,492.9821012,500,413
175,1,13,353.7425223,1200,152
176,1,39,81.30025451,800,308
177,0,3,506.5091879,1100,500
178,0,9,465.9557044,600,295
179,0,2,586.6002288,1000,524
180,0,0,1288.04829,1500,571
181,0,1,656.7929762,700,103
182,1,5,69.32170258,1100,119
183,0,0,73.62110349,1200,846
184,0,0,2070.879072,2100,928
185,0,3966,74.0250726,200,127
186,0,1,26.00671439,300,382
187,0,1,221.9517577,500,797
188,0,94,53.80664867,900,342
189,0,23,814.5382333,900,429
190,1,182,72.5977867,200,192
191,0,0,285.4560343,600,690
192,1,33,101.232168,500,316
193,1,81,172.6858683,200,125
194,0,0,319.8631035,1700,885
195,1,10,298.6646948,700,127
196,0,0,246.132564,600,479
197,1,72,369.9300971,400,276
198,0,144,63.66368098,500,452
199,1,2,504.7044412,700,22
200,0,0,287.8787069,1500,821
201,1,2,304.8707242,700,312
202,1,3,192.6655592,300,87
203,0,8,401.8201374,500,331
204,0,2,165.4179327,1000,426
205,1,1,1416.375726,1500,517
206,0,0,170.8364257,300,390
207,0,0,1380.527143,1600,750
208,1,0,20.16616014,700,97
209,1,3,164.2262771,1100,367
210,0,45,34.86521983,200,96
211,0,47,411.5510859,700,421
212,0,0,315.9139602,800,440
213,1,8,354.4487486,600,254
214,0,13,645.1351196,1100,446
215,1,0,220.506767,500,134
216,0,41,453.7048744,1000,227
217,0,93,695.3158399,1000,394
218,0,2,813.2179009,1400,561
219,0,2,839.5562168,1400,576
220,0,4,2391.431646,2700,985
221,1,44,1494.63101,1700,522
222,1,5,45.02234312,700,235
223,1,0,877.0440263,1200,131
224,0,0,989.4183237,1200,822
225,0,0,447.5694832,1700,874
226,1,0,619.8004377,900,24
227,0,4,594.5379933,900,435
228,0,136,651.1885178,900,398
229,1,240,430.0311971,800,200
230,0,0,766.3930859,2200,796
231,1,0,507.6611611,700,37
232,0,1,630.9653757,800,688
233,1,0,158.2707862,400,0
234,1,162,213.964454,700,696
235,0,39,205.1881418,300,288
236,0,6,190.8289387,200,279
237,1,4,172.6803028,200,176
238,1,0,752.7915057,1100,210
239,0,7,143.9317012,700,396
240,1,6,478.9305401,600,77
241,1,46,276.7723602,600,257
242,0,0,296.2332142,900,717
243,1,0,667.1150016,1600,779
244,1,6,310.175083,600,440
245,0,9,584.5211885,800,532
246,1,9,343.4741275,600,376
247,1,2,382.3243109,700,121
248,0,95,1328.465048,1700,580
249,0,29,325.0060743,1200,296
250,0,11,283.5654994,1100,998
251,1,2,536.4589862,800,359
252,1,14,386.394785,800,344
253,0,1,1424.014169,1800,853
254,0,0,693.3983123,1300,730
255,0,1,134.3559398,400,669
256,0,0,1091.143008,1100,938
257,0,2,1257.573867,2700,826
258,1,5,225.5129699,1000,414
259,1,5,440.9503866,500,70
260,0,0,603.1342113,800,385
261,1,44,100.6653453,200,99
262,0,0,469.4204211,2000,818
263,0,5,473.8371551,900,970
264,0,0,357.557799,2600,909
265,1,32,610.9739162,1300,862
266,0,0,266.2173637,300,159
267,0,11,70.75856886,400,368
268,0,0,813.7915715,900,572
269,0,1,1740.097256,1900,911
270,0,9,245.1574023,600,148
271,1,11,331.3399237,900,336
272,0,1,877.6194039,1900,931
273,0,0,188.0947641,1200,690
274,0,4,75.99682881,1100,526
275,1,3,236.145668,600,54
276,1,226,47.35692942,200,87
277,0,4,515.3313797,600,456
278,1,0,86.59250243,400,301
279,1,14,85.04049127,200,180
280,0,2,38.02981639,1900,605
281,1,24,94.91346718,700,267
282,0,10,789.711721,1000,546
283,0,5,587.1148722,900,725
284,0,0,298.2603225,1800,815
285,0,2,219.2376421,1200,876
286,0,14,700.2998415,1200,568
287,1,95,80.19848407,1000,473
288,0,11,1047.499733,1500,762
289,0,0,64.00714972,2000,738
290,1,1,337.3858,1000,196
291,0,6,1545.41657,3000,802
292,0,6,1150.526223,1200,729
293,0,23,143.3091863,200,161
294,0,0,81.71390068,1900,897
295,1,11,1876.688278,1900,699
296,1,0,1619.909289,1800,945
297,0,178,459.0191955,1000,408
298,1,13,733.8771388,1200,635
299,1,73,325.8451281,1100,450
300,0,1,1714.799229,2200,938
301,0,0,312.036933,500,316
302,0,0,617.8702662,1400,657
303,0,17,1111.947519,1800,658
304,0,0,2637.748806,2900,846
305,0,0,971.6158798,1700,857
306,0,0,1089.001371,1800,817
307,1,2,22.44802311,1500,784
308,0,18,498.9460065,1300,770
309,1,5,137.5625661,1100,421
310,0,53,170.3751282,200,166
311,1,233,196.5714577,1300,158
312,0,30,530.8488711,1400,559
313,0,0,2331.8449,2600,977
314,1,18,272.9742417,2500,934
315,1,11,1096.141677,1600,579
316,0,2,968.0071309,1400,791
317,0,0,1522.230655,1600,850
318,1,0,154.5294853,400,44
319,0,0,89.53809075,1000,403
320,0,423,316.7287041,500,247
321,0,7,991.1794563,1400,879
322,1,9,117.6279801,200,55
323,1,24,297.0371497,1000,638
324,0,14,297.7866165,1200,947
325,0,7,306.8764009,1200,852
326,0,13,781.7712327,1300,511
327,0,0,664.981327,1500,824
328,0,0,311.7839383,900,351
329,1,0,32.2745144,200,30
330,1,17,136.7217663,800,319
331,0,1,333.2716746,1700,955
332,0,9,61.33160994,1300,409
333,0,0,940.3669645,1400,732
334,0,32,58.71910631,700,464
335,0,0,286.1790966,300,388
336,0,0,9.798391331,900,200
337,0,10,515.8074755,900,263
338,0,0,69.88894216,1400,748
339,0,1,1141.421774,1400,689
340,0,0,970.3732319,1600,914
341,0,0,645.3535317,800,246
342,1,17,498.3440432,1000,499
343,0,10,1426.016155,1800,898
344,0,0,1355.830089,1900,903
345,1,0,107.4303951,600,313
346,0,2,847.2459855,900,100
347,1,13,133.7064423,200,148
348,0,6,359.7024051,1200,758
349,0,0,1989.751362,2700,969
350,0,3,463.4833572,900,458
351,0,0,327.8770001,2200,893
352,0,1,22.82016597,1000,266
353,0,0,650.9426082,1500,739
354,0,182,143.3600475,700,683
355,1,94,132.9023435,200,60
356,0,1,1758.52583,1800,936
357,0,1,320.3202212,1500,649
358,1,8,1156.618422,1300,132
359,0,50,3.159378543,1100,25
360,0,1,165.8104811,1800,939
361,0,0,77.94431754,2600,800
362,0,0,884.0095713,900,727
363,1,0,925.5142223,1400,574
364,0,30,531.6252018,600,241
365,0,6,232.0059715,600,291
366,0,2,884.6002507,2500,684
367,0,14,26.36562255,900,300
368,1,6,365.5426519,800,198
369,1,38,868.758592,2400,751
370,0,0,1047.505273,1200,566
371,1,10,351.2395889,1000,500
372,1,1,776.8729894,1600,899
373,0,205,187.3567919,800,435
374,0,1,871.8769204,1500,750
375,1,77,114.7132026,200,116
376,0,13,132.9635288,200,185
377,0,3,887.8851904,1600,962
378,0,16,203.5191656,1000,431
379,0,41,183.6745543,200,138
380,0,0,2186.286994,2200,853
381,0,0,993.0393912,1900,906
382,0,1,343.5711058,400,293
383,0,0,1091.256615,1800,936
384,1,1,396.8777201,600,277
385,1,0,203.3869608,500,14
386,1,0,253.5865174,700,155
387,1,1,107.7490658,900,452
388,1,30,192.9743655,700,643
389,1,13,1796.27245,1900,620
390,1,86,256.6057746,300,77
391,0,2,638.662232,1000,781
392,0,1,1331.218155,1700,866
393,0,206,809.782192,900,640
394,0,1,86.55243745,500,340
395,0,13,141.4120472,200,0
396,0,1,1035.922662,1200,203
397,0,0,688.8304794,1200,821
398,1,0,415.0778221,700,345
399,0,0,85.59175222,900,396
400,0,1,326.3081579,400,397
401,1,4,605.7527289,700,288
402,0,1,169.8938086,600,356
403,0,0,683.2094745,1900,901
404,1,48,396.1500385,400,50
405,0,182,358.7437269,1700,959
406,0,2,245.7173466,400,627
407,0,0,641.8038631,800,301
408,0,10,517.1167882,1000,391
409,0,4,1817.612769,2100,972
410,0,0,893.3593676,1100,814
411,1,0,192.7137336,1100,516
412,0,0,202.0580823,2300,930
413,0,3,261.4585149,1000,763
414,0,0,223.0202423,800,291
415,0,2,805.9802015,900,584
416,1,32,1079.809726,1400,848
417,1,2,213.8048932,900,19
418,1,2,930.0438927,1100,511
419,0,0,293.3971211,1700,738
420,0,0,167.572327,900,527
421,0,0,161.978038,300,88
422,0,10,20.99547327,800,283
423,0,0,1238.194693,1500,861
424,0,1,769.9456793,800,836
425,0,0,1213.388101,1500,892
426,0,0,332.2753635,2200,978
427,0,7,376.0153642,1100,24
428,0,13,570.9882761,1100,846
429,0,0,228.9215425,1500,799
430,1,116,515.9302093,600,603
431,0,6,448.1397283,1600,540
432,1,36,60.19255648,200,110
433,0,100,86.89949051,900,315
434,1,4,725.4889462,900,405
435,1,3,202.0873086,1500,640
436,0,10,1154.926698,2100,940
437,0,0,249.3857439,1700,598
438,1,17,298.1608323,900,115
439,0,0,5.202635815,700,455
440,1,0,810.1036973,1200,413
441,1,22,69.15529233,700,338
442,0,12,65.48913451,1500,612
443,0,10,1003.944271,2000,646
444,0,2,9.999991037,400,193
445,0,0,982.5499098,2400,738
446,0,0,848.8055226,2600,753
447,0,146,119.9110546,500,51
448,0,12,696.0821159,900,590
449,0,10,155.950847,1200,861
450,1,1,466.9815411,1100,424
451,1,1,668.2652303,1000,436
452,0,10,852.9888424,1100,261
453,0,0,1137.991538,1300,773
454,0,2,739.2007873,800,686
455,0,22,323.5303808,800,488
456,1,44,838.1896162,1400,514
457,0,1,1044.831351,1200,867
458,1,24,138.1980641,300,40
459,1,184,679.9114189,1000,433
460,0,2,354.0215965,400,443
461,1,4,44.37148549,200,197
462,0,3,19.32524384,400,652
463,1,221,363.1046887,400,63
464,1,0,940.0995205,1300,372
465,0,1,230.3028694,500,650
466,0,1,588.7040971,700,39
467,1,77,515.0179942,800,209
468,0,0,789.8696456,1200,220
469,0,1,183.6207962,1500,879
470,0,1,1708.415139,2300,844
471,1,0,733.3902002,900,486
472,1,3,1102.451459,1300,230
473,0,0,386.8522604,3200,999
474,0,2,1468.196478,2100,855
475,0,0,869.2739669,1700,728
476,1,17,293.8704684,600,442
477,0,0,1142.382898,1300,994
478,0,1,442.3003069,500,203
479,1,1,154.2844349,700,223
480,1,0,11.09482712,200,101
481,1,8,708.7784339,900,379
482,0,0,1498.382609,2400,779
483,0,0,1248.95241,2000,985
484,0,0,433.8795578,1400,921
485,1,0,368.0976388,400,238
486,0,0,170.9976572,600,303
487,0,0,2179.162998,2300,922
488,0,0,95.39340023,200,179
489,0,2,482.7887441,1800,779
490,1,3,496.0766562,500,43
491,0,0,920.3960482,1000,319
492,0,0,2134.599656,2200,923
493,1,41,664.9511185,1700,149
494,0,0,474.7204192,1000,540
495,0,1,1520.982631,1700,724
496,0,0,950.5551066,1900,904
497,0,0,618.630628,700,385
498,0,4,1248.942351,2200,975
499,0,0,737.99703,1100,735
500,0,9,995.1501381,1000,255
501,1,2,1091.101366,1100,742
502,0,37,874.662453,1000,312
503,0,0,533.3670499,1400,500
504,1,1,414.5948239,1000,239
505,1,2,285.9217592,600,353
506,0,92,820.0038378,1200,309
507,0,5,328.6496519,1100,319
508,1,0,195.0042272,700,206
509,0,27,280.2107418,600,423
510,1,0,899.0170659,1100,176
511,0,7,62.28219367,1000,671
512,1,2,390.5754004,1800,97
513,0,1,64.1762771,500,480
514,1,0,335.9723675,400,407
515,0,1,69.35912474,200,763
516,1,20,541.4909889,1300,545
517,0,1,609.8697155,800,452
518,0,1,436.3541934,800,514
519,1,72,688.4766579,1400,680
520,0,13,613.6445303,900,786
521,0,2,149.1578192,500,341
522,1,5,756.7777798,1400,85
523,1,75,379.790068,800,136
524,0,0,1379.17027,2400,738
525,0,0,759.8774706,1900,828
526,1,2,450.1310772,800,366
527,0,56,227.493519,800,327
528,1,15,645.9734378,2000,691
529,0,6,13.7364583,500,31
530,1,0,487.6681935,700,321
531,0,0,839.8965761,900,285
532,0,16,139.3312166,200,191
533,1,0,374.8044914,800,219
534,0,1,563.9134823,1500,986
535,0,0,104.8863778,700,887
536,1,3,105.6508682,900,123
537,0,1,891.1099762,1000,649
538,1,0,162.6327219,400,109
539,0,3,801.2123789,900,850
540,0,21,4.232816079,800,297
541,1,20,246.6729247,300,362
542,1,1,356.1549587,900,297
543,1,3,934.6161862,1700,206
544,1,19,349.3437247,1600,568
545,0,1,1006.672443,1200,705
546,0,0,36.68848243,200,637
547,0,0,2068.979132,2100,927
548,1,3,906.0512854,1000,56
549,0,1,516.8070374,1500,790
550,1,37,389.8046055,1000,503
551,0,2,1430.859316,2200,832
552,0,0,1123.582796,2100,904
553,1,48,907.2684502,1300,607
554,0,0,884.2134661,2600,924
555,0,0,1329.493261,1400,886
556,0,4,169.5181651,800,312
557,1,2,80.41413572,200,177
558,0,0,583.0871923,2000,779
559,0,0,503.2483396,600,121
560,0,5,172.9249464,200,97
561,0,10,645.2201552,1400,940
562,0,0,205.9426982,300,331
563,0,0,609.0357479,1700,837
564,0,10,1416.407962,2200,985
565,1,0,563.2025384,800,261
566,1,21,851.1966743,1200,614
567,0,19,440.6926952,500,413
568,0,0,748.124957,800,537
569,0,1,596.1384829,600,230
570,1,0,1402.972694,2300,127
571,1,0,771.4197287,2300,735
572,0,9,990.2404239,1000,623
573,1,1095,314.54016,500,175
574,1,0,871.7388805,1800,597
575,0,6,1040.794281,1400,579
576,1,0,818.3859082,1000,155
577,0,9,812.0520155,900,145
578,0,0,26.4769919,700,785
579,1,32,491.483839,600,74
580,0,25,273.2016782,600,372
581,1,9,127.9877323,700,244
582,0,0,609.8027519,1400,819
583,1,67,504.7850297,1500,669
584,0,2,864.4647854,1300,707
585,1,265,194.8980894,500,187
586,1,25,143.2334096,200,157
587,0,6,1191.811877,1400,875
588,0,0,157.0464985,1900,695
589,1,9,815.5603061,1000,380
590,0,23,614.8461987,1000,174
591,0,0,1280.183625,1400,880
592,0,6,1077.16324,1800,827
593,0,0,1766.648306,2200,886
594,0,2,417.7061082,2500,990
595,0,22,1.313002146,1100,505
596,0,0,93.66727807,200,265
597,1,42,143.8175926,600,263
598,0,2,628.9756663,2600,922
599,1,2,237.7557374,700,125
600,1,6,74.41806046,1000,323
601,0,2,86.89016985,500,400
602,1,12,105.2421985,300,77
603,1,2,346.4289956,1000,53
604,1,0,522.5419252,900,109
605,1,0,868.7353358,1100,162
606,0,0,767.587616,1000,409
607,0,0,396.4555124,1700,894
608,0,0,474.9066735,1200,931
609,0,2,184.0964509,1800,883
610,0,0,1732.804161,2400,821
611,0,17,475.4142546,600,568
612,1,43,190.6298518,1000,386
613,0,5,405.0991589,1100,839
614,0,3,407.9246527,1700,848
615,0,6,1886.624612,2000,802
616,0,0,947.7615232,1600,973
617,0,0,446.5569659,1200,944
618,0,5,95.47737844,1000,643
619,1,7,117.7652513,200,101
620,1,1,342.9645529,1200,172
621,1,2,468.5137853,1800,979
622,1,14,282.9972715,1500,507
623,0,0,436.1311703,2400,782
624,1,3,352.5110743,1100,23
625,0,14,829.4619546,1200,651
626,1,31,553.6943007,700,535
627,0,17,1222.05582,1400,569
628,1,1,629.1454134,700,29
629,1,63,76.48581695,200,185
630,0,0,370.0158437,1000,626
631,0,1,1539.629343,1800,993
632,1,25,123.2773162,300,404
633,1,2,836.9278727,1000,59
634,1,5,150.3237765,1000,429
635,0,5,503.3061076,1000,590
636,1,2,658.6864487,700,151
637,0,3,440.1291454,1300,796
638,1,0,69.75053387,300,33
639,0,2,543.8186664,1500,826
640,0,0,525.7437537,1200,554
641,0,0,1208.217444,1600,755
642,1,3,415.2332562,600,380
643,1,7,589.0972222,800,626
644,0,15,2170.966176,2500,893
645,0,1,226.8663838,1100,505
646,0,0,444.9833138,800,734
647,1,0,292.0829694,300,22
648,1,8,119.3350595,1300,159
649,0,1,744.3411171,2100,901
650,1,18,339.9651465,1900,630
651,0,0,1994.319726,2400,893
652,1,1,1002.453153,1200,0
653,0,0,285.2948354,1100,998
654,1,2,327.806975,800,496
655,0,10,811.6778803,900,364
656,0,0,860.3727612,1100,780
657,1,0,774.1322017,1700,528
658,0,2,649.9541876,2800,809
659,0,0,155.6556314,2200,830
660,0,0,751.7885142,1600,879
661,0,0,151.6810997,700,593
662,0,0,695.7935083,700,649
663,0,1,1327.981024,1400,785
664,0,128,379.2983655,500,73
665,0,4,482.1863655,700,425
666,0,0,74.57918672,600,598
667,1,8,34.9968664,600,344
668,1,10,262.0337085,1900,745
669,0,0,965.9087513,1500,925
670,0,17,1071.098002,1400,704
671,0,0,1092.161296,1100,705
672,1,151,1421.585225,1700,656
673,0,1,2751.505321,2800,999
674,1,2,330.7541143,600,409
675,1,2,819.8076582,900,340
676,0,0,908.9840986,1300,793
677,0,0,206.779138,700,82
678,1,37,307.8864204,400,103
679,0,2,148.7520563,900,636
680,0,0,999.0285785,1100,575
681,0,1,475.4755314,1400,839
682,0,1,1568.411767,1700,897
683,1,40,60.66551769,1600,683
684,1,105,8.375310983,200,33
685,0,4,1345.860513,1800,995
686,1,19,124.5132659,300,204
687,0,0,754.4017609,2200,813
688,0,6,1565.549344,1800,798
689,0,1,297.5030513,1100,911
690,0,700,195.8430883,300,111
691,0,0,264.6475879,3200,848
692,0,0,566.5462263,800,427
693,1,0,999.0311633,1000,597
694,0,0,527.5867394,2000,941
695,0,26,137.9908743,1000,660
696,0,3,272.4704392,500,293
697,0,19,30.24114512,500,252
698,0,12,1066.601884,1200,695
699,0,11,105.0342385,600,267
700,0,0,154.8156929,200,644
701,0,9,49.49425396,700,584
702,1,2,632.9586578,700,291
703,1,28,2229.930473,2400,960
704,0,4,108.0863906,700,401
705,0,0,1107.509301,1800,979
706,1,6,791.5953632,900,227
707,0,0,78.48216926,1300,781
708,1,1,485.971178,1300,489
709,0,0,118.0034474,400,114
710,1,0,415.4062966,1500,865
711,0,1,240.8843439,1100,409
712,0,6,360.0824159,400,214
713,1,34,778.8267372,900,338
714,0,1,314.0619964,400,588
715,0,0,658.8390918,1600,761
716,0,12,502.1714752,1000,588
717,1,0,220.288393,1500,593
718,1,0,585.0074177,600,176
719,0,47,595.7127264,600,386
720,0,0,107.3738645,2300,944
721,0,0,686.6373297,1100,541
722,0,25,705.2435651,1200,892
723,0,0,410.0487275,800,767
724,1,61,1656.539346,1900,623
725,0,0,259.3416045,600,715
726,1,5,176.2115925,600,419
727,0,15,239.9403943,1100,545
728,0,205,174.0506261,900,377
729,0,24,230.5072521,800,7
730,0,2,600.5145758,1400,503
731,0,10,740.5720206,1300,353
732,1,18,985.623145,1100,695
733,0,2,261.4144925,900,539
734,0,2,85.40928709,700,353
735,0,26,1267.792063,1300,600
736,1,2,215.0016032,700,308
737,0,5,1261.787348,2200,821
738,1,94,1728.137196,1800,663
739,0,4,253.9994061,1000,663
740,1,104,617.8530848,700,124
741,1,3,52.04558424,300,340
742,0,1,1549.876026,2700,935
743,1,1,183.9962804,600,310
744,0,0,663.1009592,1100,806
745,0,1,49.26933658,1500,901
746,0,0,159.0673888,1300,978
747,1,1,65.59928821,200,144
748,1,12,18.05876787,200,16
749,0,0,444.0213807,2600,926
750,0,29,106.1617904,700,17
751,0,0,231.3575518,700,231
752,0,0,1622.500213,1700,887
753,0,0,728.0157094,2200,878
754,0,0,947.0372087,1900,875
755,0,11,554.5118298,2100,835
756,1,26,43.31646143,1100,61
757,0,8,166.4072585,300,26
758,1,31,124.2390944,1000,36
759,0,0,610.7047914,1100,683
760,1,18,166.0733357,200,177
761,0,6,81.77739354,800,695
762,0,0,934.8646778,1800,722
763,0,0,770.3468458,1200,537
764,0,17,49.43406174,2200,984
765,0,0,592.1336021,2100,751
766,0,0,136.3570516,1300,766
767,1,4,124.1032805,200,158
768,1,8,537.2568172,1200,312
769,1,15,306.3272474,900,368
770,0,20,47.34624751,600,594
771,1,13,196.8071637,1000,488
772,0,3,432.6172193,1100,710
773,1,425,108.128888,800,569
774,1,24,613.0506957,800,417
775,0,0,688.1076263,1600,778
776,1,10,243.0815348,400,170
777,0,0,726.5108072,2000,647
778,0,0,881.7121695,1600,990
779,0,1,647.7412224,1500,627
780,1,3922,580.4080834,700,470
781,0,0,557.8334622,1000,798
782,0,1,1254.367927,1900,720
783,1,71,367.7401151,800,460
784,0,51,300.5752914,600,45
785,0,0,132.7588144,1200,595
786,0,0,1043.30416,1300,789
787,1,35,132.2220142,600,291
788,0,2,350.483764,900,554
789,1,16,345.4426049,700,60
790,0,0,518.7764579,1000,631
791,0,5,65.88494427,1000,658
792,0,5,821.1912103,1000,504
793,1,28,347.7308671,2900,981
794,0,16,550.0825413,700,297
795,0,100,1198.366897,1300,562
796,0,2,539.8806681,600,345
797,0,1,1250.870505,1600,884
798,1,3,291.8524251,800,395
799,1,0,817.0248967,1000,272
800,1,4,831.0443011,1000,437
801,0,5,1281.727268,2000,790
802,0,1,1157.977124,2000,819
803,0,1,5.528372356,1600,827
804,0,8,68.04312046,500,376
805,0,1,1305.964172,1600,764
806,0,0,783.8618317,1100,385
807,1,0,771.7327646,800,592
808,1,1,569.562588,700,23
809,0,0,1078.09021,1400,752
810,0,0,1037.996715,2400,912
811,0,0,917.5484987,1400,549
812,0,0,50.52441042,1300,799
813,1,0,1075.351552,1600,805
814,0,4,1551.471383,2200,969
815,1,17,496.9145452,1300,473
816,1,95,559.3576315,700,379
817,1,48,529.1472023,800,693
818,1,24,279.7323545,800,219
819,0,0,953.3405684,1200,857
820,1,0,212.059314,400,228
821,0,23,481.4509461,1500,744
822,0,0,186.376816,2000,931
823,1,0,94.0050125,900,599
824,0,1,2277.785872,2300,936
825,1,11,172.0069672,200,159
826,1,33,772.3975508,800,302
827,1,5,456.7516179,900,476
828,0,2,437.0921584,700,492
829,0,6,100.5674652,700,364
830,1,0,82.71127158,300,13
831,0,2,556.6004417,600,724
832,0,2,99.33585289,900,368
833,1,2,188.5691167,400,73
834,0,1,253.7994642,400,194
835,1,83,419.1691729,500,595
836,1,60,1229.680309,1300,569
837,1,0,864.7561684,1000,535
838,0,2,483.3915486,1000,633
839,0,300,927.9006384,1200,355
840,1,179,393.1552257,1000,116
841,0,18,308.0897185,500,74
842,1,0,352.5346005,900,424
843,0,0,196.0517924,200,126
844,0,9,111.843439,600,290
845,0,0,130.6118792,200,186
846,1,20,1011.244386,1700,531
847,0,16,44.94732143,200,142
848,0,0,1814.658238,2200,964
849,1,2,1196.418337,1500,517
850,1,15,283.1364439,1000,623
851,0,0,1155.705897,1800,702
852,0,6,1369.281474,1700,858
853,1,17,72.9179661,1100,630
854,0,1,105.8448987,200,83
855,0,0,1350.077554,1500,742
856,0,10,750.3559158,1000,436
857,0,0,651.5353748,1800,902
858,0,2,533.1550407,2200,872
859,0,0,171.4789073,800,204
860,1,0,20.44531384,600,12
861,1,3,421.4695775,1300,436
862,1,50,303.9508163,400,61
863,0,9,317.4740813,1700,504
864,1,2,41.79226682,600,313
865,1,32,78.85901358,200,94
866,1,0,764.6889559,800,529
867,0,1,777.6654501,800,378
868,0,1,164.9998371,300,226
869,0,5,109.3219239,900,455
870,1,1,819.7662614,900,395
871,0,0,767.1553762,900,461
872,1,4,155.9307716,200,47
873,0,0,398.5297689,1400,595
874,0,0,433.8981556,1100,776
875,0,0,1340.431317,2500,933
876,0,1,421.5166511,1700,599
877,1,0,419.3862199,700,205
878,1,35,50.18674932,200,56
879,0,2,308.6697897,500,3
880,1,66,2037.818679,2500,962
881,0,1,1523.169811,2000,874
882,0,1,525.3375878,1400,724
883,1,22,469.5813858,1100,566
884,0,0,937.3176288,1500,811
885,0,0,676.0723868,2300,872
886,1,99,520.2784724,1400,605
887,1,3,462.8555751,900,796
888,0,0,1065.867295,1900,866
889,0,2,732.4396772,1300,591
890,1,12,222.0249986,500,298
891,0,2,345.4004647,1900,891
892,1,65,1073.611922,1200,730
893,1,0,38.95471636,200,183
894,1,0,1078.847768,1300,36
895,1,4,141.971944,800,398
896,1,10,1015.884899,1500,611
897,0,1,154.916266,1200,922
898,0,0,412.5570292,1200,674
899,1,14,877.9506208,900,273
900,0,3,133.4741338,800,237
901,1,26,73.25872422,400,325
902,0,1,102.8982091,600,445
903,0,7,529.0335061,700,403
904,1,0,760.7865517,1700,732
905,1,0,773.7312576,1100,520
906,0,1,578.1982514,700,85
907,1,42,70.7561858,400,391
908,0,7,110.1934112,600,321
909,0,0,83.26421885,400,398
910,1,2,391.8605479,600,57
911,0,0,1204.089221,1300,662
912,0,2,247.3669161,900,432
913,0,0,501.7588506,1900,912
914,0,11,251.8056619,500,128
915,1,192,765.1216781,1100,584
916,1,21,119.2056724,1000,549
917,1,6,141.5205322,1100,536
918,0,0,1978.324173,2000,941
919,0,2,625.244153,900,795
920,1,41,155.6844841,200,189
921,0,0,1167.075083,1700,977
922,0,2,552.0702439,700,228
923,0,0,1587.267641,1800,825
924,0,8,606.9300503,1800,913
925,1,51,1571.103402,1800,514
926,0,250,351.9502695,900,213
927,0,2,1225.926194,1600,622
928,1,10,1453.043893,1900,870
929,0,7,1300.237816,1600,770
930,1,91,537.2690641,1400,765
931,1,41,242.7025528,1200,691
932,0,3,381.0161858,1200,697
933,1,71,867.4270151,1800,759
934,0,8,162.8179624,500,396
935,1,17,1173.756236,2500,940
936,1,2,469.1768765,1000,539
937,0,0,1292.715425,2700,705
938,0,4,182.6199055,300,417
939,0,14,77.24701943,1100,543
940,1,4,154.626512,200,287
941,1,0,1108.634575,1800,671
942,0,1,33.82175582,300,713
943,0,0,915.1456919,1500,657
944,0,0,922.0883365,1900,923
945,0,1,389.495046,1300,923
946,0,2,1615.391838,1900,910
947,0,15,230.8174258,500,5
948,1,3,47.22947852,200,20
949,1,7,293.8837518,800,275
950,1,7,111.4791282,300,71
951,0,0,876.8752517,2000,996
952,1,0,281.1010149,800,38
953,1,2,363.1993237,1200,524
954,0,0,167.8133513,1000,573
955,1,18,678.8573776,900,505
956,0,2,1471.098421,2000,848
957,0,0,614.4252285,1600,980
958,0,1,1024.520454,1300,505
959,0,10,1214.466603,2100,979
960,1,1,561.0404501,600,456
961,1,29,433.6533428,900,344
962,0,0,315.765591,1900,797
963,0,0,234.7706884,600,653
964,0,5,555.5514342,2000,956
965,0,0,1452.395426,2000,995
966,0,24,97.9955069,700,138
967,1,35,777.5069472,800,401
968,0,7,716.509412,800,347
969,0,0,968.9318205,1000,535
970,0,8,274.1740352,400,469
971,0,0,405.1452931,1600,944
972,1,2,380.4183914,1600,9
973,0,0,457.1772349,2400,981
974,0,4,185.3541938,1100,547
975,0,0,1366.467132,1900,910
976,0,4,782.7287627,2000,603
977,0,0,1150.811022,1500,501
978,0,3,253.9134521,1200,655
979,0,0,128.4578581,800,816
980,1,39,430.0257742,700,20
981,0,7,773.2355617,1100,501
982,0,3,303.1588913,1200,813
983,0,7,1385.577695,1600,906
984,0,1,499.6893838,1100,344
985,0,6,90.39866042,200,183
986,1,15,1116.952153,1400,496
987,1,24,192.471778,1000,597
988,0,0,1127.514658,1500,902
989,0,0,1234.168861,1400,685
990,0,0,828.2223554,1400,560
991,0,0,33.0744058,1400,823
992,0,37,742.33393,800,423
993,0,7,511.5301601,800,417
994,0,1,335.6896189,700,518
995,0,0,479.3417174,1100,816
996,1,9,94.12785393,200,197
997,1,32,77.79033488,200,178
998,0,1,177.9851021,2100,820
999,0,2,557.2056105,1400,861
1000,0,244,187.6269827,1300,20
1001,1,127,40.22491727,1900,854
1002,1,47,296.4801369,1000,313
1003,0,3,84.38174351,200,120
1004,1,22,1266.093989,2000,139
1005,1,363,401.5615983,1500,520
1006,1,46,526.7186749,1300,469
1007,0,0,382.4350454,1300,759
1008,0,0,166.4682166,1900,762
1009,1,41,150.7989992,800,496
1010,0,2,28.19169226,800,228
1011,1,0,824.7958818,900,35
1012,0,0,1449.414956,2300,988
1013,0,3,625.8491544,1200,563
1014,1,0,273.7901073,1300,411
1015,0,4,37.53471454,200,170
1016,0,0,587.5183639,2300,856
1017,0,6,1322.403479,1400,772
1018,0,209,41.0094728,200,45
1019,0,2,92.0869499,700,363
1020,0,1,265.8746587,600,985
1021,0,0,708.7551994,1400,713
1022,0,16,551.9686881,1600,755
1023,1,0,457.1325101,500,375
1024,0,2,595.2591678,800,245
1025,0,0,641.9065184,900,451
1026,0,0,33.00782995,300,28
1027,0,1,2.197743558,900,37
1028,0,0,1947.250843,2100,957
1029,1,1,238.1542179,700,319
1030,0,2,757.0309519,1200,480
1031,0,25,1249.584878,1500,820
1032,0,0,84.25923103,200,47
1033,0,0,1617.384922,1700,843
1034,0,18,379.1262143,1000,312
1035,0,0,93.11610947,500,436
1036,0,3,465.5112698,500,409
1037,0,12,206.4852664,400,117
1038,1,7,105.7605496,1100,764
1039,0,3,967.5148022,1000,602
1040,0,11,429.8233957,700,278
1041,0,1,0.511412544,200,115
1042,0,4,814.9705439,1100,521
1043,0,0,792.4238573,1400,879
1044,1,32,208.5818594,1100,421
1045,0,13,85.84171623,200,177
1046,0,6,460.5213778,600,381
1047,0,3,43.08597548,600,443
1048,1,70,810.4455115,900,378
1049,1,2,773.8640334,1100,97
1050,1,15,133.5485133,400,150
1051,1,0,1296.339449,1800,688
1052,0,44,229.0325184,1000,500
1053,0,0,792.3295301,800,293
1054,1,51,1406.275255,2100,663
1055,1,0,46.99723886,1100,560
1056,0,2,589.4495578,1600,837
1057,1,6,620.3132128,1000,242
1058,0,23,356.4972361,1000,559
1059,0,11,1423.026037,1500,577
1060,0,0,432.6293949,1200,521
1061,1,0,119.0017051,200,73
1062,1,7,157.4183732,600,344
1063,1,0,642.7849231,1200,22
1064,1,0,138.7954552,1400,527
1065,0,0,200.6668474,500,468
1066,0,7,855.2857647,2400,818
1067,0,6,1001.31699,1600,637
1068,0,11,1052.150413,1100,868
1069,0,204,393.1021874,800,50
1070,1,775,298.0283936,1000,571
1071,0,8,1967.509174,2000,871
1072,0,0,366.1790393,400,400
1073,0,7,8.842405481,800,321
1074,0,0,2339.142778,2600,910
1075,0,7,178.8326042,200,162
1076,1,59,1781.423213,1900,899
1077,0,92,682.3859782,1100,736
1078,0,3,99.1725234,300,144
1079,0,3,151.1066677,2100,879
1080,0,9,39.78131067,300,40
1081,0,8,223.1628733,1400,603
1082,1,32,1474.437502,1600,819
1083,1,2,424.1619458,600,36
1084,0,5,387.5862564,800,127
1085,1,3,466.1940605,600,356
1086,1,6,185.2454281,1200,446
1087,1,1,179.3982214,600,260
1088,0,2,316.2906701,1100,936
1089,0,9,945.5634444,1300,175
1090,1,7,517.048222,1000,456
1091,1,5,342.3477607,1300,63
1092,1,1,330.3493282,1500,522
1093,0,8,66.66617334,200,112
1094,0,14,924.713936,1400,596
1095,0,8,25.70963033,700,462
1096,0,7,411.9073564,1600,547
1097,0,5,207.7798947,500,774
1098,1,27,236.8847148,700,347
1099,0,9,457.6570974,1400,509
1100,0,9,364.2357733,500,413
1101,1,6,127.2195926,600,56
1102,1,54,106.1363132,200,81
1103,0,3,668.5836267,900,674
1104,0,0,565.659733,1700,936
1105,0,8,293.2428912,300,646
1106,1,0,519.8803269,800,521
1107,1,5,433.8921874,900,188
1108,0,0,176.1017275,700,340
1109,1,4,321.1287212,500,293
1110,1,26,151.5287511,1200,365
1111,0,0,419.0713181,500,192
1112,1,6,239.5615268,300,271
1113,0,9,805.7312401,900,417
1114,0,3,1358.979405,2200,912
1115,0,0,378.8441969,500,228
1116,0,0,427.0858527,2400,905
1117,0,19,33.08942843,200,194
1118,0,0,1293.510236,1500,857
1119,1,25,286.0208042,1400,526
1120,0,0,473.622474,1700,927
1121,1,37,508.9638576,600,69
1122,1,7,627.2742929,700,178
1123,1,1,398.0195939,1600,130
1124,0,5,28.37153083,200,184
1125,0,1,1642.910822,2000,724
1126,0,19,341.7246854,600,85
1127,0,2,545.1777714,2100,807
1128,0,0,959.1436224,1900,829
1129,0,11,236.4586673,400,312
1130,1,0,416.4943688,1000,440
1131,0,1,693.587007,2200,700
1132,1,10,195.3852127,200,67
1133,1,1,329.7352665,1100,561
1134,1,3,181.7765167,900,374
1135,1,130,321.4828903,1100,398
1136,0,1,998.8663033,1900,988
1137,1,6,505.7370708,800,323
1138,0,0,213.331428,1700,859
1139,0,98,167.810975,500,385
1140,1,12,594.6643156,800,8
1141,0,0,41.34078174,900,734
1142,0,5,424.480755,800,395
1143,1,0,1254.420105,2100,769
1144,1,0,95.13392797,600,112
1145,1,36,55.00132868,2200,832
1146,0,0,604.9328367,900,719
1147,0,6,192.2886184,200,219
1148,0,0,878.8779713,1400,602
1149,1,0,69.87148923,200,412
1150,0,4,495.670658,1100,823
1151,0,3,502.6839218,1100,577
1152,1,29,122.4823068,200,54
1153,0,0,583.7201895,2100,813
1154,0,7,464.0679733,1800,987
1155,0,6,516.7818288,600,302
1156,0,0,1009.347587,2300,959
1157,1,11,198.6785195,400,403
1158,0,0,218.142997,900,676
1159,1,214,584.098752,1600,578
1160,0,1,1865.670459,2200,656
1161,0,0,387.3029678,1900,931
1162,0,8,991.7726414,1200,425
1163,1,37,40.10402567,200,675
1164,0,2,840.8191504,2500,701
1165,0,0,1218.964209,1400,899
1166,0,443,516.1804167,700,87
1167,0,4,357.4811806,700,307
1168,0,0,610.2544511,1300,902
1169,0,0,1057.761681,1200,750
1170,0,0,577.9119189,1300,946
1171,0,1,150.9691699,1100,686
1172,0,4,126.7815191,200,235
1173,0,0,1481.844183,1500,692
1174,0,20,414.9160462,1000,969
1175,1,8,1.437875543,400,220
1176,0,7,27.08074213,1100,483
1177,0,0,86.30580863,1000,632
1178,1,5,65.62061019,200,49
1179,1,1,495.4599554,2000,606
1180,0,0,711.172143,1900,675
1181,1,2,330.2366766,1100,190
1182,0,5,1008.319535,1300,564
1183,0,2,339.6391414,900,391
1184,0,11,350.6556314,1300,509
1185,0,0,775.2249891,1400,638
1186,1,43,129.5689872,200,199
1187,0,27,14.03762167,500,250
1188,1,2,999.6794212,1000,195
1189,1,3,43.87791527,200,88
1190,0,4,84.23284258,200,185
1191,1,5,318.8709752,400,2
1192,0,3,597.2143931,1100,11
1193,0,11,1135.640318,2300,834
1194,1,108,118.8133085,200,36
1195,1,35,135.8410561,500,59
1196,0,2,545.6586845,1000,658
1197,0,0,218.545074,600,486
1198,0,0,2109.213461,2400,908
1199,0,1,38.00526558,300,63
1200,0,6,1128.691445,1900,862
1201,0,0,1076.930777,2100,951
1202,0,6,229.4225621,400,246
1203,0,5,370.8228171,1500,653
1204,1,2,247.5761958,900,335
1205,1,16,136.3434998,200,179
1206,1,113,477.7761104,700,389
1207,0,3,367.336601,700,378
1208,1,1,125.8011104,300,91
1209,0,2,164.3292348,1600,751
1210,0,1,814.3584836,1000,751
1211,1,3,141.8762468,1900,630
1212,0,0,1173.223505,1800,913
1213,1,4,417.9846638,1100,560
1214,0,7,758.6274084,1800,652
1215,0,7,99.54979631,1100,310
1216,1,16,370.1008899,1000,244
1217,0,0,95.99897851,2400,992
1218,1,556,332.4411944,1100,252
1219,0,0,780.1674936,2300,941
1220,1,0,8.954487467,1300,661
1221,1,76,191.8246799,200,92
1222,1,2,277.2088439,600,243
1223,1,14,128.6034991,1500,755
1224,0,0,612.7380789,2000,989
1225,1,2,563.922463,1200,499
1226,0,5,1033.39873,1200,577
1227,0,0,254.2389018,1200,768
1228,0,17,992.9940851,2000,937
1229,0,0,94.86665699,2000,862
1230,0,1,1404.364045,1900,976
1231,0,0,579.2296181,2000,859
1232,0,7,275.8497824,700,98
1233,0,1,715.2826037,800,488
1234,0,0,273.6235907,600,768
1235,0,1,2529.466936,2800,938
1236,0,0,666.4965123,800,795
1237,1,9,157.9399112,200,195
1238,1,2,16.73930554,800,645
1239,1,1,106.1271452,1100,552
1240,0,1,1367.766119,1400,826
1241,0,0,670.1693949,1200,623
1242,1,0,499.1596736,700,82
1243,0,2,173.6082238,1400,804
1244,0,3,1420.454214,1600,900
1245,1,5,230.6493977,1400,68
1246,0,0,52.99163482,200,31
1247,0,3,680.2005849,900,294
1248,1,16,212.2554162,800,283
1249,0,200,142.8430248,600,99
1250,1,62,942.8200177,1600,833
1251,0,11,451.1109129,1000,298
1252,0,2,292.6495308,700,406
1253,0,40,1309.348363,1400,842
1254,1,0,126.4335578,600,444
1255,0,15,139.8718452,1500,616
1256,1,51,304.1114377,700,355
1257,0,7,49.51803514,1700,663
1258,0,1,566.4522345,1400,857
1259,0,2,289.0377348,300,253
1260,0,0,1888.688575,2600,834
1261,0,8,259.6404887,1300,855
1262,0,5,244.304827,300,297
1263,0,2,1317.136918,1700,633
1264,0,3,921.5090927,1700,513
1265,0,0,120.9835594,700,756
1266,0,0,368.1620565,1300,786
1267,1,4,631.3694624,1100,547
1268,0,10,11.28520986,1400,736
1269,0,9,838.2670492,1200,910
1270,0,0,760.0977301,1800,947
1271,0,2,1318.869473,2000,910
1272,1,2,606.6795977,1000,535
1273,1,0,702.3552559,800,477
1274,0,1,187.3622386,700,433
1275,0,0,515.8212188,1500,980
1276,0,1,266.7787978,900,416
1277,0,3,1175.168688,1200,869
1278,0,5,1251.900313,1700,950
1279,0,221,387.9038053,400,252
1280,0,0,54.03738101,800,400
1281,0,94,544.9024706,2300,819
1282,0,0,409.6750707,1700,833
1283,0,4,354.7574569,600,19
1284,1,37,618.1454493,800,291
1285,1,35,458.9244353,1000,671
1286,0,8,978.740317,1200,865
1287,0,0,1794.241002,1900,782
1288,0,21,75.36606968,200,188
1289,1,56,56.11563247,1100,303
1290,0,5,492.1301681,600,275
1291,0,2,453.8330752,900,459
1292,0,0,1293.347668,1400,759
1293,0,0,138.7828087,900,455
1294,1,4,275.9241245,500,448
1295,1,0,81.90549266,700,564
1296,0,0,660.7516176,800,454
1297,0,0,2563.583577,2600,959
1298,1,1,567.2447162,600,213
1299,1,58,384.6154353,800,79
1300,0,105,394.1398087,500,412
1301,0,0,834.2560452,2100,919
1302,1,16,374.0813849,600,90
1303,0,0,514.876022,1200,863
1304,0,2,1191.098763,2400,956
1305,0,0,390.6885838,800,648
1306,0,0,1351.417751,1800,884
1307,1,0,259.4951505,300,273
1308,0,0,704.0352587,2000,834
1309,1,0,895.3771577,1100,78
1310,1,58,152.6637242,400,488
1311,1,0,237.2555521,500,2
1312,1,0,101.615491,200,35
1313,0,8,155.4084836,200,36
1314,0,3,618.6421366,700,674
1315,1,9,242.7027798,900,225
1316,0,6,30.74989231,400,111
1317,0,0,645.9817405,2700,899
1318,0,0,485.1084533,1500,917
1319,0,27,260.99723,600,359
1320,0,1,372.9556456,1600,671
1321,1,1,452.7439679,900,87
1322,1,1,963.7162503,1000,400
1323,0,0,287.3793532,1100,983
1324,1,3,213.6967971,500,445
1325,0,11,1014.454315,1500,845
1326,1,0,952.0664543,1700,589
1327,1,19,665.5529211,700,283
1328,0,7,817.7874471,1500,717
1329,0,0,542.5922128,1500,956
1330,0,0,1377.553705,1500,752
1331,0,31,100.557624,200,90
1332,0,5,296.8747146,700,262
1333,0,58,35.79055161,800,436
1334,1,3,82.07498858,200,41
1335,0,49,132.2890903,200,184
1336,0,0,951.6765939,2200,882
1337,0,2,673.3198627,2000,953
1338,0,0,888.7655262,1000,729
1339,1,0,691.8284707,1100,147
1340,0,2,97.30241449,400,408
1341,1,5,47.77883352,1000,593
1342,0,0,229.5089561,1900,972
1343,0,0,771.5151298,1200,585
1344,1,27,276.1048324,800,407
1345,1,1,367.5034667,400,17
1346,0,0,410.5745774,600,297
1347,0,7,34.22316303,200,178
1348,0,0,14.90882037,400,285
1349,0,0,358.4137023,1000,997
1350,0,1,1521.407195,1900,714
1351,0,8,1312.051952,1600,824
1352,1,21,960.3210191,1200,303
1353,1,0,296.3123498,700,166
1354,0,0,217.9180167,700,213
1355,0,4,199.5312613,200,56
1356,1,33,452.2883535,600,629
1357,1,2,932.9335183,1100,733
1358,0,1,742.0443791,1300,539
1359,0,0,278.6824433,800,729
1360,1,55,283.8613396,600,417
1361,0,3,451.1325223,700,143
1362,1,0,260.7364936,500,319
1363,1,134,720.5216344,1000,260
1364,0,2,1377.747691,1700,924
1365,0,10,1649.158894,1900,897
1366,1,20,571.8870932,600,269
1367,0,0,246.9326634,300,389
1368,0,208,13.9903063,400,306
1369,0,0,1952.034157,2000,880
1370,0,15,185.4650958,300,106
1371,1,7,563.8101958,700,33
1372,0,1,1151.82417,1700,711
1373,0,0,199.3831095,2100,935
1374,1,0,78.16828323,200,48
1375,0,1,248.0600722,1900,758
1376,0,0,1190.404184,2000,867
1377,0,0,532.5761643,700,145
1378,0,4,42.22684205,200,4
1379,0,14,1156.738532,2200,960
1380,1,0,759.8373031,900,388
1381,0,0,2041.945808,3200,996
1382,0,1,400.3402444,1700,595
1383,0,2,650.4146683,1200,666
1384,1,5,226.5684492,1100,544
1385,0,0,782.76734,1400,528
1386,1,6,437.3300595,1000,470
1387,0,0,613.7126866,1800,748
1388,0,1,1390.774678,2000,655
1389,0,0,243.8931958,1500,998
1390,0,12,779.2453145,1600,576
1391,0,10,324.3243135,700,66
1392,1,7,850.4234826,1100,492
1393,0,9,342.5835806,1300,674
1394,1,30,87.10576641,200,131
1395,0,0,1102.557128,2000,836
1396,0,17,559.8227296,1200,508
1397,0,2,1607.916243,1900,984
1398,1,12,220.1078064,1200,5
1399,0,27,632.8529215,1200,505
1400,1,0,1017.367348,1100,549
1401,0,9,851.983125,1100,325
1402,0,0,23.17995208,200,731
1403,1,1452,517.810446,700,545
1404,1,29,777.5943491,900,286
1405,0,28,817.7400348,1900,836
1406,0,1,1060.883464,1300,779
1407,1,65,500.5203196,700,9
1408,0,2,874.4639445,1300,735
1409,1,15,436.4247301,700,385
1410,1,59,520.1042094,900,360
1411,0,0,434.7018033,1000,457
1412,0,2,0.685925878,2100,942
1413,0,0,194.5052192,200,716
1414,0,1,262.9845906,500,469
1415,0,0,781.5469186,800,487
1416,0,0,581.343361,1700,882
1417,0,267,479.3679724,800,381
1418,0,6,320.9178546,1100,259
1419,1,10,108.379268,400,350
1420,0,0,541.0479651,1900,686
1421,1,50,89.34418184,600,617
1422,0,0,254.0823475,2300,867
1423,0,0,807.9769472,900,248
1424,1,615,100.2329016,200,99
1425,1,39,328.4341243,400,195
1426,1,26,12.14390064,700,547
1427,0,3,34.80212997,300,10
1428,1,168,7.460833787,200,16
1429,0,0,308.9741191,1000,803
1430,0,0,386.853966,2300,819
1431,0,0,416.2086817,600,239
1432,0,3,428.9686851,800,744
1433,1,3,381.4747513,400,156
1434,0,1,507.9220283,1000,575
1435,0,0,496.2457725,1000,841
1436,0,1,382.2176567,600,9
1437,0,1,8.299518728,200,117
1438,0,3,241.3899702,2300,990
1439,1,7,121.5916408,200,167
1440,0,4,109.4673978,600,484
1441,1,2,214.3807553,600,244
1442,0,13,36.32032018,800,534
1443,0,0,277.9717787,800,364
1444,1,5,470.5835882,800,269
1445,0,391,685.7897645,800,479
1446,1,887,406.4155569,700,487
1447,0,0,362.6215824,1700,840
1448,1,20,380.0703973,900,124
1449,1,0,896.7203724,900,537
1450,1,0,522.0387176,600,225
1451,1,40,279.8738895,1200,725
1452,0,1,464.2516799,1300,727
1453,0,0,1067.459566,1900,931
1454,0,60,171.4377704,200,46
1455,0,1,90.26830933,2200,889
1456,0,3,178.0253658,200,498
1457,0,0,919.5105598,1800,866
1458,1,7,9.395897243,400,288
1459,0,23,194.2999468,1100,318
1460,0,18,334.2274022,400,154
1461,0,8,85.00525543,400,473
1462,1,4,882.3976298,1400,687
1463,0,0,1318.14844,1500,952
1464,1,5,950.7937644,1600,67
1465,0,0,488.8950868,500,228
1466,0,0,79.13944116,1000,898
1467,1,0,740.3180028,900,357
1468,0,9,176.5347026,200,125
1469,0,9,382.8535293,900,666
1470,0,15,80.13415174,200,65
1471,0,0,702.1415429,900,731
1472,1,0,229.5302241,600,671
1473,1,86,390.146072,1200,569
1474,1,1,116.7329625,200,44
1475,0,1,829.8432082,1400,546
1476,0,0,57.31875583,700,209
1477,0,3,171.1903301,600,425
1478,0,1,109.7584082,1200,692
1479,0,2,109.0862264,200,46
1480,0,1,311.102988,700,273
1481,1,3,272.7798378,1000,560
1482,0,2,225.3279339,400,861
1483,0,0,1015.483484,1300,769
1484,1,1,1111.992321,2000,592
1485,0,1,754.6756275,2000,699
1486,1,18,510.3175406,700,225
1487,0,1,1021.237031,1800,896
1488,0,3,312.333959,700,413
1489,0,1,104.8440709,400,445
1490,0,8,173.710187,700,70
1491,1,53,220.2706704,400,238
1492,1,0,177.6068873,600,483
1493,1,0,35.38307016,400,50
1494,1,21,369.3205953,800,358
1495,0,4,642.1711835,1400,507
1496,0,1,9.942785009,300,491
1497,0,2,181.6294562,1000,578
1498,0,0,154.1736569,300,269
1499,0,23,127.486919,500,377
1500,0,2,181.2063936,800,384
1501,0,1,1101.951614,1500,608
1502,1,0,1726.37697,2200,802
1503,0,1,368.9818697,700,40
1504,0,1,1391.497814,1600,591
1505,1,10,685.795121,900,395
1506,0,0,99.51274107,700,504
1507,0,23,577.5603855,600,404
1508,0,0,15.6239222,1200,743
1509,0,0,384.0120261,900,486
1510,1,0,66.90114825,200,172
1511,0,1,312.8287779,1500,624
1512,0,2,1686.657105,2100,907
1513,0,1,98.26711988,900,476
1514,0,124,829.8952715,1100,75
1515,0,0,954.2146351,2100,705
1516,1,2,393.6093593,500,402
1517,1,19,264.9447393,900,169
1518,0,0,2.403938196,900,276
1519,1,51,136.5112187,1200,933
1520,0,5,403.1817547,1300,637
1521,1,0,13.72135002,400,230
1522,1,0,511.6401345,800,297
1523,1,2,12.14211178,200,74
1524,1,1,650.7520397,800,213
1525,1,33,927.8185111,1200,83
1526,1,14,119.0514326,800,489
1527,1,0,194.8422341,500,12
1528,0,24,255.2746742,800,187
1529,0,0,932.971709,1200,621
1530,0,10,875.138689,1200,615
1531,1,63,619.7655912,1000,376
1532,1,0,438.2401559,900,292
1533,1,3,132.7642355,1200,686
1534,1,31,1076.75511,1600,681
1535,1,13,22.69024225,300,193
1536,0,5,302.0963738,500,863
1537,0,3,221.4621627,500,682
1538,0,0,1209.924963,1300,892
1539,0,0,950.9727562,1400,635
1540,0,0,187.32705,900,211
1541,1,3,578.2973042,600,275
1542,0,0,1740.270054,2200,980
1543,1,1,194.9689114,1000,526
1544,0,3,128.1973716,600,366
1545,1,25,138.2905888,200,62
1546,0,0,31.08334128,500,272
1547,0,0,203.8006592,1800,843
1548,0,0,286.6640885,2200,772
1549,0,43,88.78711315,800,273
1550,0,2,31.85024631,300,41
1551,0,2,382.1486413,900,454
1552,1,260,334.1071297,800,545
1553,0,3,148.4389074,800,276
1554,0,3,147.9120673,600,763
1555,0,2,103.3344772,1100,649
1556,1,4,61.14720214,600,37
1557,0,19,1185.160251,1200,596
1558,1,1,101.6894177,1800,975
1559,1,420,125.1751216,300,139
1560,0,9,446.4025879,700,238
1561,0,9,945.8314741,1600,973
1562,0,11,199.4281059,700,97
1563,1,0,190.1193154,200,58
1564,0,18,77.59591132,200,134
1565,0,4,103.5874849,1000,442
1566,0,0,966.0130646,1000,455
1567,0,0,165.869227,1900,868
1568,0,136,901.7811558,2600,950
1569,0,0,452.1427686,1100,539
1570,0,9,402.4717038,700,488
1571,1,148,679.4486943,800,187
1572,0,5,1854.896791,2000,911
1573,0,0,1876.825666,2200,969
1574,1,0,1006.88665,1200,63
1575,0,3,95.79929875,800,151
1576,0,2,200.4562954,900,288
1577,0,2,246.9083885,400,354
1578,0,1,769.7480775,900,189
1579,0,5,41.81076408,600,75
1580,0,7,175.3907691,700,872
1581,0,3,44.10210086,800,921
1582,0,1,302.1517547,2200,827
1583,1,2,93.60814201,200,476
1584,1,0,310.0868505,700,208
1585,0,0,669.7892108,1200,172
1586,0,1,388.5835385,600,656
1587,0,0,977.012401,1400,890
1588,1,40,91.25431496,900,379
1589,0,0,1200.847591,2100,980
1590,0,4,332.1050112,800,423
1591,0,1,557.371799,2000,922
1592,1,6,266.9080225,700,429
1593,0,2,171.281232,200,370
1594,0,11,1255.843552,2100,672
1595,0,6,948.8491086,1000,583
1596,1,0,139.4275479,400,90
1597,0,5,372.866848,600,448
1598,1,2,152.8893769,200,131
1599,0,1,199.3258522,700,332
1600,1,21,305.1640072,700,671
1601,1,0,435.7098037,700,214
1602,1,147,34.09704526,200,161
1603,0,1,356.8475135,1900,914
1604,0,3,856.6063725,1800,816
1605,0,0,366.7593506,1000,657
1606,1,38,337.1959866,1400,531
1607,1,4,160.8530786,200,139
1608,1,1,1007.679693,1100,221
1609,0,0,128.7200708,200,128
1610,0,0,230.4243579,300,681
1611,1,2,154.8507335,800,331
1612,1,611,87.92123007,200,147
1613,0,0,240.9159045,1700,768
1614,1,52,611.9059361,700,198
1615,0,0,332.5887104,400,311
1616,1,6,776.3207229,800,457
1617,0,0,1211.593861,1900,670
1618,0,1,661.5916173,900,583
1619,0,0,84.46010344,1000,959
1620,0,1,575.4329221,1900,702
1621,1,8,152.6692108,200,104
1622,0,4,61.21914462,2400,855
1623,0,12,215.2856253,500,25
1624,1,0,669.3924612,1600,515
1625,1,16,79.99891207,700,492
1626,1,0,91.10362649,200,182
1627,1,0,353.5454505,400,177
1628,1,1,190.6259891,200,150
1629,0,0,234.8734873,400,430
1630,0,5,309.2938987,600,164
1631,0,1,1016.944715,1400,745
1632,0,0,193.3861785,1500,967
1633,0,17,1013.046431,1300,175
1634,0,0,255.8764311,900,431
1635,0,0,130.5376444,1400,371
1636,0,7,1529.67161,1700,666
1637,0,1,423.6324069,1900,874
1638,0,7,43.93300768,900,407
1639,0,1,892.2111262,1300,733
1640,1,54,584.0141063,700,218
1641,0,7,100.3374747,300,668
1642,1,25,809.5333043,1200,645
1643,1,9,496.4562713,900,132
1644,1,22,422.8356636,900,383
1645,0,0,618.7779819,1000,641
1646,0,15,249.7845378,400,34
1647,0,0,657.2413876,1200,626
1648,1,26,161.8012408,800,607
1649,1,2,302.8728731,1200,796
1650,0,0,14.66375834,1900,787
1651,0,0,1317.510757,2000,769
1652,1,38,216.9556118,900,338
1653,1,0,91.82080012,200,180
1654,1,2,42.65601659,700,279
1655,0,1,381.3089296,1800,766
1656,0,0,222.3073097,500,229
1657,1,2,365.9652749,500,459
1658,0,0,641.7152928,1500,736
1659,0,1,195.3382838,400,11
1660,0,2,1575.794248,1900,817
1661,1,3,214.6542234,1100,454
1662,0,0,1404.602935,1700,771
1663,1,3,9.786057014,800,379
1664,1,27,173.0982604,300,298
1665,0,0,11.53338833,200,178
1666,1,1,323.2238624,1500,855
1667,1,5,5.043940545,200,29
1668,0,1,524.5269883,1200,317
1669,1,0,120.387803,200,69
1670,1,0,397.529876,900,142
1671,0,0,1649.937075,1900,934
1672,0,0,61.17263075,400,264
1673,1,0,537.7974366,600,492
1674,1,11,755.9673257,1100,500
1675,0,0,1055.967186,2500,886
1676,0,1,402.4996007,800,627
1677,1,68,1350.809811,1400,181
1678,1,4,628.3064251,800,370
1679,1,36,1356.610947,1700,986
1680,1,2,815.3580278,2300,823
1681,1,4,534.8632662,1300,676
1682,1,65,831.6052047,1000,622
1683,0,0,1128.012867,1600,738
1684,0,0,740.3024285,1900,815
1685,0,1,206.0736335,1400,723
1686,0,13,585.2583896,700,852
1687,0,0,454.6952401,500,640
1688,0,4,1158.117716,1900,834
1689,0,11,221.4401712,500,474
1690,0,1,720.7614956,900,299
1691,1,22,138.5975485,700,362
1692,0,164,67.15163971,800,213
1693,0,10,878.6578224,1600,950
1694,1,0,50.84476147,1000,276
1695,0,0,1192.470609,3100,886
1696,0,13,649.0322451,1100,518
1697,0,4,279.5081284,800,619
1698,1,8,329.9956227,1100,200
1699,0,22,403.4055024,700,113
1700,0,1,20.3233992,800,486
1701,1,0,135.093641,900,308
1702,0,0,963.9700415,1000,875
1703,0,0,1129.266852,2200,932
1704,0,0,190.9833714,200,49
1705,0,7,1259.705098,1300,971
1706,0,0,67.32020044,2900,945
1707,0,0,446.164449,1200,514
1708,0,5,435.8703098,900,598
1709,1,0,57.22660678,300,39
1710,0,0,286.6755094,700,828
1711,0,0,363.9966834,2200,797
1712,0,2,179.8686634,200,156
1713,0,3,622.7917566,800,460
1714,0,0,486.6034811,2200,857
1715,1,2,1366.936915,1600,678
1716,0,113,439.7776247,1400,53
1717,1,0,890.2543,1000,38
1718,0,1,157.5922412,200,131
1719,1,46,69.35221297,200,4
1720,0,6,889.6766347,900,708
1721,1,0,1014.060579,1700,615
1722,0,0,300.1352116,600,210
1723,0,7,549.292064,800,631
1724,1,3,1147.664002,1500,741
1725,0,0,351.6968808,700,689
1726,0,0,2176.851891,2300,975
1727,0,10,539.1725305,1600,616
1728,0,1,309.7088131,1400,944
1729,1,12,199.694053,500,421
1730,1,67,699.0880121,700,114
1731,0,4,360.1375374,1200,525
1732,0,0,1289.746545,1300,807
1733,0,7,782.5428027,1500,541
1734,1,3,473.025715,600,292
1735,1,3,510.2674258,700,418
1736,0,1,358.2711766,1200,636
1737,0,6,1729.779717,2300,665
1738,1,53,512.8705885,1500,612
1739,0,0,627.6225134,1000,819
1740,0,8,151.4326907,600,490
1741,0,2,843.9009806,1800,803
1742,0,0,188.3556448,500,395
1743,1,7,207.5121112,500,218
1744,0,6,1686.941323,1900,735
1745,1,30,274.1831646,1200,174
1746,0,0,176.6802616,200,117
1747,0,1,1079.742253,1400,841
1748,0,1,767.0724971,2300,947
1749,0,14,77.65424477,1000,797
1750,0,0,135.8530612,1000,748
1751,0,7,553.9246627,600,403
1752,0,0,772.9760888,1900,983
1753,1,18,1156.519856,1600,832
1754,0,0,811.3229091,1500,712
1755,0,1,355.6125701,800,477
1756,1,6,963.9412,1000,74
1757,1,228,96.0034095,700,583
1758,0,2,196.108141,800,996
1759,1,16,32.45351278,200,50
1760,1,93,251.0974977,600,305
1761,0,7,388.254601,400,357
1762,1,11,295.6756916,400,7
1763,0,0,226.5548942,2000,848
1764,0,0,1974.59998,2100,939
1765,1,81,195.6759881,300,37
1766,0,0,643.2655314,800,460
1767,1,37,1168.903354,1300,643
1768,0,0,1098.973337,1500,801
1769,0,0,184.0947455,1200,584
1770,0,0,110.1830168,200,45
1771,0,1,250.1506047,900,664
1772,0,0,811.4649229,2000,982
1773,1,8,33.73958182,200,71
1774,0,0,236.5947183,500,439
1775,0,0,196.3281131,700,309
1776,0,2,187.6837043,1900,830
1777,0,9,416.1189564,700,678
1778,1,11,1187.019091,1400,588
1779,1,0,1420.976684,2100,604
1780,0,30,470.599715,800,289
1781,1,65,9.240451264,200,38
1782,0,0,607.0765554,900,874
1783,0,2,209.6056682,900,707
1784,1,6,150.4301746,1300,26
1785,0,0,164.9954657,700,349
1786,0,12,114.2224973,2300,800
1787,0,30,72.83714614,200,83
1788,1,2,180.9818011,500,114
1789,1,61,246.8579708,1300,459
1790,0,2,135.2138461,2100,728
1791,0,1,1992.883144,2000,952
1792,0,0,456.7630707,1000,581
1793,1,506,304.5027772,800,68
1794,1,1,586.2122713,700,135
1795,0,0,992.0110276,1000,889
1796,0,9,252.6833441,500,86
1797,0,50,59.76655576,300,484
1798,1,58,696.4115361,700,476
1799,0,0,993.4849658,1300,738
1800,1,27,320.8678947,400,67
1801,0,0,60.91884926,1000,730
1802,0,6,260.8015039,500,119
1803,0,2,1251.931517,1300,608
1804,0,9,1597.233729,2100,821
1805,0,2,1676.885963,1700,588
1806,0,6,405.0130595,500,379
1807,0,11,441.3425032,600,115
1808,1,2,465.4109421,900,5
1809,0,0,230.5918283,1600,749
1810,0,1,367.9128581,800,423
1811,0,0,56.87052982,1900,750
1812,1,147,201.3113963,1300,759
1813,0,4,802.5332608,1200,948
1814,1,0,183.8432531,1900,645
1815,1,0,889.4510071,1100,552
1816,0,0,155.5762648,2400,865
1817,0,1,1476.541561,1800,660
1818,1,1,1023.677968,1400,183
1819,0,0,291.0065979,700,384
1820,0,0,389.0431076,600,354
1821,0,0,659.4015246,700,607
1822,1,444,61.42049805,200,189
1823,0,9,88.49187248,200,98
1824,1,0,540.3341129,800,60
1825,0,5,228.8959497,400,22
1826,0,43,214.1557239,1400,592
1827,0,118,163.8339568,400,165
1828,1,6,150.3734736,300,45
1829,0,0,274.0704067,500,727
1830,0,2,410.0876843,900,514
1831,0,29,242.2420011,600,467
1832,0,0,432.5041635,1100,312
1833,0,13,769.6122929,1100,504
1834,0,0,1520.092429,2600,915
1835,0,2,210.2834325,600,263
1836,0,9,843.013589,1500,966
1837,0,0,1115.367613,1500,664
1838,0,4,1206.858264,1600,810
1839,1,50,66.73511086,300,264
1840,0,0,859.0670957,1500,531
1841,0,173,786.3609275,1200,79
1842,1,4,554.7388615,800,25
1843,1,4,557.6802657,800,303
1844,0,1,432.4759163,700,539
1845,0,0,1004.188638,1300,704
1846,1,9,110.8941805,200,25
1847,1,1,8.721490133,200,111
1848,0,2,1520.574536,1800,811
1849,0,0,733.2763487,800,212
1850,0,0,664.4662636,1300,965
1851,1,16,992.5318833,1400,643
1852,0,12,595.1652069,1000,453
1853,0,10,174.6511898,200,74
1854,0,0,1286.281324,2300,994
1855,1,40,183.4629972,200,47
1856,0,1,2175.683631,2400,829
1857,0,2,70.93721858,700,423
1858,1,101,314.3516086,700,536
1859,0,5,67.8296155,500,497
1860,1,38,423.9891665,800,219
1861,0,0,21.96648675,600,441
1862,1,2,151.7115027,900,469
1863,1,5,7.988125809,200,15
1864,0,8,324.2089945,900,405
1865,0,0,831.9880811,1000,493
1866,0,11,162.9330602,1200,778
1867,0,4,1256.130366,1900,982
1868,0,1,479.7774805,900,362
1869,0,5,63.06844973,1400,636
1870,0,16,123.4294558,1000,458
1871,1,88,95.88173429,800,468
1872,0,0,77.70778412,800,410
1873,1,28,84.77609357,400,658
1874,1,0,182.8307872,500,364
1875,0,0,780.6145848,1000,257
1876,1,0,855.3730723,1300,1
1877,0,0,626.8072264,2300,868
1878,1,122,1603.741314,2500,879
1879,1,160,254.4476387,300,32
1880,1,8,1453.39686,1700,727
1881,1,0,161.3123828,700,245
1882,0,0,301.3309435,1600,926
1883,1,5,197.1369321,200,35
1884,0,0,647.3403831,2300,861
1885,0,1,1333.340265,2100,995
1886,1,66,1.204979896,200,9
1887,0,2,377.4248445,700,899
1888,0,3,26.41934176,500,67
1889,0,0,993.4459072,1300,630
1890,1,7,450.2080088,600,69
1891,0,0,265.8847377,600,201
1892,1,4,177.2428167,1200,240
1893,0,13,139.0422192,2300,712
1894,0,2,1477.448941,1600,703
1895,1,15,71.7919672,300,159
1896,0,4,1651.562536,1900,976
1897,0,0,319.9007744,1500,621
1898,0,5,752.7561814,1800,810
1899,1,29,104.5613314,200,87
1900,0,5,302.8018575,600,380
1901,0,0,852.6651837,1300,839
1902,0,2,1840.682722,1900,866
1903,1,21,581.4840187,800,541
1904,0,1,561.7818352,600,491
1905,0,24,199.6414163,1100,384
1906,1,12,2.121877159,200,126
1907,1,8,4.457747686,400,21
1908,0,0,488.9394431,2900,932
1909,0,14,32.67747891,700,246
1910,1,45,435.7710224,800,81
1911,1,48,13.99918262,400,132
1912,0,0,796.8164313,1300,717
1913,1,35,83.28260616,900,163
1914,0,2,143.2826443,500,8
1915,0,0,1034.842643,1400,678
1916,0,12,295.3191556,400,135
1917,0,0,624.7480599,1500,886
1918,0,0,253.3646994,1200,574
1919,0,6,1884.919681,2200,774
1920,0,0,701.7731673,800,297
1921,0,3,378.0939109,500,458
1922,1,3,447.3433573,600,149
1923,1,5,251.3886957,500,482
1924,0,0,253.4285755,800,183
1925,1,0,246.2488136,1500,627
1926,1,1,346.982457,500,41
1927,0,5,1817.522136,2300,990
1928,1,0,572.4279773,600,382
1929,0,5,393.0925711,900,766
1930,0,0,901.2640522,1900,980
1931,1,32,416.9894626,2000,610
1932,1,1,154.3786906,800,344
1933,0,3,19.54920626,700,263
1934,0,1,320.1747135,900,398
1935,1,98,128.9267895,300,79
1936,0,0,554.1690057,1000,715
1937,0,1,1533.815597,1800,999
1938,0,9,608.5744736,1500,550
1939,1,1,628.1731355,900,574
1940,0,0,352.9918749,1200,504
1941,0,10,36.78041823,1200,740
1942,0,0,549.7332522,700,715
1943,0,3,707.5736582,900,42
1944,0,3,270.2666904,500,243
1945,0,1,663.8020806,900,283
1946,1,33,70.46919582,200,192
1947,0,0,1099.1137,2000,841
1948,0,11,845.5552575,900,173
1949,1,0,972.4112804,1600,173
1950,0,0,696.1839055,2200,903
1951,0,27,70.26316049,700,138
1952,0,2,183.1003446,1400,591
1953,0,10,58.56885154,200,87
1954,0,0,569.2474438,2000,893
1955,0,3,726.7599923,2500,797
1956,1,248,393.2958674,600,421
1957,0,0,136.9142856,700,289
1958,1,3,379.8332488,600,172
1959,1,19,1140.576164,1300,795
1960,1,1,746.7537188,1300,224
1961,1,8,401.3810864,1000,696
1962,0,0,608.1536359,1300,681
1963,1,0,198.9135099,200,182
1964,1,3,97.75941805,700,374
1965,0,12,1017.906688,1200,512
1966,0,0,164.6330216,200,625
1967,0,1,1335.335474,2000,856
1968,1,9,244.8605061,600,43
1969,1,3,213.1297335,400,56
1970,1,629,553.1568586,800,378
1971,0,0,1257.116433,1300,769
1972,0,0,2126.486983,2200,963
1973,0,18,625.1267005,1300,252
1974,1,2,177.309113,400,273
1975,0,0,586.2453015,1700,883
1976,0,0,1414.789836,1600,836
1977,0,0,926.9506262,1000,506
1978,0,5,593.9603276,1000,633
1979,1,1,1249.936486,2200,850
1980,0,9,214.8687864,400,254
1981,0,4,568.5898293,1000,425
1982,0,1,207.2448861,1300,503
1983,0,0,759.7340011,1000,247
1984,0,8,88.29064326,800,239
1985,1,9,188.3647964,200,156
1986,1,2,171.6050626,200,74
1987,0,7,1233.883341,1300,850
1988,0,109,594.7054366,800,546
1989,1,143,205.7541659,500,504
1990,0,23,545.1112574,600,308
1991,0,0,1744.730737,2000,614
1992,0,1,2470.049786,2700,879
1993,0,10,499.7189052,700,452
1994,0,3,321.8947908,900,349
1995,0,2,1174.540959,1700,779
1996,0,0,679.1922575,1400,889
1997,0,5,1161.99803,1200,792
1998,0,0,46.07938246,600,724
1999,0,0,1699.791789,2200,984
2000,0,1,127.0898164,200,128
2001,0,1,1639.140687,2400,846
2002,1,172,185.1061063,200,16
2003,1,21,168.1272785,1000,307
2004,0,2,3.001165784,800,651
2005,0,0,1341.675341,2200,988
2006,1,1,536.7238376,1300,525
2007,0,0,574.7780187,1300,674
2008,0,0,659.3058741,700,419
2009,0,0,77.34583512,500,471
2010,0,9,863.4205681,1000,338
2011,0,0,2186.225213,2400,970
2012,0,0,55.82222281,200,89
2013,0,0,1425.909948,2500,796
2014,0,18,137.7519002,1100,827
2015,0,1,1675.336133,1700,899
2016,1,0,1219.20852,1300,412
2017,0,29,675.4679437,700,44
2018,0,0,205.7029302,800,202
2019,0,19,336.3569929,400,116
2020,0,7,457.4635913,1100,556
2021,0,2,413.7500708,700,188
2022,1,37,358.4561806,1300,767
2023,1,0,548.1591922,600,354
2024,0,0,197.4288021,900,833
2025,1,0,455.2825486,500,393
2026,0,0,218.7619997,1100,771
2027,0,11,113.3438525,200,126
2028,0,1,192.6135204,1600,846
2029,0,4,944.8751465,1300,745
2030,1,22,167.7834623,300,55
2031,0,2,367.7772483,400,200
2032,1,5,308.6728379,500,188
2033,0,5,464.0200346,1000,694
2034,0,11,105.7046075,900,79
2035,1,16,165.2221925,300,121
2036,0,27,1656.591131,1900,968
2037,1,2,559.5577931,1100,368
2038,1,418,134.7481572,700,676
2039,0,2,232.5487445,1000,533
2040,0,3,615.9857925,900,687
2041,0,21,177.3522361,200,8
2042,0,2,461.3754353,1800,998
2043,1,0,170.6855637,800,79
2044,0,0,891.1575902,900,722
2045,0,0,277.1136182,300,144
2046,0,2,55.70385413,800,960
2047,1,3,641.0787765,1400,223
2048,0,47,236.0973785,900,308
2049,1,6,4.037399575,200,321
2050,0,2,677.1984862,900,350
2051,1,1,389.3553339,800,275
2052,1,0,104.1769748,200,156
2053,1,13,353.3139538,1000,212
2054,0,1,1549.042743,1600,713
2055,0,30,492.6278602,1000,367
2056,1,1,82.48819161,200,87
2057,0,4,163.2701101,700,422
2058,0,0,473.5721318,900,753
2059,0,1,1878.740564,2000,732
2060,0,1,727.8125015,1100,552
2061,0,13,268.4385442,400,7
2062,1,30,192.9874094,900,48
2063,0,1,692.7074346,700,449
2064,0,15,262.3005291,1700,681
2065,0,12,293.5638602,700,256
2066,1,90,289.0342862,800,473
2067,0,0,740.4611617,1200,858
2068,1,20,352.0802476,500,92
2069,0,1,1563.169515,2200,818
2070,0,21,21.9354357,300,494
2071,0,5,312.697609,1600,782
2072,0,0,834.0066887,900,693
2073,1,79,157.4500168,1000,557
2074,1,1,447.3543779,700,5
2075,0,0,961.6723136,1100,223
2076,1,0,473.6664613,1900,751
2077,1,43,19.63547264,1000,287
2078,0,0,213.9229223,900,616
2079,0,9,300.9454858,900,252
2080,0,1,130.6126985,200,68
2081,0,9,1055.438759,1500,608
2082,0,16,348.9344938,1000,470
2083,1,0,977.8892965,1000,25
2084,1,0,137.2742517,900,387
2085,0,3,196.5978776,1300,785
2086,0,0,708.1198665,1700,844
2087,1,58,101.4741378,200,89
2088,1,894,540.2893388,1100,575
2089,0,4,580.6920817,700,310
2090,0,31,78.63594578,700,233
2091,0,4,387.1573981,400,359
2092,0,0,1176.668152,1800,821
2093,0,0,162.7979169,900,261
2094,0,3,2435.057778,2900,857
2095,0,0,138.7657345,1200,551
2096,0,3,443.8811872,700,37
2097,0,56,139.6585983,200,72
2098,1,0,107.6321631,300,402
2099,0,0,63.63611659,600,464
2100,1,64,53.85626092,200,114
2101,1,18,484.812981,1100,295
2102,0,0,593.4170536,1000,764
2103,0,283,286.7220611,600,219
2104,1,24,156.7349616,200,11
2105,1,1,385.1662212,400,46
2106,1,4,112.4369978,1000,430
2107,0,0,476.7941571,1900,757
2108,1,173,9.970539364,500,320
2109,0,5,129.7218425,700,403
2110,0,1,105.552174,700,221
2111,0,0,883.180708,2300,829
2112,0,10,333.7974814,600,644
2113,1,1,483.0566019,1000,579
2114,0,11,235.7802799,700,469
2115,0,9,284.151415,1500,905
2116,1,0,8.642095164,700,375
2117,0,0,541.0292541,600,28
2118,1,15,437.6102464,500,599
2119,0,15,159.409149,800,316
2120,1,17,105.2131763,200,180
2121,0,22,71.12846176,600,136
2122,0,1,1259.82799,1500,894
2123,0,20,152.7657465,200,177
2124,0,3,1296.237038,2300,960
2125,1,0,372.714993,400,298
2126,1,1,234.5259344,900,26
2127,1,2,697.9146151,1100,191
2128,1,2,1266.206527,1400,668
2129,0,13,808.163561,2200,869
2130,0,0,1060.44872,2400,956
2131,0,1,1001.477258,2300,927
2132,0,3,818.0529764,1000,513
2133,0,4,740.69074,800,695
2134,1,7,1580.113879,1700,830
2135,1,5,278.9223074,1900,727
2136,0,0,161.2701077,1500,846
2137,1,84,34.6190117,500,221
2138,1,11,550.0037141,900,453
2139,0,111,1209.99044,1300,568
2140,1,3,50.0054921,500,155
2141,0,0,1112.025601,1200,896
2142,0,0,238.2630006,400,207
2143,0,0,598.3632981,800,556
2144,1,36,807.1028663,1000,332
2145,0,10,510.2334927,2100,904
2146,1,0,642.220816,1100,124
2147,0,30,168.4675386,200,58
2148,1,10,80.82140061,400,286
2149,0,0,210.5347881,400,247
2150,0,2,643.3757244,1300,574
2151,0,2,1114.035717,1900,824
2152,0,3,722.4234985,2800,906
2153,1,5,530.5677817,900,212
2154,0,262,614.3412364,800,189
2155,1,69,527.289709,1300,403
2156,1,31,6.596778089,500,152
2157,1,82,8.716210253,200,117
2158,1,5,230.6165783,1100,500
2159,0,2,183.049943,1200,545
2160,0,1,139.4516552,1800,608
2161,0,0,1296.615873,1600,899
2162,1,44,135.1844975,200,102
2163,0,9,203.8350063,700,452
2164,1,43,134.2168405,200,195
2165,0,1,444.0027238,1800,856
2166,0,24,89.21697176,300,464
2167,0,198,397.7697569,500,126
2168,0,0,152.2719116,200,142
2169,0,12,14.239061,500,249
2170,0,0,224.253955,600,342
2171,1,3,15.62764202,400,190
2172,1,63,54.10464323,600,312
2173,1,5,402.7773129,800,467
2174,1,5,271.4416681,800,266
2175,0,0,122.5307423,1500,873
2176,0,0,582.7014374,1600,879
2177,1,4,551.5824407,600,376
2178,1,71,985.4805702,1100,315
2179,0,3,155.8232096,1100,453
2180,1,9,199.5139965,200,51
2181,0,3,230.0902065,1400,564
2182,0,0,783.9039929,1900,810
2183,0,231,251.9303086,400,90
2184,1,3,8.758957671,200,50
2185,0,0,667.7092492,700,775
2186,1,16,16.77914363,500,93
2187,0,1,2459.144194,2800,931
2188,0,3,794.6512014,1800,841
2189,0,1,464.9718182,500,273
2190,0,0,318.6539487,1100,466
2191,0,1,642.0473468,700,708
2192,1,80,366.5429857,400,348
2193,0,14,824.731313,1100,625
2194,0,0,452.691957,1500,907
2195,0,95,71.81333237,200,160
2196,0,0,530.7659466,1000,572
2197,0,3,415.7292516,1100,531
2198,0,15,1597.285564,2100,961
2199,0,5,474.9363353,1300,511
2200,0,0,670.0761297,1400,585
2201,0,19,564.3739028,700,216
2202,1,2,135.2855187,1000,77
2203,0,2,130.7542928,300,428
2204,0,0,1409.031742,1500,655
2205,1,43,115.526018,1100,189
2206,1,90,504.786327,1400,77
2207,0,4,916.7440119,1000,807
2208,1,19,2632.474641,2800,861
2209,0,11,357.2791281,1600,509
2210,0,0,331.8670872,1600,794
2211,1,0,569.5669774,1900,948
2212,1,66,1013.409345,1100,515
2213,0,9,997.1348623,1000,733
2214,1,5,118.2908458,300,125
2215,1,65,700.6388784,1000,252
2216,0,54,73.38115153,200,137
2217,0,0,440.9588105,500,236
2218,0,0,572.4676745,600,617
2219,0,1,529.2496338,900,13
2220,0,0,986.8900486,2000,756
2221,1,5,736.2848892,900,22
2222,0,0,1619.209196,1800,821
2223,0,14,268.1527125,800,231
2224,0,0,4.998511253,700,541
2225,0,10,832.2982077,1000,556
2226,1,0,443.645308,500,123
2227,0,4,558.714236,900,420
2228,1,24,54.86218731,800,292
2229,1,43,1010.116583,1100,402
2230,0,2,114.540406,1000,696
2231,1,0,386.371884,700,271
2232,0,0,1648.214946,2400,944
2233,0,11,493.7955653,500,285
2234,1,4,250.1898356,700,517
2235,1,159,424.5745049,700,59
2236,0,0,368.7551745,1800,739
2237,0,24,242.25817,700,343
2238,1,10,68.34077508,400,443
2239,1,27,773.3750444,900,288
2240,0,5,697.3427536,1100,648
2241,0,1,196.4446,200,386
2242,1,0,246.1663665,600,188
2243,0,1,67.75038598,300,59
2244,0,0,284.8771884,400,368
2245,1,0,240.1410678,1000,616
2246,0,1,454.9298092,900,71
2247,1,3,829.0334636,900,318
2248,0,0,295.1980636,300,54
2249,1,11,231.2638272,300,82
2250,1,19,508.0804268,900,493
2251,0,1,43.78177963,200,93
2252,0,14,298.295554,700,201
2253,0,1,146.1180892,200,59
2254,1,29,366.790104,400,440
2255,0,0,95.18178618,600,652
2256,0,0,1063.923493,1200,548
2257,1,138,111.9204156,400,31
2258,0,11,160.6817318,500,144
2259,0,1,531.3313783,1800,728
2260,0,11,361.6236959,1000,216
2261,0,1,773.9541068,1100,502
2262,1,14,23.22943486,800,210
2263,0,7,235.1448364,2100,814
2264,0,10,152.992529,200,45
2265,1,56,32.66375196,800,373
2266,0,25,451.6519497,1400,605
2267,0,5,294.4934382,600,349
2268,1,0,72.20310105,1300,606
2269,0,105,230.2992552,700,129
2270,0,5,326.8584547,1500,582
2271,1,3,1079.462835,1300,600
2272,0,1,550.3986136,800,407
2273,1,22,58.85097675,200,138
2274,1,13,229.6932359,500,248
2275,0,20,210.4790259,500,220
2276,0,1,446.8053975,1100,706
2277,0,0,1951.195862,2000,790
2278,0,0,264.5442635,800,371
2279,0,0,413.7973105,1500,994
2280,0,2,203.1463508,1400,755
2281,0,8,649.4012782,1800,885
2282,0,0,1069.29016,1500,745
2283,1,3,2.29530647,1400,767
2284,0,0,684.2315049,1200,679
2285,0,0,428.1476323,800,308
2286,0,0,1412.430093,1500,735
2287,0,0,163.0498128,400,345
2288,0,4,230.4554986,700,436
2289,0,0,847.673367,1500,656
2290,1,1,423.8588241,500,238
2291,0,0,780.1173344,2200,935
2292,0,0,148.0989659,400,611
2293,0,0,392.1991057,2100,844
2294,1,1,266.5787634,900,427
2295,0,14,190.8437086,600,426
2296,0,129,774.3374989,900,470
2297,0,0,150.5758423,700,186
2298,0,2,758.2666382,1800,720
2299,0,0,241.1362223,1100,758
2300,1,13,417.1956657,1300,72
2301,1,2,87.44504233,600,275
2302,0,6,170.1502186,200,193
2303,0,0,336.5638944,1000,573
2304,0,4,318.9920516,600,413
2305,0,0,817.9199818,1200,827
2306,1,3,927.1224783,1000,34
2307,0,19,326.8868018,1200,729
2308,1,2,167.0633723,200,115
2309,1,29,1710.493784,2000,998
2310,0,34,131.1994629,500,22
2311,1,141,981.2890916,1000,232
2312,0,11,812.8219094,1000,764
2313,1,39,720.2529629,1100,540
2314,0,6,963.788738,1700,763
2315,0,0,422.9035403,800,426
2316,0,3,1579.975111,1600,644
2317,0,11,480.6150793,800,657
2318,0,6,181.0529714,400,393
2319,0,0,229.2494059,700,474
2320,0,8,233.4165218,1300,568
2321,0,4,153.2289743,500,30
2322,0,1,170.6603284,600,320
2323,0,4,933.3834042,1100,337
2324,0,12,140.6332609,200,130
2325,0,0,718.2650124,1200,525
2326,1,0,240.0918254,2300,772
2327,1,9,826.3009462,1200,35
2328,0,18,283.2154748,300,21
2329,1,1,656.6642529,1500,588
2330,1,168,433.993882,1000,191
2331,0,2,331.2161809,1800,619
2332,1,0,222.9221494,700,263
2333,0,784,241.7078727,1000,285
2334,0,1,36.91973551,800,306
2335,1,0,22.2605012,600,124
2336,0,0,1338.559439,2200,881
2337,0,10,438.8403442,800,699
2338,1,5,50.14398087,700,382
2339,0,7,221.0493144,400,497
2340,1,0,597.3748866,1000,681
2341,0,1,890.5165227,1500,927
2342,0,0,617.5693927,1300,977
2343,1,4,38.81482054,200,184
2344,0,6,77.79268284,1200,530
2345,0,3,23.04746029,200,76
2346,1,0,633.3977599,1000,498
2347,0,6,482.5342389,500,351
2348,0,0,845.3355132,2000,718
2349,0,1,2.364213869,200,136
2350,1,469,19.19721009,800,347
2351,1,12,9.226927535,200,4
2352,0,0,298.8072683,1100,707
2353,0,0,679.2871376,1900,838
2354,1,91,310.1585298,900,169
2355,0,0,230.6399866,700,491
2356,1,7,21.05844538,200,22
2357,1,1,1512.323214,1600,563
2358,0,0,818.2191802,1700,857
2359,0,0,334.4601478,2400,973
2360,1,0,262.1699721,500,483
2361,0,0,389.3201294,700,227
2362,0,8,342.8728942,700,154
2363,1,175,380.5061601,500,47
2364,0,1,23.40489809,200,140
2365,0,4,1425.818877,1800,809
2366,0,0,939.0072676,1400,729
2367,0,0,550.7768658,2000,847
2368,1,59,672.1011776,1500,535
2369,1,4,1151.485986,1700,682
2370,1,180,506.5954524,600,432
2371,0,0,686.2128846,1500,976
2372,0,6,1249.187589,1800,966
2373,1,3,559.0374593,1300,555
2374,1,17,454.4912206,2000,935
2375,1,1,472.103096,900,296
2376,1,0,659.670497,1100,421
2377,0,8,648.7658935,700,410
2378,1,67,124.4845704,1800,119
2379,0,0,273.3584831,500,459
2380,1,23,561.3697941,1200,235
2381,0,13,543.5015095,3000,935
2382,1,12,1.995468942,200,222
2383,0,5,571.5218271,700,96
2384,0,0,138.0808736,1000,629
2385,0,0,744.2616752,1900,628
2386,0,1,153.1399218,1500,507
2387,1,11,588.7454884,1000,365
2388,1,3,349.4969649,400,400
2389,1,9,750.8722507,900,333
2390,0,0,514.2800417,700,104
2391,0,13,1949.898536,2000,943
2392,1,0,68.98971438,200,187
2393,0,0,1877.529442,2000,711
2394,0,50,844.7485759,1200,141
2395,1,5,145.5316096,200,138
2396,1,6,127.2331512,200,177
2397,0,7,22.38830597,500,476
2398,0,0,1123.783756,2200,888
2399,1,93,702.4636878,800,64
2400,1,5,1808.152608,2000,528
2401,1,0,678.0062122,700,347
2402,0,0,698.5225464,1600,764
2403,0,4,314.6092402,700,443
2404,0,0,355.9441535,400,627
2405,0,3,715.8971455,800,552
2406,0,1,682.3213555,2000,768
2407,0,17,1433.120374,1600,615
2408,0,0,918.8908287,1200,530
2409,0,11,1141.122745,1400,694
2410,0,0,1563.915347,1700,635
2411,0,0,10.70259614,2900,984
2412,0,0,261.4628013,500,452
2413,1,5,277.1233162,1000,189
2414,0,29,942.5656541,1400,676
2415,0,15,684.6520314,800,384
2416,1,1,235.6139553,600,365
2417,0,0,168.2671236,200,154
2418,0,0,376.6522981,1200,465
2419,0,0,196.9899654,1800,794
2420,1,1,474.8369674,900,123
2421,0,24,2038.602255,2300,742
2422,1,5,272.6253919,400,19
2423,1,1,849.5347976,1100,428
2424,0,1,1363.209349,2000,885
2425,1,0,75.50795266,200,178
2426,0,1,343.2942281,1100,697
2427,0,5,1463.273444,1900,800
2428,1,41,40.64400251,800,525
2429,0,0,430.0762558,1400,865
2430,1,2,446.7172544,1000,322
2431,1,0,1190.776928,1600,589
2432,0,0,276.4096212,300,697
2433,1,0,84.96295672,1100,322
2434,1,1,722.498986,1000,275
2435,0,19,1144.50685,1900,778
2436,0,202,129.9701353,800,405
2437,1,1,1177.261929,1600,583
2438,0,0,76.35684172,1700,972
2439,0,2,1242.02235,1600,798
2440,1,2,320.8064825,1700,703
2441,1,789,351.54239,800,613
2442,0,9,876.304111,900,469
2443,0,1,315.1207064,1000,784
2444,0,13,95.1739008,1000,602
2445,0,0,1402.394051,2000,946
2446,1,0,580.4357117,900,405
2447,1,1,172.4781558,1300,570
2448,0,12,336.0417271,700,415
2449,0,13,218.3397117,600,362
2450,1,38,67.50762461,300,316
2451,0,0,40.39087155,600,438
2452,1,1,577.2684652,1000,440
2453,1,2,835.7658004,1400,786
2454,0,1,168.2084555,700,236
2455,0,4,584.5198954,1300,282
2456,0,12,4.189195084,300,275
2457,0,0,1399.607047,1600,749
2458,0,7,339.5945387,2200,683
2459,0,4,502.648348,1200,588
2460,1,105,95.91823939,1100,535
2461,0,2,47.51724464,2000,950
2462,0,16,321.3154248,500,318
2463,1,121,55.90404877,600,377
2464,1,5,125.5242698,1300,589
2465,0,4,677.055924,2100,892
2466,0,1,0.176762115,200,197
2467,1,0,143.3942025,300,263
2468,1,4,1423.238295,1700,67
2469,1,1,132.3573638,200,158
2470,0,21,289.5740111,300,489
2471,0,6,155.0155934,200,270
2472,1,3,764.8427013,1400,511
2473,0,1,894.4272872,1000,629
2474,1,18,54.343439,1700,805
2475,0,3,554.3055434,600,197
2476,0,3,1303.606647,1900,768
2477,0,0,208.3861586,800,463
2478,0,1,54.20524264,200,79
2479,1,1,617.7128672,1600,446
2480,1,77,43.81816079,400,62
2481,1,30,575.5113662,2500,817
2482,1,1,308.9062457,1000,187
2483,1,6,715.1345002,1000,47
2484,1,3,344.6256391,900,264
2485,1,16,76.15867778,1300,402
2486,0,0,739.5158086,900,775
2487,1,0,609.2853128,800,224
2488,1,79,81.28660536,500,480
2489,1,8,210.2768946,1100,348
2490,1,3,935.0955328,1000,379
2491,0,4,295.3734334,300,270
2492,0,0,279.0499683,2100,797
2493,1,80,887.4083781,1100,544
2494,1,0,394.9312151,700,421
2495,1,0,18.05895781,1100,257
2496,0,16,235.5259455,1100,632
2497,0,221,667.9875218,900,172
2498,0,5,124.6270267,1400,680
2499,1,57,172.0479188,800,401
2500,0,0,1872.551896,2100,788
2501,0,25,274.7304599,1000,457
2502,0,1,1106.26826,1700,635
2503,0,7,778.3590393,800,676
2504,0,1,1085.335487,2300,980
2505,0,8,1690.356491,2300,882
2506,1,5,1316.331632,1400,556
2507,1,3,45.16598764,700,267
2508,1,50,884.3831048,1500,138
2509,1,11,904.9141138,1100,93
2510,1,109,64.48066855,1600,504
2511,0,5,211.5772621,600,555
2512,0,12,42.81107628,2100,888
2513,1,24,692.0779433,1100,485
2514,0,0,265.1482946,2100,868
2515,0,97,79.14910906,500,120
2516,0,0,96.52209771,200,52
2517,0,9,151.866103,900,390
2518,0,0,455.975062,1100,898
2519,0,0,1667.511445,2300,958
2520,0,0,235.8492441,900,282
2521,1,4,418.5672376,1400,632
2522,0,1,995.3571248,1200,743
2523,1,33,165.8606485,900,413
2524,0,1,180.3823735,2200,863
2525,0,3,419.5725154,2300,720
2526,1,31,754.8637774,1600,513
2527,1,7,417.3797705,600,20
2528,1,1,578.230406,600,82
2529,0,0,702.3284684,900,789
2530,0,5,408.2614052,1000,520
2531,1,11,553.2084809,700,71
2532,1,0,121.0667296,600,55
2533,0,2,1113.937413,1400,968
2534,0,4,456.4710684,500,411
2535,0,0,762.4081987,1700,832
2536,0,6,852.4401761,2000,964
2537,0,2,273.9139145,2000,647
2538,0,9,150.1888546,200,27
2539,0,23,82.4700834,1000,323
2540,1,3,28.34073502,300,34
2541,0,11,665.7366561,1500,511
2542,0,1,440.7576692,1800,725
2543,0,14,129.4817599,800,200
2544,0,1,125.1479473,2100,822
2545,0,0,352.981881,600,903
2546,0,0,993.7265211,1700,882
2547,0,14,151.808104,600,624
2548,0,25,1012.591322,1100,784
2549,0,1,980.6508942,1600,794
2550,1,43,287.5104749,1100,599
2551,0,97,141.8941289,200,59
2552,0,2,693.2426563,1400,593
2553,1,46,849.6083767,900,635
2554,0,948,303.358056,700,417
2555,0,0,358.7964351,1400,827
2556,0,0,672.6315806,2100,933
2557,0,0,610.988329,1100,446
2558,0,12,105.6876539,400,607
2559,1,69,86.19781787,200,146
2560,0,6,759.6481701,1400,681
2561,0,2,134.8606907,1100,927
2562,0,0,54.58142735,200,708
2563,1,0,90.55391004,200,173
2564,1,11,684.4013028,1400,37
2565,0,6,637.6268594,800,349
2566,1,0,183.6706596,600,273
2567,0,0,796.916078,2500,873
2568,1,62,474.1024068,600,771
2569,0,0,2100.013831,2300,920
2570,0,3,163.7300101,1200,958
2571,0,19,599.8030744,1400,782
2572,0,5,717.8243138,1600,933
2573,0,1,836.0782591,1500,723
2574,1,43,571.9808979,600,245
2575,0,1,109.5018305,300,338
2576,0,1,415.8881566,1500,703
2577,0,4,452.679854,800,54
2578,0,323,370.0365926,900,429
2579,0,2,51.12503841,700,351
2580,1,46,459.3632601,700,25
2581,1,0,694.0168736,800,214
2582,0,18,125.266899,200,87
2583,0,0,172.2741359,1600,850
2584,1,6,490.4545445,900,262
2585,0,7,400.4415582,900,761
2586,0,0,88.86552753,800,401
2587,0,0,605.3611505,700,129
2588,1,4,161.64867,1200,83
2589,0,0,1601.470911,1900,933
2590,0,3,509.0077754,1500,712
2591,0,0,206.0611405,500,659
2592,1,5,226.8170833,500,208
2593,1,2,651.3750797,1000,211
2594,0,0,1032.986453,1200,595
2595,0,0,81.6309429,900,775
2596,0,18,589.2917625,1000,301
2597,0,7,355.024523,600,422
2598,0,0,2081.254954,2300,956
2599,0,1,631.1489475,1200,627
2600,1,0,142.8114937,1700,108
2601,1,0,364.0007822,800,369
2602,0,0,909.3163042,1100,445
2603,0,0,444.2857769,1700,543
2604,0,0,578.2283665,1400,711
2605,0,1,5.861252358,1200,546
2606,0,0,761.6637673,1600,873
2607,0,2,171.0767376,700,606
2608,0,11,737.2704286,800,555
2609,0,1,1783.275832,1900,952
2610,1,1,339.6470579,1500,581
2611,1,10,1059.421675,1400,799
2612,1,35,1433.081625,1600,670
2613,1,91,294.8987838,1400,524
2614,0,9,62.14032702,200,170
2615,0,0,1930.46503,2200,978
2616,1,28,179.0133307,1200,509
2617,0,0,933.4262106,1200,649
2618,1,0,301.7061827,2000,615
2619,0,95,162.7394091,1200,800
2620,0,4,662.8688119,700,707
2621,0,0,65.90792596,1500,957
2622,0,0,472.4886785,1800,859
2623,0,10,122.4192608,1000,559
2624,0,0,1734.135235,2600,991
2625,1,5,1091.294727,1800,560
2626,0,0,130.0183871,800,679
2627,0,0,900.9104676,1000,573
2628,0,32,54.13396643,900,542
2629,1,3,897.657583,1600,875
2630,0,0,662.7676796,1400,632
2631,0,0,177.6533129,200,26
2632,1,6,734.218801,900,229
2633,1,2,762.3022525,900,58
2634,1,57,99.72283233,600,206
2635,0,2,1449.641256,1800,733
2636,1,3,329.5058694,1000,426
2637,0,0,779.7687306,1300,692
2638,0,0,1225.265078,1300,884
2639,0,0,345.7009673,1400,145
2640,0,0,780.7844151,1400,886
2641,0,0,525.3030604,2000,501
2642,0,0,707.8523618,1900,904
2643,0,10,443.2075719,500,163
2644,0,44,773.4521316,800,207
2645,1,78,258.5333876,300,357
2646,0,2,48.7628212,1200,718
2647,0,10,1034.107788,1500,526
2648,0,0,111.7658067,1200,622
2649,0,13,143.7587317,1300,663
2650,0,0,813.6317655,1700,698
2651,1,1,174.2132328,200,182
2652,0,0,110.3199809,200,165
2653,0,4,572.1426441,1700,832
2654,0,8,123.7784214,300,28
2655,0,0,262.2036087,1800,663
2656,0,0,4.211494175,700,581
2657,0,22,92.64201481,800,477
2658,0,2,1254.876579,1400,935
2659,0,93,633.4301715,1000,525
2660,1,69,876.8073758,900,233
2661,1,40,136.6881911,200,133
2662,0,9,914.1893256,1000,268
2663,1,2,194.9344816,600,116
2664,0,2,128.4141175,300,293
2665,1,6,9.126191114,400,97
2666,1,14,545.4257716,1000,508
2667,0,0,1076.345634,1400,512
2668,0,6,32.58689002,1000,463
2669,0,3,397.468996,1000,786
2670,1,8,648.4564882,1200,376
2671,0,8,609.2258588,2400,936
2672,0,3,10.80174865,700,362
2673,0,23,391.801466,400,129
2674,0,0,1040.047978,2700,948
2675,0,0,658.8125393,1500,852
2676,1,1,199.3998943,300,39
2677,1,12,998.4860668,1900,679
2678,0,35,2243.793035,2300,847
2679,1,0,84.40054044,400,409
2680,0,10,1507.030121,1900,612
2681,1,26,80.90333448,600,135
2682,1,42,372.9422122,1200,501
2683,0,0,457.3148108,700,271
2684,0,3,181.7471293,900,225
2685,1,23,463.358267,800,254
2686,0,7,131.8120335,800,407
2687,0,0,473.4428015,1300,976
2688,0,1,1848.190925,2800,916
2689,0,6,451.354728,1400,863
2690,1,36,687.0646461,1100,253
2691,0,0,640.6977401,1700,978
2692,1,29,184.5055003,700,130
2693,0,0,188.5107695,200,49
2694,1,9,56.50814057,1000,348
2695,0,0,591.0713025,1100,599
2696,0,0,385.0339616,500,386
2697,0,0,819.6900382,900,762
2698,0,28,1252.459232,1300,341
2699,1,1,597.8881526,900,247
2700,0,13,591.0815186,1000,121
2701,0,5,189.6548975,200,52
2702,1,0,74.77185731,700,593
2703,0,1,446.5536401,500,345
2704,1,4,685.5948833,700,339
2705,0,0,55.20856136,200,190
2706,0,0,1181.853908,1300,731
2707,0,0,1202.805956,1300,531
2708,0,4,103.7637554,200,89
2709,0,5,578.1809028,900,336
2710,0,1,482.9245748,1500,984
2711,1,21,1068.020855,2000,903
2712,0,0,1417.458429,2100,791
2713,0,133,124.1949429,1100,666
2714,1,565,16.94047171,200,179
2715,0,8,690.9513342,1100,283
2716,0,0,799.8507271,1800,721
2717,1,3,198.4792094,400,351
2718,1,2,1306.580802,1700,502
2719,0,2,247.3374671,1700,964
2720,1,31,190.4642008,500,138
2721,0,0,20.67544209,2200,808
2722,0,1,641.1008714,2600,720
2723,0,10,632.5328202,2500,757
2724,0,0,124.7732469,1300,378
2725,1,5,237.6692775,300,123
2726,0,1,220.6303831,800,569
2727,1,2,118.933675,1400,690
2728,0,0,903.4860926,2100,829
2729,1,9,275.8362421,1100,376
2730,1,0,277.6838345,1100,392
2731,0,18,332.7720594,500,24
2732,0,2,915.5719464,2000,998
2733,0,0,384.925178,1100,788
2734,0,1,11.05626691,200,192
2735,0,0,623.8122156,900,222
2736,0,0,68.31307025,200,704
2737,0,1,814.1492071,900,491
2738,0,25,2.328210408,900,510
2739,0,9,474.38143,1000,639
2740,1,6,580.0434789,700,379
2741,0,6,170.0306282,1200,503
2742,0,0,238.9355837,2000,944
2743,0,3,140.4552194,900,509
2744,1,8,87.1237448,200,155
2745,0,0,177.9595705,300,152
2746,0,13,196.4264894,700,477
2747,1,32,560.4939038,600,222
2748,0,2,596.0360877,800,702
2749,0,5,846.3303163,1600,920
2750,1,14,338.5747051,1000,223
2751,1,3,831.178615,1600,784
2752,0,0,192.4087326,2000,767
2753,0,0,1386.10661,1400,714
2754,1,19,867.9406084,1000,150
2755,1,42,1242.696018,2000,989
2756,1,3,40.85737889,200,108
2757,0,0,626.6249331,1000,791
2758,1,0,154.4685532,700,83
2759,0,0,1427.024061,2300,988
2760,0,2,699.9171254,1400,473
2761,0,0,837.70521,1000,769
2762,1,32,398.9730013,1200,525
2763,1,2,329.7581129,600,468
2764,1,39,837.4682947,2100,818
2765,1,21,94.20101613,500,550
2766,1,0,1534.294229,1700,173
2767,0,0,668.7765433,700,171
2768,1,128,284.2484865,500,330
2769,1,0,610.9660429,1300,66
2770,0,2,429.0553799,700,546
2771,0,14,626.7857468,700,342
2772,0,0,209.65622,1400,713
2773,0,103,712.0753028,1400,604
2774,0,152,151.6727936,800,524
2775,1,165,218.6951452,600,339
2776,0,4,45.24968049,2500,966
2777,1,8,313.2210285,600,474
2778,0,2,79.99214954,500,93
2779,0,8,957.9617489,1000,312
2780,0,2,1298.472812,1400,635
2781,1,832,470.0476799,1000,655
2782,0,25,137.5865202,1100,770
2783,1,20,1012.475717,1100,541
2784,1,113,117.2814918,900,438
2785,0,5,1089.966935,1900,673
2786,0,3,147.9220827,800,477
2787,0,4,201.3570013,1000,386
2788,0,0,224.0353059,500,59
2789,0,0,411.1570033,1600,819
2790,1,10,104.904927,800,109
2791,0,5,20.71083575,400,405
2792,1,5,179.4781626,600,345
2793,0,2,469.2998006,2000,608
2794,0,4,1718.763323,2100,995
2795,0,1,206.2077171,1100,751
2796,0,3,753.3089859,2300,873
2797,0,17,214.3058846,600,226
2798,0,2,579.4723387,1100,611
2799,1,28,1438.152832,1500,716
2800,0,1,385.2478187,900,218
2801,1,119,217.8994855,1200,811
2802,0,4,1380.786901,2000,926
2803,0,8,151.2493451,1500,894
2804,0,0,1003.89789,2000,826
2805,0,0,80.77960048,1200,920
2806,0,1,2082.551179,2400,702
2807,0,0,1511.77226,1800,852
2808,1,0,329.5862714,2200,742
2809,0,0,12.83449004,2200,704
2810,1,22,120.658463,500,369
2811,1,10,478.8948196,800,201
2812,0,6,108.2657012,200,27
2813,0,6,485.4954924,2200,912
2814,0,0,1650.466282,1800,959
2815,0,4,917.097869,1000,591
2816,0,0,721.5486271,1900,995
2817,0,0,628.2148086,1500,706
2818,0,0,832.5425311,1700,731
2819,0,6,174.249734,400,430
2820,0,1,232.8540132,1500,638
2821,0,4,176.6628462,200,119
2822,0,0,108.8816701,1500,850
2823,0,1,894.2209506,1100,796
2824,1,1,516.1220538,600,110
2825,0,18,240.5933136,2000,607
2826,0,0,216.0013179,2000,906
2827,1,1,486.5744534,600,85
2828,0,13,333.968963,400,661
2829,0,0,915.9363166,1000,647
2830,0,0,191.2031296,1000,835
2831,0,10,525.7900128,700,910
2832,0,0,440.40704,1300,888
2833,1,1,329.8914287,500,411
2834,0,8,1612.378365,1700,556
2835,1,12,359.6751791,800,413
2836,0,9,250.1331695,1400,843
2837,0,0,754.3538222,900,410
2838,0,8,209.3854582,1000,536
2839,1,0,573.5058287,600,232
2840,0,5,460.9675208,800,626
2841,0,7,363.3675446,500,134
2842,0,1,1008.196337,1100,756
2843,0,36,929.0270607,2600,905
2844,1,21,191.6975528,200,106
2845,0,0,140.6030636,1200,740
2846,1,0,299.0117518,500,136
2847,0,0,588.1380153,1600,699
2848,0,0,2147.223793,2300,877
2849,0,3,817.716261,900,523
2850,0,2,697.2087881,800,306
2851,0,6,1229.774968,1400,624
2852,0,0,774.2837388,1700,836
2853,1,38,267.8067956,600,312
2854,1,0,58.11482227,900,270
2855,1,53,390.5388898,400,328
2856,0,2,17.19714288,600,546
2857,0,1,233.3881918,2100,881
2858,0,0,582.4634134,1300,589
2859,0,0,945.1510037,1500,757
2860,1,0,349.2563403,400,29
2861,0,0,1345.815,1600,659
2862,0,392,95.57232472,200,190
2863,0,0,171.922453,1500,901
2864,0,1,862.8804791,1200,386
2865,0,2,113.1755325,600,508
2866,0,4,691.8538743,700,38
2867,0,0,156.6773739,900,663
2868,0,0,31.8210985,300,62
2869,0,0,564.4583476,600,859
2870,0,2,446.9351597,500,203
2871,0,0,1167.64398,1600,948
2872,0,24,117.9045368,600,189
2873,0,0,808.8151665,900,200
2874,0,11,323.321528,700,413
2875,0,0,1544.845375,1900,994
2876,1,17,388.262834,1900,621
2877,0,1,148.9171498,700,485
2878,0,1,221.4270996,400,283
2879,1,0,68.56426899,1500,762
2880,0,23,121.566218,200,27
2881,0,0,424.9014171,700,266
2882,1,5,116.6886156,200,76
2883,0,1,272.4891299,600,434
2884,1,6,499.3263583,1000,275
2885,0,23,298.7914945,500,21
2886,1,50,52.87614622,500,444
2887,0,98,1027.035509,1200,949
2888,1,18,171.3322274,200,49
2889,0,2,2256.716616,2600,994
2890,0,1,52.38125105,2000,935
2891,1,461,795.7230021,800,48
2892,0,0,181.6853326,200,610
2893,0,99,437.4358916,500,42
2894,0,15,755.8343237,1000,458
2895,0,0,535.6923692,1400,781
2896,0,2,754.2525253,1100,590
2897,1,0,669.5042536,1800,749
2898,0,0,1062.492181,2400,909
2899,1,3,794.4029528,800,166
2900,0,0,1631.785746,2800,945
2901,0,0,207.7325158,1100,677
2902,0,125,55.21492379,700,272
2903,1,0,1330.60414,2000,845
2904,1,2,320.2812684,1300,598
2905,0,2,452.8123227,900,437
2906,0,17,272.212317,800,552
2907,0,0,387.4045651,700,63
2908,0,22,361.9614405,400,305
2909,0,0,58.05731688,500,330
2910,0,22,17.64176137,300,275
2911,0,11,86.30335134,900,803
2912,1,3,629.6176699,1200,863
2913,0,0,251.1156295,400,655
2914,0,8,236.1581474,700,253
2915,0,0,1092.089882,1300,688
2916,0,0,52.8864752,1200,953
2917,1,2,354.6520671,400,311
2918,0,2,600.3801722,1100,794
2919,1,1,314.0989688,400,495
2920,1,18,1056.262698,1500,568
2921,1,49,743.5106891,1100,97
2922,1,1,448.2334586,900,292
2923,0,0,750.2239342,800,700
2924,0,9,916.7791979,1900,819
2925,0,1,990.6241315,1500,777
2926,0,0,880.9524792,2200,905
2927,0,0,631.9142572,2000,820
2928,0,0,389.2517999,1200,561
2929,0,4,428.7449752,1200,380
2930,0,52,333.0174911,500,218
2931,0,0,462.6584242,2000,991
2932,0,3,670.2079594,1500,902
2933,0,0,1016.154849,2100,915
2934,0,0,475.1969243,2900,802
2935,0,0,908.6583625,1100,515
2936,0,0,1072.984975,1600,930
2937,0,422,150.4493674,200,54
2938,0,9,35.03163177,1000,370
2939,0,2,239.6524836,500,245
2940,0,0,511.9807866,2400,992
2941,0,0,309.2459151,2500,830
2942,0,0,1839.545999,2300,871
2943,0,3,459.4853414,700,82
2944,0,1,176.2300915,900,778
2945,0,3,2621.039613,3400,983
2946,0,0,21.75468526,200,55
2947,0,1,156.29093,500,375
2948,0,0,849.008906,1200,958
2949,0,3,1.800867118,300,92
2950,0,5,1274.842221,1700,850
2951,0,9,233.8525012,900,7
2952,0,19,1579.854423,2300,753
2953,0,0,919.7703239,2200,926
2954,1,2,827.2850259,900,290
2955,0,0,873.9089215,1600,739
2956,0,2,857.5727473,2800,997
2957,0,1,1247.253004,1300,727
2958,1,36,105.7528608,700,277
2959,1,8,855.990401,1100,424
2960,0,3,336.6692135,1100,500
2961,0,18,216.1844257,300,192
2962,0,11,857.4811564,1100,789
2963,0,0,612.5022553,1200,828
2964,1,1,271.5673069,1500,590
2965,0,0,55.15373744,500,175
2966,0,0,1981.342565,2800,977
2967,0,17,271.3535675,600,208
2968,0,4,1356.944936,1900,896
2969,0,7,602.9612592,2600,759
2970,1,5,971.7870941,1300,576
2971,1,1,20.89145689,200,138
2972,1,32,527.3711682,1400,513
2973,1,9,405.3111739,700,221
2974,0,0,380.880513,1400,578
2975,0,0,210.3098994,400,287
2976,1,1,137.3031212,900,113
2977,1,7,106.3559732,200,297
2978,0,25,597.7661211,1100,612
2979,0,13,251.5968296,400,285
2980,0,3,397.3257719,800,372
2981,1,5,757.8603109,1000,3
2982,1,9,686.8730777,2000,517
2983,0,11,674.6312524,1000,582
2984,0,0,50.59189086,500,383
2985,1,145,1182.605464,1400,639
2986,1,242,206.5409312,600,288
2987,0,0,1746.788335,2700,949
2988,1,1024,599.5598787,600,81
2989,1,33,174.4838854,200,153
2990,0,51,195.0020056,200,35
2991,0,0,430.8401166,1400,679
2992,1,0,643.4216961,700,432
2993,0,230,565.4914358,800,293
2994,0,0,550.4206115,1100,845
2995,0,10,529.4177661,1500,625
2996,0,0,1146.093784,2500,899
2997,0,1,946.4354574,1400,549
2998,0,0,13.60732284,600,346
2999,0,0,233.1156594,700,223
3000,1,21,51.52165658,700,422
3001,1,0,756.0457382,1000,298
3002,0,19,10.83894746,1000,358
3003,0,2,475.5437288,1100,763
3004,0,8,50.17738145,800,625
3005,0,0,1619.184737,1800,938
3006,1,3,127.5574698,900,425
3007,1,0,35.87176313,2000,913
3008,0,25,158.9554998,1200,542
3009,1,7,511.3777213,1000,529
3010,0,7,698.3738695,2200,938
3011,0,0,474.8226288,800,287
3012,0,9,668.5096473,1000,920
3013,1,12,452.7769838,700,213
3014,1,7,111.7721127,400,433
3015,1,11,379.1484208,2000,686
3016,0,4,82.67833676,200,63
3017,0,0,549.9437638,2200,807
3018,1,4,127.864324,900,570
3019,1,0,890.8381623,900,471
3020,0,23,209.3944043,800,46
3021,1,9,538.8459801,800,317
3022,0,5,227.4161091,1400,989
3023,0,0,671.7480544,1200,515
3024,1,109,534.1496711,800,406
3025,0,9,1004.996767,1300,283
3026,1,0,311.0473709,1600,741
3027,1,46,627.050452,1300,577
3028,1,26,460.9984397,700,372
3029,0,2,569.453163,900,76
3030,0,2,298.5431712,1000,712
3031,0,0,298.656322,600,628
3032,0,1,124.9076318,500,354
3033,1,1,204.1045846,700,404
3034,0,10,1754.176059,1900,995
3035,1,0,51.17087603,300,489
3036,0,6,148.034111,900,768
3037,0,9,1804.729295,2000,883
3038,0,0,227.352501,1400,676
3039,0,1,818.2918438,1700,844
3040,0,0,104.6769497,200,147
3041,1,0,57.99981824,1600,776
3042,1,177,254.6772199,700,376
3043,0,13,9.893536462,900,334
3044,1,3,153.378866,800,438
3045,1,12,427.9136871,700,524
3046,0,1,337.2275304,1000,528
3047,0,8,1355.709748,1500,862
3048,0,3,52.68176195,300,161
3049,0,12,85.12010667,800,8
3050,0,1,956.7231651,1200,835
3051,1,3,677.9437001,1000,535
3052,0,2,181.4011512,500,372
3053,0,0,215.069155,800,264
3054,0,7,310.8051001,800,314
3055,0,6,859.0760682,1900,747
3056,0,6,96.62094865,2300,924
3057,0,12,154.7314976,600,186
3058,0,17,470.0772684,600,590
3059,1,2,113.4168972,500,256
3060,0,0,841.6797654,2200,802
3061,0,727,171.9030688,400,630
3062,0,0,225.1800145,600,724
3063,0,0,261.4059143,600,746
3064,0,9,834.3101744,2200,867
3065,1,16,388.4939186,1500,593
3066,1,0,446.8999241,1000,576
3067,0,0,510.603312,2100,901
3068,0,3,160.731913,1400,737
3069,0,0,110.0356106,1400,834
3070,0,0,930.0636422,1200,501
3071,1,8,152.2773109,900,253
3072,1,2,837.1767284,1000,153
3073,0,0,1196.889481,1400,685
3074,0,1,391.1007318,900,535
3075,0,0,1021.808378,2300,993
3076,0,0,380.184878,1600,834
3077,1,32,1016.256781,1500,809
3078,1,0,126.7433163,200,42
3079,0,1,150.8177416,1300,568
3080,0,1,828.0910274,1700,990
3081,0,0,1070.358139,1200,866
3082,0,1,588.1533253,1900,715
3083,0,0,714.2728618,1500,822
3084,0,6,667.2611785,1300,109
3085,0,8,1026.977484,1300,593
3086,1,0,897.2932281,1200,163
3087,1,14,638.83806,700,126
3088,0,8,178.2505563,2000,909
3089,0,0,101.5818167,1800,852
3090,0,3,72.53589296,200,17
3091,1,46,41.44451646,700,365
3092,0,2,806.7872461,1600,723
3093,1,0,218.0300075,2100,783
3094,0,0,796.456105,2500,916
3095,1,0,93.62474805,500,135
3096,0,0,68.28638075,900,337
3097,0,26,73.49455089,200,109
3098,1,22,515.3253869,700,413
3099,0,0,643.2752147,700,792
3100,1,0,134.3014056,600,478
3101,1,18,297.1697679,500,328
3102,1,0,1166.588852,1300,483
3103,0,0,572.9751338,700,162
3104,0,10,683.1119026,2000,836
3105,0,0,374.7326993,1700,863
3106,0,1,2268.779452,2700,982
3107,0,1,55.89536599,500,354
3108,0,0,1617.74067,2800,942
3109,1,31,1793.390054,2400,907
3110,0,0,450.1372939,500,240
3111,0,1,171.8019431,200,144
3112,1,21,385.0657569,400,443
3113,0,3,464.1541008,800,398
3114,0,0,1101.256085,1200,645
3115,1,17,75.25150725,500,65
3116,1,75,108.3455884,200,165
3117,0,3,656.8325839,2500,807
3118,0,2,341.8536004,1000,262
3119,1,54,95.53365269,500,326
3120,0,0,551.4694711,800,365
3121,1,0,605.2126386,700,386
3122,0,0,1448.038851,1900,927
3123,0,0,88.47636476,1600,976
3124,0,23,57.73409816,1100,648
3125,1,4,341.4942172,700,165
3126,1,54,281.6761057,900,393
3127,0,3,1152.479471,1300,699
3128,1,5,147.2990723,200,14
3129,1,7,443.5840677,1000,311
3130,0,19,559.8000929,600,465
3131,1,26,504.9795056,800,370
3132,1,128,1009.539111,1100,571
3133,0,3,922.741475,2000,912
3134,0,22,452.3056575,900,8
3135,1,28,1197.098584,1700,987
3136,0,23,941.8342794,1100,538
3137,1,39,382.9661857,1200,440
3138,0,179,182.257195,800,522
3139,1,1,3.021231427,200,139
3140,1,25,184.1904741,800,482
3141,1,7,118.6401709,700,106
3142,0,110,247.4578126,1100,76
3143,0,51,1136.516339,1200,313
3144,0,1,121.5403411,700,340
3145,1,10,301.2888516,400,6
3146,0,1,771.2973359,900,333
3147,1,0,340.778883,1600,892
3148,0,2,1296.423786,1700,893
3149,1,16,112.5952258,1100,181
3150,0,3,57.25892093,800,89
3151,0,40,535.9105556,1500,547
3152,1,3,119.7141557,500,185
3153,0,1,16.30174366,1000,227
3154,0,5,443.4593816,700,621
3155,1,1,244.8905447,600,46
3156,1,1,2.747883575,200,4
3157,1,16,37.55413358,200,84
3158,1,92,23.93668053,300,122
3159,0,148,4.566305165,200,107
3160,0,2,133.9689477,200,915
3161,0,0,530.2958217,1600,602
3162,0,0,274.0533049,1400,806
3163,1,20,104.9055868,800,364
3164,0,11,5.09298235,1800,677
3165,0,3,603.9845935,1800,931
3166,0,2,1875.016448,2400,960
3167,1,12,226.0531415,800,262
3168,0,0,145.7523226,700,233
3169,1,6,799.8889392,800,390
3170,0,5,735.0550889,1800,600
3171,1,1,628.0865399,1100,566
3172,0,3,1060.778298,1300,756
3173,0,2,920.1557084,1500,636
3174,1,10,496.1581769,600,69
3175,0,9,1944.62995,2000,714
3176,1,0,252.5535918,1000,260
3177,0,3,522.6985014,600,197
3178,0,0,1771.532233,1900,924
3179,1,6,650.4150795,800,240
3180,1,0,1.57192279,1200,566
3181,0,0,262.3424086,1300,842
3182,0,215,329.6000589,700,201
3183,0,0,0.213646614,1800,716
3184,0,0,177.6248014,200,320
3185,1,9,101.1177514,1000,227
3186,1,34,402.3382617,1500,686
3187,1,0,22.5139553,400,46
3188,0,7,151.5182891,400,265
3189,0,1,608.5862922,900,223
3190,0,0,817.6898523,1900,886
3191,0,18,569.2459084,1100,22
3192,0,2,752.8279511,1200,662
3193,0,18,185.9443506,1000,195
3194,1,9,71.37210623,1500,198
3195,1,126,854.2330126,1000,215
3196,1,0,222.6836836,1500,665
3197,0,5,1201.442465,1900,883
3198,0,11,2205.683837,2400,894
3199,0,6,839.3505289,900,669
3200,0,0,34.02560469,700,638
3201,1,36,1715.035356,2100,648
3202,0,2,979.7773985,1000,205
3203,0,3,703.1494637,1000,579
3204,0,1,448.2208617,1800,713
3205,0,1,21.55184867,200,175
3206,0,0,590.750587,800,199
3207,0,12,852.1715859,900,229
3208,1,38,123.8375113,500,215
3209,1,3,105.5035281,700,69
3210,1,1,180.3132865,500,77
3211,0,7,130.0694656,1700,694
3212,0,0,537.9241682,600,260
3213,0,139,465.6488708,600,186
3214,1,0,1632.158892,1700,754
3215,1,16,1077.41619,1900,657
3216,0,0,944.2306633,2500,945
3217,0,5,260.4547049,900,788
3218,0,145,135.8490197,200,135
3219,1,0,58.34813148,900,251
3220,1,2,461.1335887,700,383
3221,0,10,128.0112157,200,193
3222,1,0,223.3210615,1900,929
3223,0,0,359.4699594,1100,724
3224,0,95,556.4167169,1500,508
3225,0,2,952.2783418,1600,744
3226,0,2,155.9110825,600,204
3227,0,54,31.53937568,400,407
3228,0,1,1615.103076,1800,700
3229,0,4,71.37235855,200,181
3230,1,0,505.6761579,700,425
3231,0,6,851.2347716,1000,747
3232,1,0,1200.263454,1300,563
3233,0,105,155.0764899,1000,108
3234,1,0,162.8314907,200,313
3235,0,1,82.45883376,600,359
3236,0,1,633.8348704,2000,940
3237,1,7,939.1577391,1000,360
3238,0,24,42.66495212,200,134
3239,0,8,1011.991533,1500,932
3240,0,34,155.1488785,700,328
3241,0,7,683.6222788,2000,974
3242,0,1,626.4104238,900,746
3243,0,0,2288.530039,2700,987
3244,0,1,647.360595,1000,568
3245,1,38,59.89418487,200,285
3246,0,10,794.6132428,1500,862
3247,1,0,440.8810116,700,482
3248,0,11,2192.571122,2500,793
3249,1,4,677.7872403,1500,591
3250,1,1,190.2594574,500,284
3251,0,0,158.0663119,2500,971
3252,1,18,17.58280352,500,0
3253,0,4,519.4456217,700,257
3254,0,0,864.4875268,1400,984
3255,0,0,386.1999078,1900,984
3256,1,0,407.8243535,500,384
3257,1,87,1627.913062,2000,710
3258,0,3,746.5572247,1100,68
3259,1,53,787.7740074,800,32
3260,0,4,505.6067765,1100,566
3261,0,19,153.8212118,800,372
3262,1,35,384.033867,800,414
3263,0,0,578.6106522,1800,909
3264,1,10,393.4037759,400,252
3265,0,0,369.485758,1200,832
3266,0,137,956.965654,1300,71
3267,1,92,57.01380018,200,130
3268,0,0,1051.864074,1600,688
3269,0,1,1632.78521,1700,692
3270,0,0,502.2027036,1200,480
3271,1,1,657.8124046,700,266
3272,0,3,326.6633392,2000,841
3273,1,0,1052.53408,1100,408
3274,0,0,1051.406678,1200,588
3275,1,79,50.87362908,200,12
3276,1,6,140.3690452,500,76
3277,1,42,220.3713153,800,271
3278,0,0,1826.504464,2300,844
3279,1,35,230.2973838,1300,543
3280,0,2,149.7571314,800,87
3281,0,11,1672.318201,2400,797
3282,1,0,165.3677605,200,170
3283,1,1,39.11722072,500,83
3284,0,0,359.1860756,800,950
3285,0,3,270.4822711,1700,820
3286,0,28,1276.770926,1400,471
3287,0,0,872.0291407,900,481
3288,1,0,128.8727013,700,199
3289,0,1,397.0137896,800,437
3290,0,2,1350.244102,2200,988
3291,0,0,268.8159687,2000,772
3292,0,12,1359.964311,1800,916
3293,0,1,990.2420025,2000,930
3294,0,4,346.81571,500,19
3295,0,30,22.848615,200,61
3296,1,44,986.7863237,1100,568
3297,0,4,299.3405437,500,243
3298,0,0,595.217505,1200,700
3299,0,6,155.7252475,200,94
3300,0,9,1001.698901,1200,591
3301,0,1,180.5199381,1300,752
3302,0,1,53.19612881,300,363
3303,0,2,1156.048862,1600,772
3304,0,18,449.0347692,1000,419
3305,0,6,391.0617357,500,221
3306,1,60,137.9522572,400,384
3307,1,24,323.1250495,1000,312
3308,0,2,940.4544391,1300,537
3309,1,36,596.7599392,700,323
3310,0,0,23.27233198,600,234
3311,0,3,794.7678031,1200,384
3312,1,3,697.7579672,800,14
3313,0,4,98.01225296,300,364
3314,1,2,495.21926,500,50
3315,0,2,79.37166797,400,417
3316,1,3,606.3682811,800,376
3317,0,1,956.2049717,1800,868
3318,0,3,337.9854239,400,636
3319,1,43,1364.244589,1500,520
3320,0,0,1350.857484,1600,834
3321,0,9,613.5779639,1100,799
3322,1,4,671.991378,700,185
3323,1,54,7.206169657,500,173
3324,1,6,416.0015638,700,388
3325,1,0,57.02098443,500,275
3326,1,5,386.6282832,800,367
3327,0,5,60.7431555,200,75
3328,1,2,401.7361615,1300,508
3329,0,375,271.5125396,500,198
3330,0,0,922.3354948,1200,731
3331,1,55,625.6180686,1600,965
3332,0,2,178.9039634,1500,889
3333,0,3,811.6613806,1200,562
3334,0,21,75.1173228,600,405
3335,0,2,130.6035277,900,671
3336,0,15,879.4326352,2000,751
3337,0,0,630.3999245,1900,913
3338,0,0,987.5008113,1000,690
3339,0,1,1021.115643,2100,723
3340,1,53,492.9927502,800,170
3341,0,4,1151.743784,1600,995
3342,1,8,23.27928268,800,410
3343,0,333,180.8866526,600,243
3344,0,1,1139.48219,1500,572
3345,0,2,14.25271896,400,143
3346,1,31,333.9454075,800,468
3347,0,0,928.0544271,1400,759
3348,1,1,177.8312193,400,225
3349,0,7,59.08044489,200,166
3350,0,0,401.9418244,1100,588
3351,0,1,92.99648176,800,648
3352,0,0,443.4609785,1800,940
3353,1,0,389.6671065,900,498
3354,1,55,804.5522444,900,184
3355,0,0,633.3172738,1500,804
3356,0,1,148.9206371,300,316
3357,1,49,253.0049781,1000,239
3358,1,0,378.4582536,1500,595
3359,0,1,579.9107684,800,662
3360,0,25,1118.69475,1500,604
3361,0,0,376.0212244,800,740
3362,0,0,130.7800818,200,34
3363,0,3,655.4175385,1800,832
3364,0,3,883.5322491,1200,814
3365,1,40,161.4860248,1300,580
3366,0,4,4.608610789,700,573
3367,0,0,47.57800047,1300,844
3368,0,4,9.846467312,200,145
3369,0,2,16.49072766,500,661
3370,0,5,1394.247841,1400,827
3371,0,2,231.0237903,1600,674
3372,0,0,647.7554361,900,845
3373,1,18,1075.13095,1200,505
3374,0,12,261.6093364,500,489
3375,0,2,192.6822106,800,643
3376,0,11,376.0760745,500,647
3377,0,1,183.2703306,200,311
3378,0,10,492.0477779,700,498
3379,0,2,1201.046123,1700,649
3380,0,277,1761.874123,2100,854
3381,0,1,823.6064207,2100,716
3382,1,0,905.181647,1000,383
3383,1,0,624.3715614,1100,439
3384,1,12,43.88856668,200,298
3385,0,2,366.0292148,1400,587
3386,0,1,888.3643779,1100,646
3387,0,0,519.8585795,1200,644
3388,0,0,1377.117128,2000,968
3389,0,23,456.7876527,800,439
3390,0,1,130.6724112,1500,634
3391,0,0,1056.685071,1200,517
3392,0,0,431.6430817,1700,972
3393,0,0,274.5437868,900,583
3394,0,2,487.2988938,2400,921
3395,0,0,246.2526323,1700,970
3396,0,0,845.5666908,1100,546
3397,0,11,75.54120171,300,18
3398,1,31,1020.356464,1900,600
3399,1,3,73.21772579,1000,380
3400,0,0,18.05379273,200,388
3401,0,2,140.1799382,800,424
3402,1,0,698.7757422,1000,622
3403,1,4,173.0236024,300,42
3404,0,6,980.9804612,1100,406
3405,1,1,253.0925434,300,389
3406,1,0,719.0303222,800,253
3407,0,7,237.3055745,600,287
3408,1,0,179.3193145,400,190
3409,0,2,870.4360885,1200,652
3410,0,1,161.4719893,200,313
3411,1,11,889.190417,1100,526
3412,0,73,112.0453954,300,13
3413,0,0,41.40615405,200,864
3414,0,0,557.1864215,1000,399
3415,1,0,256.575212,800,313
3416,1,0,388.3967562,1100,429
3417,0,9,1246.294929,1300,653
3418,1,8,552.2442809,600,645
3419,0,0,13.69985525,900,570
3420,1,18,412.5310957,1000,511
3421,0,0,247.9281885,1300,868
3422,0,6,954.6392782,2700,912
3423,0,0,649.4467722,1100,719
3424,0,14,461.4688563,700,676
3425,1,0,359.0838768,1900,793
3426,0,0,1096.577753,1100,685
3427,0,0,78.53738697,900,205
3428,0,1,744.5480008,1200,641
3429,0,10,1336.524261,1500,937
3430,0,0,156.4313655,1200,671
3431,0,9,342.4930664,400,213
3432,1,0,566.0502715,700,585
3433,0,0,450.6879438,500,439
3434,1,31,361.1623876,400,478
3435,0,7,871.4086218,900,598
3436,1,106,666.1154503,1100,876
3437,0,1,319.5416236,600,345
3438,1,47,1541.715182,1700,7
3439,0,4,1419.922085,2400,857
3440,0,0,1057.691638,2400,905
3441,1,5,0.778126739,300,108
3442,0,0,75.42300244,200,155
3443,1,0,1650.001476,2100,856
3444,1,19,152.0939812,200,31
3445,1,1,859.4261674,1100,660
3446,0,467,461.4594065,700,396
3447,1,0,724.8250428,1400,137
3448,0,1,371.0314989,600,158
3449,1,40,130.0517066,300,32
3450,1,7,731.0048448,1300,624
3451,1,9,48.13803086,1100,560
3452,0,96,99.45381024,400,178
3453,0,5,223.1637884,1000,487
3454,1,1,58.63544132,1100,25
3455,0,9,485.0979282,800,218
3456,0,2,1464.187127,1800,662
3457,1,0,696.0954309,1500,639
3458,0,1,1741.479323,2200,830
3459,0,1,104.5969237,800,305
3460,0,0,1068.461757,1800,901
3461,0,3,1543.428761,2400,881
3462,0,4,358.6499995,700,584
3463,0,1,494.2167859,500,473
3464,1,18,641.1883873,1400,642
3465,0,2,2047.888856,2200,809
3466,0,0,697.0150703,1400,711
3467,0,0,1742.450856,2200,859
3468,1,3,503.0946008,900,374
3469,0,3,115.898671,700,204
3470,0,0,252.039144,900,718
3471,0,11,736.4271406,1100,300
3472,1,0,373.4628116,600,175
3473,0,11,329.5021948,700,296
3474,0,4,478.0562287,900,314
3475,1,11,119.4053816,200,3
3476,0,11,1045.46454,1700,995
3477,0,4,1825.766728,2000,982
3478,0,156,497.7325696,800,195
3479,1,1,21.69797803,1200,284
3480,0,8,166.2558936,200,150
3481,1,1,307.3171685,400,34
3482,1,0,776.7967253,900,153
3483,0,22,69.86230541,200,3
3484,0,0,10.02372189,1000,291
3485,0,0,2060.246668,2600,989
3486,1,77,993.8877371,1400,694
3487,0,6,1095.352723,1500,320
3488,0,0,906.999653,1100,689
3489,0,0,1865.201453,1900,781
3490,1,8,344.9148987,800,270
3491,1,7,823.6042968,900,382
3492,0,12,522.8100199,800,208
3493,0,2,287.9539169,900,255
3494,1,760,105.8176879,200,190
3495,1,13,771.4655772,1500,189
3496,0,30,257.8317882,800,205
3497,0,3,934.5125684,2300,894
3498,0,0,176.9907588,400,172
3499,0,1,932.006145,1700,816
3500,0,0,1661.858522,2200,881
3501,0,0,724.0866098,1500,906
3502,0,0,487.5423913,800,371
3503,1,1,791.4556448,1000,233
3504,0,5,655.1261349,1200,535
3505,0,0,357.2062328,1400,753
3506,1,4,291.1296004,400,157
3507,0,5,290.9841369,400,277
3508,1,0,348.243809,500,475
3509,0,1,132.4553717,800,22
3510,1,1,114.3500059,300,113
3511,0,2,766.2471255,900,349
3512,0,0,605.8060238,1400,862
3513,0,0,99.70041072,400,84
3514,0,9,356.5728285,1100,261
3515,1,0,564.5509091,1100,221
3516,0,0,1090.281353,1400,826
3517,0,0,32.24346009,1200,676
3518,1,35,786.2656157,1400,849
3519,1,0,202.213919,1700,574
3520,0,20,803.322195,1000,205
3521,0,2,1067.583521,1100,583
3522,0,0,370.0910405,1200,973
3523,1,1,460.5101807,1000,685
3524,1,15,279.3556892,500,81
3525,0,1,473.9004459,1300,828
3526,1,1737,686.6812429,800,489
3527,1,14,1292.785644,2100,603
3528,1,3,70.35382968,200,98
3529,0,3,1023.136386,1200,602
3530,1,0,604.9243943,700,376
3531,1,1,489.0048741,600,180
3532,1,22,242.047929,1700,664
3533,0,0,604.5263877,700,437
3534,0,9,50.71666101,1100,895
3535,0,13,438.2705457,800,471
3536,0,0,471.258878,500,310
3537,0,1,223.1262571,1000,575
3538,1,38,600.0706807,1500,958
3539,0,3,886.6454206,900,379
3540,1,0,840.3938737,1500,598
3541,0,0,94.07994358,1700,929
3542,0,3,2252.985347,2300,813
3543,0,4,1065.955336,1400,93
3544,1,37,251.4947058,500,438
3545,1,14,190.1959176,700,384
3546,0,4,125.8059042,200,175
3547,1,11,80.47824486,400,2
3548,1,70,935.0824277,1100,580
3549,0,278,120.4361252,600,197
3550,0,2,108.9695769,1000,560
3551,0,1,1408.34453,1800,837
3552,1,23,74.86867213,900,639
3553,0,3,200.277862,1100,457
3554,1,1,61.41616054,800,12
3555,1,0,664.818513,700,291
3556,0,5,182.0508936,200,77
3557,1,0,644.5831532,900,358
3558,1,34,811.9534682,1100,563
3559,0,0,812.7227558,1200,570
3560,0,386,1538.30631,1600,139
3561,0,15,344.4094567,600,459
3562,0,0,736.9421814,1300,768
3563,0,0,1142.38368,1800,876
3564,0,0,627.0670357,700,416
3565,1,0,325.7445911,1000,257
3566,0,12,498.2579588,1200,934
3567,1,6,1375.912734,1500,411
3568,1,27,349.1278397,600,52
3569,0,6,36.50657695,400,66
3570,0,1,138.4033187,1000,758
3571,0,3,213.9009075,1200,648
3572,0,3,646.817905,1100,748
3573,1,0,1488.728505,1500,15
3574,0,0,14.0767819,1200,718
3575,0,0,1343.051065,1400,833
3576,0,19,51.56615183,700,367
3577,0,0,40.85435045,500,219
3578,1,5,897.8165004,900,31
3579,1,13,29.53835713,200,99
3580,0,0,2257.197712,2300,998
3581,1,3,93.66922121,200,129
3582,0,125,851.7411948,1000,500
3583,0,9,942.0193179,1500,849
3584,0,10,15.70192695,200,149
3585,0,3,158.7828912,1300,953
3586,1,292,105.3620329,600,159
3587,0,13,154.6557794,400,423
3588,1,1,152.8023503,200,171
3589,0,1,694.3524434,700,251
3590,0,1,323.6092049,400,329
3591,0,0,329.8460125,1800,755
3592,0,0,1707.777323,3000,974
3593,0,4,224.79239,700,259
3594,1,2,164.3589756,200,168
3595,0,2,691.6246259,700,166
3596,0,0,569.3587649,800,666
3597,0,161,426.7187812,900,294
3598,0,0,377.1392522,2100,749
3599,0,4,2279.816712,2500,913
3600,0,0,429.40962,900,764
3601,0,0,1602.572365,2000,640
3602,1,15,453.3698076,700,139
3603,0,0,1681.077348,2700,984
3604,0,0,130.8749494,1200,653
3605,1,0,157.1943398,700,239
3606,0,1,371.0896071,800,568
3607,1,298,216.3277159,1900,631
3608,0,0,151.4038586,2600,804
3609,0,6,1112.88318,2100,933
3610,1,3,9.992368964,200,187
3611,0,3,375.6636315,1200,825
3612,0,3,619.3389192,700,545
3613,0,35,192.2138779,800,233
3614,0,30,792.6037854,1800,141
3615,0,2,534.5299235,800,504
3616,0,32,97.71767123,300,64
3617,0,11,380.9496874,400,307
3618,1,5,654.8071417,1100,529
3619,0,15,129.6590084,700,457
3620,0,0,723.2408197,1300,896
3621,1,3,494.5378615,1000,446
3622,0,0,357.6817188,500,147
3623,1,3,566.4571828,700,456
3624,1,10,581.2888086,1300,679
3625,0,0,128.9216361,1700,699
3626,0,0,1461.260446,1600,777
3627,0,9,984.5191002,1000,646
3628,1,7,536.8481633,700,219
3629,0,0,456.1745341,1400,566
3630,0,0,178.2770897,300,259
3631,0,1,1177.983864,2500,902
3632,0,0,1545.932683,1700,701
3633,1,62,563.9878089,900,477
3634,0,0,494.811108,800,221
3635,1,15,124.6723123,1600,525
3636,1,25,485.3285011,500,173
3637,0,0,423.3417294,900,826
3638,1,6,587.6158428,600,20
3639,1,0,92.02487306,200,132
3640,0,0,1205.242059,1300,194
3641,0,1,259.3055709,1700,940
3642,0,0,403.943223,2000,795
3643,0,0,38.52836171,1300,789
3644,0,11,177.2480414,200,129
3645,1,1,773.3506375,800,389
3646,0,5,134.8330211,500,505
3647,0,0,2226.794503,2300,693
3648,0,0,1422.399277,1700,753
3649,0,57,481.7655836,1500,557
3650,0,0,122.4060723,300,669
3651,0,2,135.6274115,1500,754
3652,1,45,437.5689023,700,690
3653,0,1,458.1342479,1900,949
3654,1,2,398.3111649,500,18
3655,1,39,15.46885389,200,174
3656,0,0,695.1807947,2500,863
3657,0,0,303.0312382,900,693
3658,0,1,591.8104667,1800,690
3659,0,26,27.70289892,900,456
3660,0,0,910.1625512,2000,811
3661,1,0,121.1111025,500,340
3662,0,9,449.3010319,1100,176
3663,1,34,251.286457,500,309
3664,0,11,1078.260796,2200,927
3665,0,1,46.54929847,900,745
3666,1,22,117.2885172,1300,450
3667,0,3,510.6131785,700,215
3668,0,0,138.2284589,1900,885
3669,0,0,458.6209061,600,276
3670,0,10,541.8362258,1400,605
3671,0,14,647.8946922,1300,766
3672,0,4,679.9029522,1100,879
3673,0,29,1237.316268,1500,131
3674,1,0,451.7283199,2000,796
3675,0,14,55.09869794,200,177
3676,1,55,560.450774,1300,494
3677,0,0,1401.921762,1500,719
3678,0,0,488.7938359,1900,757
3679,1,5,672.7314883,800,319
3680,0,0,1416.166364,2200,933
3681,0,0,248.3818504,600,56
3682,1,0,135.4215796,800,67
3683,0,1,61.50930339,900,255
3684,0,7,1048.525173,1300,549
3685,0,1,387.7428812,1400,557
3686,0,6,502.6107662,600,636
3687,0,6,146.6817832,1100,502
3688,0,0,169.5766604,1100,706
3689,0,9,1984.253187,2000,924
3690,0,26,54.35743639,1600,952
3691,1,13,853.3858689,1700,681
3692,0,116,180.5908295,800,207
3693,0,0,402.4591253,500,489
3694,0,11,443.6119931,2300,873
3695,1,0,698.0025786,800,273
3696,0,0,1359.373901,2100,800
3697,0,1,711.1320773,800,573
3698,0,5,442.2466631,700,439
3699,0,1,1191.330272,1600,953
3700,0,15,551.4544985,800,259
3701,1,17,491.3511425,500,361
3702,0,1,1032.828215,1600,706
3703,0,1,278.2438485,900,349
3704,0,21,405.489649,600,75
3705,0,0,76.76110295,1000,925
3706,0,0,1028.293935,1600,860
3707,1,12,106.8744672,200,104
3708,0,3,12.80826988,400,398
3709,1,0,460.1450458,800,264
3710,1,0,221.1675018,1000,29
3711,0,3,636.4365235,1800,744
3712,1,9,360.058057,800,49
3713,1,0,1002.362795,1200,580
3714,0,2,134.1372252,200,190
3715,0,1,300.0998502,900,527
3716,0,16,5.193393143,200,100
3717,0,3,35.78472141,400,459
3718,0,0,198.6127941,700,410
3719,0,0,221.6085203,1200,547
3720,0,0,999.5485657,1000,575
3721,1,1,458.8827882,600,200
3722,0,0,637.79937,1600,759
3723,1,0,147.856106,200,169
3724,0,3,214.7809923,1200,708
3725,1,0,356.8823433,1000,594
3726,1,47,339.9031552,400,143
3727,0,15,58.68969567,400,154
3728,0,18,89.72209768,700,97
3729,0,0,132.4009057,1300,790
3730,0,0,767.0642531,900,684
3731,1,0,169.4188723,700,300
3732,0,0,475.3652233,1100,633
3733,0,9,532.1427406,1100,545
3734,0,39,389.7028326,900,694
3735,1,0,310.2739822,500,422
3736,0,0,1361.588858,1600,684
3737,0,0,113.3572038,1300,650
3738,0,30,139.0432021,800,562
3739,0,54,82.26739369,200,119
3740,0,23,1090.2224,1400,602
3741,0,5,303.2654313,800,541
3742,0,2,2489.393706,2700,991
3743,1,1,112.0333951,1100,260
3744,0,0,235.1003964,800,284
3745,0,2,73.95571904,300,37
3746,0,14,650.6126833,700,260
3747,1,2,451.5349019,600,228
3748,0,3,734.3202237,2200,880
3749,0,2,456.1834207,1400,682
3750,0,1,1562.642136,1600,711
3751,1,88,20.29991843,1100,992
3752,0,13,441.8617198,800,372
3753,0,0,593.4187511,1900,823
3754,1,33,674.9651026,900,693
3755,0,0,620.284735,1000,818
3756,0,3,174.0147838,500,124
3757,0,2,441.0224732,900,266
3758,0,7,746.5934754,800,332
3759,1,1,202.6312813,500,390
3760,0,0,277.2942202,1300,512
3761,1,1,36.67527799,600,443
3762,0,1,78.29320929,1300,572
3763,1,1,211.4180035,500,416
3764,0,0,494.550215,1100,572
3765,1,0,268.6228725,2000,654
3766,1,4,388.161246,1300,862
3767,0,5,826.3442528,1800,760
3768,0,1,269.345856,600,430
3769,0,16,79.00818283,800,32
3770,0,3,58.38284205,200,75
3771,0,2,181.2681338,2000,810
3772,0,3,986.4545658,1400,855
3773,1,186,284.5626808,400,257
3774,0,1,416.1567652,700,430
3775,1,35,480.1616088,700,496
3776,0,11,431.0500098,600,79
3777,1,311,454.1100759,700,91
3778,0,13,614.9613556,1300,766
3779,0,0,159.8383549,1300,736
3780,0,2,324.4309134,400,462
3781,0,1,535.0217141,1100,776
3782,0,17,98.72431152,500,524
3783,1,62,223.518307,300,31
3784,0,8,1546.009581,1900,674
3785,0,0,495.3240178,800,315
3786,0,1,19.45353307,700,407
3787,1,8,1451.008457,1600,689
3788,1,7,95.0946611,700,576
3789,1,4,431.7868295,700,544
3790,1,23,57.57674468,300,348
3791,1,5,30.22822233,200,75
3792,0,0,1270.702502,1600,967
3793,1,89,528.1987617,600,316
3794,0,3,561.7776995,1800,821
3795,0,15,586.987322,900,322
3796,0,0,32.9140223,1500,859
3797,0,0,681.3889001,1600,727
3798,1,30,250.3935946,1200,201
3799,1,3,391.3840252,900,406
3800,0,0,1290.967896,1300,750
3801,0,9,437.7064334,800,306
3802,1,0,813.759529,1100,169
3803,0,3,149.3961831,200,48
3804,0,1,511.804432,700,689
3805,0,0,262.6557491,1300,858
3806,0,6,754.2225341,1100,597
3807,1,0,211.3827396,900,486
3808,0,0,109.2778781,800,646
3809,1,22,347.8026965,1200,557
3810,1,3,262.6229686,500,116
3811,0,1,342.0175361,1100,92
3812,0,16,579.3957424,800,305
3813,0,279,196.2803722,200,19
3814,0,10,1935.942536,2400,808
3815,0,1,475.7145631,900,274
3816,1,4,1284.912992,1400,733
3817,0,168,309.9915693,700,465
3818,0,4,1664.009598,2500,992
3819,1,1,19.40249239,400,255
3820,1,47,361.453361,800,343
3821,0,2,143.7906911,600,6
3822,0,0,1599.347669,1700,924
3823,0,0,582.7051616,1500,597
3824,0,1,1872.489314,2200,911
3825,0,21,817.3271424,1100,328
3826,0,0,11.28326228,1100,407
3827,0,0,49.52341552,200,888
3828,1,96,407.0940301,800,82
3829,0,1,130.0527392,2300,921
3830,0,0,1485.662929,2200,924
3831,0,0,106.2960537,200,108
3832,1,2,273.0236958,1000,278
3833,0,0,1500.056047,1700,977
3834,0,2,431.2486914,1800,907
3835,1,0,273.2270166,900,405
3836,0,2,151.0804277,900,603
3837,0,1,1704.034788,1800,809
3838,0,0,166.5418828,500,672
3839,0,1,278.3233252,800,600
3840,1,0,1043.693346,1500,698
3841,1,6,896.2968693,1100,528
3842,1,0,626.249705,900,235
3843,0,4,276.3648034,400,75
3844,0,1,468.5170208,1000,476
3845,0,3,948.9003333,1400,897
3846,0,10,1191.480195,2100,787
3847,0,0,1513.84961,1800,974
3848,0,9,1873.425163,2500,744
3849,1,15,1110.857089,2200,657
3850,0,17,63.00650099,600,446
3851,0,2,112.8699368,800,366
3852,1,2,70.87963659,1400,566
3853,0,0,344.8235097,1300,596
3854,0,11,248.3108045,300,145
3855,1,2,828.8095294,900,394
3856,0,27,793.9636275,1200,666
3857,0,0,1181.213736,1300,702
3858,0,0,831.5401487,1300,521
3859,0,1,212.2535539,1200,231
3860,0,0,1848.591566,1900,968
3861,0,0,7.674944389,200,13
3862,0,0,1012.77723,1100,863
3863,0,0,1293.603308,1600,919
3864,0,25,604.5110024,700,287
3865,1,0,224.7052237,1000,585
3866,0,0,192.156205,500,711
3867,1,1,580.6393435,600,42
3868,0,11,114.0727992,1100,700
3869,0,0,364.8744878,800,402
3870,1,4,308.0791249,1000,407
3871,0,0,415.7024391,500,198
3872,1,0,1018.67072,1400,635
3873,0,13,1887.21082,2800,772
3874,0,0,554.7146534,600,799
3875,0,0,1872.814234,2500,904
3876,0,4,766.1521114,1600,949
3877,0,7,872.7298531,1900,639
3878,0,3,721.1877532,1100,721
3879,1,2,20.59731159,200,87
3880,0,6,564.5181052,900,544
3881,1,17,24.63969828,200,126
3882,0,28,87.99010941,600,291
3883,1,0,35.6504208,200,140
3884,0,1,254.7063042,1000,246
3885,0,0,361.9594621,800,369
3886,1,29,78.86872645,900,555
3887,0,2,101.7503854,2300,823
3888,0,3,1542.16513,2200,861
3889,1,50,114.4530405,200,28
3890,0,0,676.2962264,1700,730
3891,0,11,270.4302879,1700,787
3892,1,5,10.97301028,200,173
3893,0,2,816.9044878,1200,574
3894,0,0,904.2253946,2200,813
3895,0,1,13.75568506,1000,423
3896,0,1,854.7797335,2800,754
3897,1,3,1302.728293,1600,583
3898,0,252,182.8157876,800,405
3899,0,1,1.347297537,800,29
3900,0,7,328.2847328,400,136
3901,1,0,1086.116004,1300,9
3902,0,0,501.31348,1400,980
3903,0,2,584.961567,600,219
3904,0,0,590.6645074,900,306
3905,0,0,181.8998837,200,284
3906,0,4,1557.71376,2200,695
3907,0,0,587.5551264,600,488
3908,1,468,210.5376861,300,47
3909,0,30,256.0093662,500,683
3910,1,59,177.292217,1500,541
3911,0,1,495.872116,1300,768
3912,0,50,21.16797818,700,415
3913,0,1,1067.532748,1600,784
3914,1,30,51.88424674,200,264
3915,0,0,197.8765667,1600,722
3916,0,2,209.3822772,1500,835
3917,0,2,560.5211763,1300,594
3918,0,3,746.1659079,900,224
3919,0,28,760.6350857,800,257
3920,0,1,207.2628583,900,288
3921,0,0,99.44014673,1200,579
3922,1,8,751.2830753,1000,267
3923,0,12,189.366886,900,264
3924,0,1,1130.330366,1200,638
3925,0,0,1091.640769,1100,446
3926,1,17,407.6930835,1000,425
3927,0,0,106.1518044,2000,877
3928,0,0,177.892307,300,406
3929,0,3,549.800821,1200,688
3930,1,47,123.0287393,200,153
3931,0,6,191.5504942,200,190
3932,1,20,74.96575912,200,112
3933,0,0,693.2020543,800,642
3934,1,0,438.7798704,800,308
3935,0,0,849.7095525,1500,947
3936,1,4,18.8676878,200,39
3937,0,0,417.8063348,1400,794
3938,0,0,631.72717,1600,719
3939,0,0,112.6004573,200,116
3940,1,8,504.1526415,900,492
3941,0,108,111.6955055,200,192
3942,1,31,313.730426,700,104
3943,1,45,793.7845091,800,262
3944,1,10,111.1090775,1000,250
3945,0,14,817.0279735,1200,702
3946,1,9,578.3426388,600,352
3947,1,40,440.507947,600,365
3948,1,0,27.6667035,1300,206
3949,0,2,119.4878707,700,237
3950,1,3,351.369522,800,441
3951,0,25,295.686542,300,84
3952,1,582,137.5321608,200,69
3953,1,2,134.07476,1000,449
3954,0,1,749.722038,2100,871
3955,0,0,785.0851796,1400,798
3956,0,1,837.9049494,1000,199
3957,1,0,534.5327808,600,289
3958,0,0,1761.918899,2200,999
3959,0,0,1091.608686,1700,840
3960,0,1,3.260815971,1100,41
3961,0,3,370.3572509,400,607
3962,0,1,366.8019197,1400,830
3963,0,0,364.478672,2400,935
3964,1,7,129.3582521,900,472
3965,1,0,320.2708519,700,482
3966,0,0,171.7097507,900,211
3967,0,0,1090.799078,1100,621
3968,0,0,1424.348481,1500,703
3969,0,0,166.445565,2100,895
3970,0,5,10.41583276,700,639
3971,0,0,698.7211261,1100,985
3972,0,391,57.19737274,1100,426
3973,0,1,90.34679148,200,324
3974,1,10,627.0196898,1200,171
3975,0,0,1254.070205,1300,835
3976,1,1,190.4595469,200,38
3977,0,6,206.0332448,800,331
3978,0,27,1147.920813,1200,456
3979,1,1,399.5969774,500,173
3980,0,0,70.08247852,900,552
3981,0,10,86.6750145,1200,594
3982,1,6,537.3956786,600,135
3983,0,1,1081.71435,1700,612
3984,0,3,111.5788935,700,822
3985,0,0,109.5427053,200,370
3986,0,0,236.51557,400,52
3987,1,33,1456.679641,1600,642
3988,0,1,948.9703756,1000,873
3989,0,1,1425.45413,2500,821
3990,1,0,371.1217375,400,348
3991,1,7,220.8506798,400,195
3992,0,0,325.2179359,400,163
3993,0,0,487.9263584,1000,374
3994,0,5,663.1641338,1200,290
3995,0,3,306.9796954,800,248
3996,1,0,118.943543,900,89
3997,0,2,0.397912199,1000,606
3998,1,40,169.1787137,700,421
3999,0,2,461.5258246,500,229
4000,0,2,777.7734688,800,371
4001,0,0,192.9462569,1000,658
4002,0,1,26.40742976,700,224
4003,0,20,217.6124376,600,24
4004,0,14,1284.449163,1800,991
4005,0,11,429.2082813,800,630
4006,0,0,241.4295765,1000,574
4007,0,0,40.99902418,2100,685
4008,1,13,995.1107001,1200,455
4009,0,27,1865.790011,2100,950
4010,1,8,382.3602456,600,29
4011,0,4,918.1381263,1300,546
4012,1,4,222.3177688,300,361
4013,0,9,905.5743523,1600,504
4014,0,1,294.5571644,1200,556
4015,0,3,1013.419228,2500,809
4016,0,0,543.637759,700,344
4017,0,5,97.78741769,200,161
4018,0,3,1619.414076,2200,830
4019,0,1,264.9949327,2100,916
4020,1,2,164.8631694,1000,95
4021,1,49,1316.808015,1700,965
4022,0,0,1305.95085,1800,887
4023,1,51,435.6255239,1000,344
4024,0,8,502.8485342,700,248
4025,0,4,550.7341609,800,402
4026,1,3,761.7818224,800,293
4027,0,1,1526.578976,1800,733
4028,1,37,115.9963235,800,162
4029,0,0,810.0845075,1200,945
4030,1,2,591.8377618,1700,644
4031,0,1,472.2862373,1600,933
4032,0,14,237.9554906,1200,391
4033,0,2,751.2687782,900,289
4034,0,4,29.30005509,200,341
4035,1,6,109.3401847,200,104
4036,1,46,763.2585539,800,363
4037,1,5,52.30944126,200,89
4038,0,0,883.3292313,2000,908
4039,1,0,192.5944434,1100,103
4040,0,4,656.9732554,1000,315
4041,0,179,291.2026777,400,106
4042,1,0,397.741419,700,83
4043,0,0,1263.636935,1400,839
4044,0,0,173.7078629,200,33
4045,0,0,31.23730855,1000,306
4046,0,1,429.375566,2400,800
4047,0,11,1435.55536,1900,629
4048,0,70,224.8813635,1700,723
4049,0,0,127.7370539,400,113
4050,0,1,952.92325,1100,631
4051,0,16,335.3604692,600,249
4052,0,12,334.140396,1600,503
4053,0,0,164.1087491,200,49
4054,1,63,76.27706849,300,69
4055,1,46,241.1781989,500,39
4056,1,15,544.121975,1100,139
4057,0,3,87.43224965,700,327
4058,0,0,2016.464345,2200,838
4059,0,1,146.3033103,300,367
4060,1,0,692.3596449,1200,312
4061,0,0,155.4885031,600,493
4062,0,0,183.7072086,1700,839
4063,1,5,193.0305248,300,159
4064,1,23,187.0009861,600,280
4065,1,27,1144.48442,1800,812
4066,1,5,1057.671076,1100,650
4067,0,4,403.3555783,800,703
4068,0,2,1385.977203,2300,708
4069,0,0,27.36567669,1800,901
4070,0,3,544.7916153,1000,64
4071,1,20,116.5850115,300,131
4072,0,5,1432.006222,1900,565
4073,0,0,996.5626519,1700,652
4074,0,0,136.9502804,2200,759
4075,1,4,118.8664166,700,179
4076,1,15,392.6942196,900,480
4077,0,7,403.5016132,2600,919
4078,0,1,2057.474403,2100,818
4079,0,0,31.44250664,800,99
4080,0,1,770.6231811,2000,924
4081,0,1,221.8964437,600,176
4082,0,0,215.1830335,300,98
4083,1,0,303.2056748,900,222
4084,1,95,446.6932941,1800,629
4085,1,163,41.37959447,1400,753
4086,0,1,746.7332173,800,182
4087,0,1,414.9228756,800,479
4088,1,7,39.44158554,500,142
4089,1,46,419.4592514,700,428
4090,0,9,1021.062499,1900,950
4091,0,60,289.8978256,700,611
4092,0,8,221.8123038,2200,907
4093,0,15,69.31451806,1000,383
4094,0,0,382.7643117,500,740
4095,0,2,21.13165056,600,301
4096,1,1,238.4904127,1000,5
4097,0,2,44.98218938,1500,746
4098,0,2,12.3140086,800,271
4099,1,0,673.9792537,800,469
4100,0,0,101.2513489,200,673
4101,0,4,711.819536,900,346
4102,0,0,599.7365721,1500,947
4103,0,4,226.3974359,300,111
4104,0,11,278.1052979,700,694
4105,0,3,527.6459578,900,559
4106,1,6,477.5907192,800,444
4107,1,41,844.0555715,1100,476
4108,0,0,248.3471459,700,670
4109,0,0,1152.113066,1200,834
4110,0,0,196.7422173,300,325
4111,0,22,420.5361206,1100,229
4112,0,1,455.9832833,1000,564
4113,0,0,35.59823883,800,271
4114,0,1,102.1322629,400,392
4115,0,113,246.3087614,1500,686
4116,1,4,796.7846643,900,91
4117,1,8,600.0089458,700,397
4118,0,0,187.3342682,1200,678
4119,0,0,140.8165793,600,483
4120,1,92,471.7968897,700,238
4121,1,7,1716.465056,1800,719
4122,1,42,268.7043115,500,34
4123,0,1,1354.353215,1800,917
4124,0,2,60.65812664,500,122
4125,0,3,1166.603272,1200,595
4126,1,4,792.1201603,2400,804
4127,0,0,259.9875168,300,420
4128,0,0,188.9859361,1900,949
4129,0,0,345.2187322,1800,972
4130,0,0,339.7887969,1200,735
4131,0,1,599.7426472,2500,938
4132,0,15,21.49177396,600,750
4133,0,0,1068.106491,1900,795
4134,0,0,302.2021737,2000,963
4135,0,9,3.078897466,1300,901
4136,1,13,278.3651174,1100,561
4137,0,6,1219.292173,1300,523
4138,1,74,540.3528543,700,179
4139,0,7,260.3717356,1100,353
4140,0,29,738.4638383,800,241
4141,1,45,18.01342068,1600,796
4142,1,9,250.2869507,700,228
4143,0,1,354.9180429,1000,510
4144,0,0,612.1748603,700,495
4145,1,0,970.3144431,1000,292
4146,0,1,631.7550406,800,275
4147,1,20,75.4376047,200,28
4148,0,8,484.033058,700,360
4149,0,9,1411.888458,1600,981
4150,0,0,1153.013838,1500,913
4151,1,0,675.1839046,900,253
4152,0,12,31.79888014,400,273
4153,0,5,739.2155588,2000,877
4154,0,4,929.7295282,1100,939
4155,1,4,70.53530074,500,579
4156,1,2,456.9802102,700,327
4157,0,1,101.8012504,1700,765
4158,0,21,581.3356974,600,441
4159,1,63,42.70522564,600,346
4160,0,1,491.3376773,700,489
4161,0,4,76.19464375,1900,987
4162,1,38,484.2208613,1200,766
4163,1,2,271.1874849,400,455
4164,1,2,1003.212321,1100,582
4165,0,1,490.5376748,1600,734
4166,1,1,84.91187819,900,342
4167,0,0,1017.603844,2000,735
4168,1,0,649.4787739,800,197
4169,0,4,166.9499258,200,1
4170,0,0,881.2919365,900,874
4171,0,0,54.03658545,600,215
4172,0,13,210.336425,800,388
4173,1,1,918.4546927,1100,564
4174,1,32,1053.800713,1200,392
4175,0,1,128.6324893,1500,889
4176,1,0,29.09578835,1100,487
4177,0,0,360.0112623,1000,487
4178,0,0,650.8972296,800,302
4179,0,0,10.42662762,1700,958
4180,0,0,30.36773241,1900,900
4181,0,13,1171.256213,1200,516
4182,0,10,549.6669673,2300,791
4183,0,25,326.2696504,1000,554
4184,1,0,456.6987625,500,79
4185,0,0,911.3485322,1900,925
4186,1,0,221.6499709,1200,205
4187,1,34,18.22372724,1100,693
4188,0,0,29.49149531,1500,737
4189,0,0,959.1420602,2200,965
4190,1,1,22.87534313,600,24
4191,0,5,1.332862087,1300,616
4192,0,0,1283.677032,1600,916
4193,1,5,191.067093,700,236
4194,0,0,1391.00334,1700,978
4195,1,3,526.2720321,1400,63
4196,0,0,154.2668629,500,394
4197,0,0,1126.808598,1500,897
4198,1,31,1189.926589,2300,964
4199,0,6,103.7362142,800,584
4200,0,3,597.4136664,1100,255
4201,1,0,24.07263298,700,118
4202,0,0,81.94651746,700,232
4203,0,2,262.8903386,700,841
4204,1,221,21.85988244,800,57
4205,0,1,523.7053416,900,637
4206,0,121,757.8911525,800,183
4207,0,5,2073.870473,2400,718
4208,0,136,729.1377681,1300,545
4209,0,0,121.0227724,1200,697
4210,0,0,1433.64557,2000,806
4211,0,0,1472.742578,2100,861
4212,0,1,385.2853105,1100,528
4213,1,21,995.8721497,1100,520
4214,0,1,833.3339391,1200,523
4215,0,14,660.1603003,1700,823
4216,0,12,88.01822405,200,419
4217,0,1,1998.210489,2500,700
4218,1,0,188.7883297,600,558
4219,0,0,1627.420322,2000,868
4220,0,11,210.1291246,900,259
4221,0,0,452.5379202,700,397
4222,0,15,36.05951603,900,741
4223,0,1,583.9124797,600,56
4224,0,6,394.5271972,2200,970
4225,0,1,713.3873978,1000,663
4226,0,1,868.2884602,2400,960
4227,0,0,175.0178717,300,192
4228,0,0,1194.150677,2400,888
4229,0,2,275.006153,600,460
4230,0,117,153.5683113,900,272
4231,0,0,1013.97958,1400,639
4232,1,0,89.43767697,800,418
4233,0,0,676.4925197,700,302
4234,1,5,113.9311018,900,305
4235,1,12,331.2515225,600,93
4236,1,0,618.6553996,1100,322
4237,0,0,1166.552685,2100,748
4238,0,0,432.8236596,600,778
4239,0,10,268.5867681,1500,874
4240,1,5,1249.87802,1300,303
4241,0,2,160.0287252,200,674
4242,0,1,666.6284458,2000,919
4243,1,59,500.5131281,700,447
4244,1,2,75.90445533,200,125
4245,1,12,358.9134735,1400,695
4246,0,1,53.24518289,600,570
4247,0,2,608.8508759,2500,701
4248,1,1,700.0026569,800,314
4249,0,9,1290.865244,1500,817
4250,1,150,672.9786486,900,136
4251,1,51,40.83154655,800,431
4252,0,1,144.9273351,2200,985
4253,0,0,643.7640749,2300,951
4254,0,0,890.6597283,1000,285
4255,1,3,382.316837,500,263
4256,0,0,432.7428094,1900,940
4257,1,137,566.9618626,600,566
4258,1,9,69.01079725,1100,112
4259,0,7,280.5412725,1300,639
4260,1,1,715.828362,900,178
4261,0,0,1295.121377,2100,995
4262,1,24,489.8050703,600,550
4263,1,5,249.127303,300,338
4264,0,17,651.9188999,900,400
4265,0,0,890.7026825,1300,888
4266,0,14,718.6080223,900,329
4267,1,0,1115.480938,1200,534
4268,0,0,734.3837886,800,656
4269,0,0,368.0743521,1300,568
4270,0,2,752.2239926,2000,841
4271,0,7,65.95559216,1500,545
4272,1,32,187.562322,200,15
4273,0,0,1292.351652,1400,869
4274,1,0,311.9794393,800,35
4275,0,2,461.7141859,2300,827
4276,0,3,887.907434,1500,753
4277,0,9,769.0871498,1600,840
4278,0,3,1936.912268,2100,848
4279,1,0,496.9816654,600,477
4280,0,2,670.5731102,800,498
4281,1,12,819.014666,1000,446
4282,1,17,125.6232712,1100,622
4283,0,0,273.5703749,500,439
4284,0,6,896.4064267,900,437
4285,1,5,24.73024772,500,182
4286,0,0,60.07810886,600,417
4287,0,0,80.40222719,500,671
4288,1,24,65.16836696,900,71
4289,0,14,173.1557333,1400,753
4290,0,4,68.16720983,1900,832
4291,0,1,250.7375081,1000,581
4292,0,2,206.4822537,1100,617
4293,0,13,131.8833524,200,357
4294,0,1,287.0395535,500,701
4295,0,2,924.0414667,1300,559
4296,0,1,450.3946629,900,487
4297,0,1,972.2513847,1800,875
4298,0,0,368.7796843,600,354
4299,1,61,165.6265035,1000,505
4300,1,0,714.1084743,800,240
4301,1,10,972.2944643,1100,77
4302,0,80,370.6382959,1200,583
4303,0,6,266.8633267,400,261
4304,1,8,585.5896002,1000,5
4305,1,3,154.7947206,200,50
4306,1,1361,167.8616046,200,80
4307,0,3,104.1651251,2300,990
4308,1,89,747.9422631,1000,209
4309,1,151,135.0164336,200,17
4310,0,30,709.9431376,1400,625
4311,1,4,464.0219643,1000,276
4312,0,0,1364.313183,1600,608
4313,0,0,1546.822698,1700,703
4314,1,7,286.8614799,300,10
4315,0,0,471.6956586,900,719
4316,1,25,460.0079393,700,640
4317,0,0,70.6795778,1100,588
4318,0,1,702.7977434,900,324
4319,0,0,1029.58382,2700,824
4320,1,14,137.5211539,500,264
4321,1,0,418.1798053,800,259
4322,0,0,18.71724457,700,534
4323,0,8,59.7354236,1200,581
4324,0,14,376.266243,1200,621
4325,0,4,320.0557928,1300,600
4326,0,1,178.3338079,1200,842
4327,0,2,647.765948,1000,491
4328,0,1,1049.169926,1200,850
4329,0,17,344.333906,400,178
4330,1,30,310.2295507,400,313
4331,1,1,969.6386926,1400,734
4332,0,1,120.7180097,300,466
4333,1,1,364.5344191,600,381
4334,1,38,845.103135,1000,30
4335,1,0,912.287578,1000,174
4336,0,6,286.0497844,800,420
4337,0,0,6.09617186,1200,787
4338,0,0,61.08985556,800,296
4339,0,10,308.4513071,400,456
4340,1,425,271.4467407,1300,535
4341,0,18,149.3228407,800,678
4342,0,0,939.9423567,2200,989
4343,0,3,747.5834011,1600,807
4344,0,1,85.33050712,200,182
4345,0,26,89.14356215,200,217
4346,0,0,155.2812673,300,154
4347,0,1,155.431294,200,41
4348,1,1,585.834821,600,67
4349,0,0,176.6418883,900,357
4350,0,0,1602.220572,1900,864
4351,1,8,80.0728948,500,434
4352,1,0,521.6333554,700,468
4353,1,1,688.7271369,1600,583
4354,0,0,1147.011469,1900,894
4355,0,0,324.3285662,700,210
4356,0,0,282.9331765,1000,593
4357,1,28,78.15859782,800,115
4358,1,71,91.16574145,500,205
4359,0,1,1058.04092,1400,535
4360,0,0,1339.517011,2200,783
4361,0,1,208.0248181,2000,719
4362,0,3,652.0585944,2400,995
4363,0,0,11.72462373,200,641
4364,0,0,102.4223798,600,446
4365,1,1,847.4835603,900,559
4366,0,9,548.8944478,900,371
4367,0,5,564.5921383,1000,390
4368,0,3,351.9268235,800,452
4369,1,2,552.1431604,800,427
4370,0,0,673.7842447,2600,908
4371,1,23,1118.06165,1400,529
4372,0,16,138.653656,500,324
4373,1,79,1148.550234,2100,702
4374,1,60,704.0435223,1000,129
4375,0,0,1270.190624,1700,833
4376,0,0,533.8274629,2000,930
4377,1,0,528.6448802,900,508
4378,1,0,171.4127646,400,17
4379,0,5,33.73873496,200,142
4380,1,0,437.6917392,500,254
4381,0,15,217.1511184,600,122
4382,0,0,709.9106217,800,299
4383,0,0,577.5766522,800,513
4384,0,6273,385.1515676,400,120
4385,1,52,684.0124948,1300,653
4386,0,2,1205.079017,1600,914
4387,0,0,1631.623473,1800,726
4388,0,0,1459.669156,1800,949
4389,0,1,889.7117442,1400,777
4390,0,1,1363.075642,1400,594
4391,0,13,984.9845769,1600,606
4392,0,0,661.7527228,1000,681
4393,1,4,28.09727585,1000,437
4394,0,0,1438.341019,1500,882
4395,1,0,1439.627648,1600,650
4396,0,1,927.2181099,1300,561
4397,1,5,457.3287879,600,148
4398,0,1,304.5501163,800,624
4399,0,11,67.59771812,500,262
4400,1,144,69.06245655,200,156
4401,0,9,238.2767571,800,312
4402,1,0,263.0801598,600,335
4403,0,0,300.2888153,800,381
4404,1,9,626.8513858,1500,800
4405,0,2,12.3119559,200,170
4406,1,63,694.7231132,1400,581
4407,1,36,52.28524467,200,129
4408,1,12,33.83942826,200,15
4409,1,1,327.1840864,1800,168
4410,1,1,484.627935,500,423
4411,0,158,68.32274116,700,168
4412,1,47,270.2004727,500,476
4413,0,7,245.4085038,500,217
4414,0,0,506.6112455,900,527
4415,0,15,653.3353191,1400,593
4416,1,0,781.0548811,800,256
4417,0,0,1035.16515,1600,838
4418,0,6,213.2651088,700,865
4419,0,4,1376.255578,1500,660
4420,0,2,1013.17721,1300,523
4421,1,0,398.8279978,900,251
4422,1,0,948.9694251,1900,722
4423,1,12,159.1079562,1000,270
4424,1,4,923.8143052,1600,656
4425,0,24,441.3716651,1000,439
4426,1,3,316.9931383,800,337
4427,0,0,1734.825887,2100,989
4428,0,17,1383.451439,1500,82
4429,0,3,224.027665,2500,944
4430,0,6,656.8166457,700,78
4431,1,56,79.75102969,1000,291
4432,1,6,1243.275506,1300,778
4433,0,49,273.8753901,400,187
4434,1,4,104.8351723,600,448
4435,0,0,213.4500645,500,702
4436,1,81,96.60173648,900,68
4437,1,4,1161.44585,1400,664
4438,0,4,843.9215836,1300,879
4439,0,228,99.35125253,500,269
4440,0,0,460.6775724,1900,726
4441,0,243,946.630969,1700,910
4442,1,45,762.1349448,1000,508
4443,1,1,566.2608924,1600,619
4444,0,0,829.0772489,1300,938
4445,0,0,1486.413066,1700,944
4446,1,1,485.9806334,900,85
4447,0,2,1525.8233,1700,814
4448,0,1,473.8672589,1700,951
4449,0,2,50.78712293,200,153
4450,1,7,438.8687921,1500,39
4451,0,1,500.5301156,1800,735
4452,0,3,96.47737514,400,235
4453,0,0,94.49472858,1800,849
4454,0,4,1198.937642,2600,828
4455,0,2,940.2870403,2400,934
4456,1,3,173.6898332,200,34
4457,0,20,673.3971214,800,554
4458,0,0,20.01541344,1400,745
4459,0,1,1086.91492,2600,904
4460,0,1,768.4782503,1000,791
4461,0,0,2311.763066,2400,951
4462,0,1,510.11698,700,480
4463,0,0,1096.419046,1400,764
4464,0,10,114.1523263,500,449
4465,0,10,989.7942503,1200,380
4466,1,6,1490.855481,1600,557
4467,1,6,688.8336122,800,316
4468,0,2,199.319264,300,392
4469,0,10,1169.527477,1300,663
4470,0,0,352.432813,1900,994
4471,0,7,1100.053845,1800,861
4472,0,0,641.5931703,1400,925
4473,1,7,1047.069834,1100,239
4474,0,0,129.1389595,500,220
4475,0,102,1159.016436,1200,517
4476,1,8,267.6551353,600,183
4477,0,0,1699.804879,2300,982
4478,1,1,103.3131365,1000,422
4479,1,1,91.34694606,900,326
4480,1,0,769.0843634,1600,704
4481,0,7,148.0382903,200,72
4482,1,1,86.45464942,200,90
4483,0,10,70.60833251,200,698
4484,0,25,635.6009307,800,592
4485,0,0,654.0995967,800,316
4486,0,0,1275.061775,1700,704
4487,0,3,646.0119459,700,367
4488,0,16,285.2484819,1500,803
4489,1,432,1395.938907,2200,919
4490,0,28,439.5269261,600,184
4491,0,0,22.61676548,1500,711
4492,1,68,530.2725797,1000,23
4493,0,0,207.4783183,800,661
4494,0,0,519.4066175,1700,791
4495,0,5,104.2958509,800,207
4496,0,7,143.8491372,500,107
4497,1,28,516.0821827,1000,519
4498,0,0,1144.444656,1800,776
4499,0,297,412.7318737,900,424
4500,0,3,1654.604662,1900,940
4501,0,4,567.4268045,900,135
4502,0,0,25.3465772,1300,990
4503,0,131,962.2677337,1200,568
4504,0,4,454.304683,600,286
4505,0,0,584.1940495,700,19
4506,1,0,13.2684382,800,8
4507,1,2,96.53879378,600,14
4508,0,0,468.1538866,1000,765
4509,1,0,98.21925792,200,175
4510,1,1,124.7000479,500,25
4511,0,0,1304.718353,2200,935
4512,1,10,25.07660252,200,53
4513,1,272,8.352788979,200,22
4514,0,3,214.1271316,400,266
4515,0,3,558.1288961,700,861
4516,1,2,110.6280208,200,6
4517,0,12,555.5705385,800,403
4518,1,11,430.3797477,900,423
4519,0,2,463.2457414,1000,962
4520,0,548,955.4890621,1000,485
4521,0,2,860.2410656,2000,803
4522,1,3,257.0336269,1000,245
4523,0,150,485.5092282,1200,524
4524,0,217,31.13252914,1000,252
4525,1,0,587.1527429,1000,36
4526,0,10,329.7278523,1000,234
4527,0,0,2348.550336,2400,928
4528,0,0,1682.545879,1900,802
4529,0,0,608.238876,1300,730
4530,0,14,980.4254549,1600,605
4531,0,0,5.219212486,500,452
4532,0,0,1373.739024,1600,724
4533,0,144,516.7228978,1000,601
4534,0,244,1263.008881,1700,896
4535,0,3,198.4115387,300,42
4536,1,37,328.924315,600,62
4537,0,1,745.2731334,800,210
4538,1,0,89.61397971,200,159
4539,1,10,56.85380043,1500,524
4540,0,12,64.6973522,1000,262
4541,0,142,1183.63656,1400,516
4542,0,8,928.7215467,1400,500
4543,1,8,299.5585905,400,111
4544,0,3,1231.940855,1600,924
4545,0,4,55.86236445,300,6
4546,0,0,2833.110912,3000,921
4547,1,2,473.9283498,1100,302
4548,0,0,1487.620087,1900,929
4549,0,0,85.20455338,900,557
4550,0,2,128.0175267,300,417
4551,0,0,180.3223174,200,388
4552,1,8,92.76576355,800,191
4553,1,7,108.9223054,200,169
4554,0,0,555.8925489,2000,802
4555,1,1,290.2376092,500,664
4556,0,0,1528.11694,2100,850
4557,0,10,1270.219793,1900,629
4558,0,0,1319.054017,1800,608
4559,0,0,169.4637214,1200,779
4560,1,1,144.8961305,200,3
4561,1,37,1212.771934,1300,702
4562,1,6,198.3821701,200,35
4563,0,4,1768.775936,1900,822
4564,0,0,1874.896092,2400,834
4565,0,0,402.6990624,1300,781
4566,1,42,527.3595346,1000,579
4567,0,12,183.7515762,2300,855
4568,0,1,232.2928853,1300,748
4569,1,11,888.0311394,1300,68
4570,1,0,48.75007806,200,601
4571,1,12,65.96750721,200,193
4572,0,2,1132.544428,2000,612
4573,0,5,522.352458,1600,950
4574,1,5,460.9561602,700,73
4575,1,362,296.6720116,300,68
4576,1,19,1664.645566,1700,903
4577,1,87,136.2362316,200,46
4578,0,0,103.434842,1400,715
4579,0,409,61.36232049,1000,431
4580,0,9,27.19099844,1700,862
4581,0,1,427.2466654,500,247
4582,1,1,1085.820866,2200,753
4583,1,0,70.20560251,1000,147
4584,1,77,660.5764655,1100,245
4585,0,0,315.3423806,1200,952
4586,0,0,617.4152885,1600,907
4587,0,1,198.1371901,2000,768
4588,0,0,1110.998898,1200,926
4589,0,0,1112.530939,2300,793
4590,0,0,648.9988148,700,772
4591,0,29,226.7277618,300,170
4592,0,0,1836.349068,1900,780
4593,1,147,177.1765446,1800,961
4594,0,0,738.0902766,1500,894
4595,1,1589,43.52705657,700,430
4596,0,15,355.0891272,400,51
4597,0,0,943.1519131,1100,691
4598,0,6,168.6745246,700,251
4599,1,440,66.76147622,1100,560
4600,0,1,2315.880607,2400,960
4601,0,0,161.5318426,800,22
4602,0,7,1007.074356,1300,567
4603,1,6,467.3176262,2100,730
4604,1,44,593.0600618,700,270
4605,0,0,655.1119078,1000,859
4606,0,8,426.2658875,600,431
4607,0,1,823.6520786,1800,908
4608,0,0,907.3603044,1700,909
4609,1,57,362.5161038,1100,545
4610,0,7,329.8878272,1000,734
4611,0,0,1070.658343,1400,567
4612,0,0,1318.914147,1400,734
4613,0,0,931.9418706,2400,933
4614,1,3,226.189382,600,145
4615,0,1,709.0678867,2600,722
4616,1,52,224.2970383,800,306
4617,0,0,787.0059634,1500,675
4618,0,0,29.31875861,400,327
4619,1,15,325.8790175,1500,681
4620,0,4,97.7736763,200,462
4621,0,42,522.1422077,900,402
4622,0,0,1968.253572,2200,861
4623,0,1,194.7783076,600,695
4624,1,88,243.4592051,1100,588
4625,0,0,1248.289835,1400,717
4626,0,7,1207.463805,1600,939
4627,0,0,1566.898629,2100,977
4628,0,2,150.5059402,300,361
4629,0,1,0.086001332,900,563
4630,1,198,479.5797918,1000,286
4631,0,0,948.6127363,1100,179
4632,0,6,290.0138518,700,395
4633,1,88,76.6494915,700,498
4634,1,1,1449.851989,1500,104
4635,0,2,637.4124947,1000,232
4636,1,5,603.6222205,1000,10
4637,0,8,82.66969881,400,124
4638,0,7,186.8880448,1600,782
4639,0,1,708.2559097,800,587
4640,1,3,756.1419752,1100,575
4641,0,5,411.6324595,1800,948
4642,0,0,430.2592687,1300,824
4643,0,0,505.9674662,900,610
4644,0,1,866.7676984,1400,731
4645,1,22,565.236975,700,313
4646,0,0,138.922681,500,201
4647,0,30,126.755297,700,395
4648,1,0,166.0508126,200,394
4649,1,0,248.5305575,1000,51
4650,1,37,434.8150295,900,213
4651,0,227,685.3795965,2200,680
4652,0,3,519.7022586,1000,389
4653,0,103,9.775062435,700,340
4654,0,1,1321.774899,1600,902
4655,0,18,70.1926742,1600,884
4656,0,15,346.5727351,500,433
4657,0,12,524.8120419,2100,914
4658,0,8,271.5292602,800,304
4659,0,26,364.4024422,800,213
4660,1,64,528.4543911,2500,913
4661,0,94,92.62672422,700,317
4662,1,205,348.9923954,700,691
4663,0,0,48.11492957,200,67
4664,0,4,479.9058437,700,419
4665,0,0,548.4940147,1400,689
4666,0,0,2.393960729,200,67
4667,1,16,174.5307013,1000,522
4668,0,0,188.3349533,200,112
4669,0,0,2397.721002,3100,991
4670,1,7,255.3463332,300,122
4671,1,15,43.15320062,500,141
4672,0,17,276.6074796,900,412
4673,0,0,1371.473206,2300,815
4674,0,0,381.0929441,1400,887
4675,1,4,102.361086,600,320
4676,1,0,411.2038605,1000,392
4677,0,0,371.50906,400,459
4678,0,0,183.2207064,200,687
4679,0,0,1279.460905,1300,946
4680,0,657,326.7638306,700,213
4681,0,0,1226.44287,2600,934
4682,0,31,347.7881878,900,290
4683,0,742,1017.683539,1200,237
4684,0,5,493.7761624,1000,572
4685,0,5,602.5733599,1000,667
4686,0,0,354.9935642,1500,949
4687,0,0,119.1099875,1700,971
4688,0,28,327.3792537,800,131
4689,0,28,454.9510926,700,487
4690,1,36,848.9408898,900,160
4691,0,0,1148.583983,1500,757
4692,0,6,89.26835121,200,106
4693,1,6,220.0817187,500,351
4694,0,1,229.3043055,1100,744
4695,0,5,92.32588025,600,477
4696,0,0,1.665769684,200,83
4697,0,3,121.3636122,300,658
4698,1,27,887.1813126,1200,658
4699,0,3,253.4884957,1800,832
4700,1,80,1797.320646,2500,669
4701,0,9,562.1158376,600,207
4702,0,32,371.8117056,500,24
4703,1,89,796.9805172,800,690
4704,0,0,269.892803,700,407
4705,0,0,710.3508466,800,370
4706,0,0,230.1656795,2200,818
4707,0,3,1156.996411,1900,857
4708,0,5,984.5974745,1600,719
4709,0,9,261.9684807,300,669
4710,0,0,607.6986843,1400,650
4711,0,1,1045.891632,1600,766
4712,0,0,24.45093218,600,47
4713,0,5,387.1753932,1500,971
4714,1,19,738.3476863,1100,511
4715,1,20,829.4923323,1700,971
4716,0,0,796.9405765,1200,766
4717,1,51,310.4134922,600,423
4718,1,4,520.888234,900,491
4719,0,2,35.67271068,1900,628
4720,0,0,439.7709696,1800,849
4721,1,839,547.8880634,700,275
4722,1,175,918.5091177,1100,515
4723,0,2,517.2659861,900,62
4724,0,0,437.9720221,1100,822
4725,0,0,487.5490217,600,330
4726,0,1,334.2489558,1100,421
4727,0,0,35.84761978,1200,568
4728,0,3,766.0176954,800,445
4729,1,0,1087.798885,1100,253
4730,1,7,951.1947179,1300,199
4731,0,0,1043.835628,1100,786
4732,0,0,394.4175875,1700,878
4733,0,0,124.3754315,2200,952
4734,1,2,824.5743113,900,30
4735,0,0,574.961511,800,791
4736,1,32,641.5680507,1800,640
4737,0,34,631.2885631,800,588
4738,0,0,2152.805737,2400,740
4739,0,22,494.0267802,1000,248
4740,0,0,624.850004,1200,544
4741,0,14,1036.027245,1100,658
4742,1,11,1188.279769,1300,292
4743,0,0,1266.234866,1400,874
4744,1,107,78.0551824,700,418
4745,0,2,200.9649423,900,556
4746,0,0,1660.974923,1800,887
4747,0,2,353.4471872,1200,719
4748,0,0,356.2094009,400,375
4749,0,2,468.7531199,1900,711
4750,0,0,475.0052909,1400,727
4751,0,5,710.9908701,2200,724
4752,1,7,78.7872622,200,119
4753,0,13,1755.997493,1900,705
4754,1,6,792.5604732,1000,129
4755,1,3,490.4788815,600,306
4756,0,3,388.4312644,700,544
4757,1,1,656.7582413,1000,670
4758,0,7,123.2469382,1100,611
4759,0,0,737.3933717,1200,557
4760,0,6,1121.875218,1400,670
4761,1,1,268.4630212,700,362
4762,0,0,1139.521433,1900,795
4763,0,1,973.3553023,1700,979
4764,1,24,165.8192198,200,159
4765,0,0,10.17894848,1100,512
4766,0,2,491.6263498,800,645
4767,0,0,2011.09861,2400,907
4768,1,2,286.6417002,400,26
4769,0,4,204.8868231,900,536
4770,0,0,165.5692024,200,120
4771,0,0,1170.156392,1600,939
4772,1,12,987.1498835,1200,328
4773,0,0,276.2873073,1600,995
4774,1,2,280.5395462,900,296
4775,0,1,984.8731585,1100,738
4776,0,0,403.8331402,1100,755
4777,1,3,244.4704765,700,144
4778,1,27,146.380932,500,345
4779,0,11,199.7888131,1200,733
4780,0,0,640.5007939,1500,627
4781,0,0,2375.253856,2800,949
4782,1,67,97.34765846,600,218
4783,1,267,409.4311922,600,445
4784,0,0,529.7064054,1000,493
4785,0,11,108.3243407,300,134
4786,0,30,41.40260157,200,16
4787,0,1,161.5886823,300,476
4788,0,0,567.3535331,2100,927
4789,1,139,122.7912336,1100,630
4790,1,63,876.159596,1300,535
4791,0,0,133.8435394,1200,780
4792,0,13,192.4224118,600,286
4793,0,0,213.162829,1700,757
4794,0,3,202.4636313,700,193
4795,0,14,609.6125842,2200,787
4796,0,0,646.1898026,1400,761
4797,1,67,620.5461755,1800,826
4798,0,3,2.528412939,200,71
4799,0,0,1398.309254,2400,973
4800,1,0,82.16541703,900,126
4801,0,0,1768.128596,2100,960
4802,0,0,741.7353112,800,463
4803,0,0,1042.791051,1100,534
4804,0,0,283.8475757,600,260
4805,1,2,1517.467511,2000,602
4806,0,1,196.5667338,1200,101
4807,0,0,935.1427415,1600,926
4808,1,1,556.0698685,600,83
4809,0,1,675.4750687,700,259
4810,0,4,564.8558901,800,395
4811,0,0,918.9005236,1800,844
4812,1,109,1253.106605,2100,954
4813,0,3,10.6343056,900,194
4814,1,39,859.630827,1400,127
4815,0,1,403.7529638,700,342
4816,1,0,164.3756561,200,69
4817,0,0,924.3814626,1300,635
4818,1,8,651.3275712,700,436
4819,0,0,188.0950113,400,443
4820,0,0,1144.283588,1900,719
4821,0,1,205.629859,500,629
4822,1,69,490.7873408,500,9
4823,0,0,316.1522524,2000,704
4824,0,1,487.5527274,1400,551
4825,0,27,321.2880664,1000,328
4826,0,1,332.2225041,500,404
4827,0,4,822.9630945,900,779
4828,0,0,143.5095878,700,540
4829,0,0,286.0922912,500,494
4830,0,2,660.1509991,700,291
4831,0,4,353.6502908,1400,774
4832,0,11,398.5326367,900,645
4833,0,1,26.66403638,900,535
4834,0,1,100.056519,200,44
4835,1,5,14.8478223,400,23
4836,0,0,621.9766527,700,277
4837,0,0,49.75427257,200,28
4838,1,4,628.4825293,1100,243
4839,0,0,1078.481788,1200,549
4840,1,73,298.2971255,2100,931
4841,1,5,513.7150949,600,8
4842,1,80,1258.730519,1700,653
4843,1,4,85.23393526,200,180
4844,0,33,9.075349143,800,465
4845,0,19,442.1869227,700,228
4846,0,49,767.4673553,1000,65
4847,0,0,584.8153072,1100,252
4848,1,3,418.9407369,700,353
4849,0,11,122.7796692,600,313
4850,0,1,371.0902811,800,179
4851,1,94,113.1509563,200,259
4852,0,4,231.5971457,300,442
4853,0,3,165.5859657,800,14
4854,1,4,29.86308836,300,55
4855,0,11,87.80841893,400,295
4856,1,54,61.09257656,200,9
4857,1,6,87.74104678,200,30
4858,1,4,734.6835454,1200,644
4859,1,0,216.3706105,1700,556
4860,0,24,571.9710337,1400,707
4861,0,0,684.6864212,2200,817
4862,1,30,134.6289032,500,328
4863,1,86,489.4111853,800,523
4864,0,2,526.9399985,1700,635
4865,0,1,984.8966609,1700,893
4866,0,0,867.4846933,1200,525
4867,1,0,516.5632088,1100,471
4868,0,4,1263.653173,1700,919
4869,1,0,360.5953992,700,475
4870,0,0,394.4626989,700,619
4871,0,0,395.1470411,500,390
4872,0,0,1452.41676,1500,868
4873,0,18,134.8445664,900,416
4874,1,8,660.3742755,900,581
4875,0,0,715.3029308,1400,510
4876,1,1,130.3448339,1000,299
4877,1,16,104.1958426,200,95
4878,1,45,808.460401,1100,405
4879,0,1,94.51236335,1100,539
4880,0,0,723.4005441,1000,711
4881,0,3,34.1974162,700,162
4882,1,7,550.1068389,1000,426
4883,0,8,481.0595943,1100,856
4884,0,0,772.1466244,1400,663
4885,0,3,320.8927119,700,21
4886,0,4,1428.447119,1600,883
4887,0,0,1599.790863,1700,700
4888,0,0,771.0634772,1100,552
4889,0,1,324.790343,1500,701
4890,1,0,611.3342836,800,351
4891,1,13,764.4787424,900,258
4892,0,3,494.3763917,700,466
4893,0,0,1535.658138,2000,928
4894,0,0,1083.701699,2100,773
4895,0,0,1239.475226,1600,905
4896,0,5,491.3914735,600,206
4897,1,72,174.0777564,600,355
4898,1,16,213.6409164,700,64
4899,0,0,114.4031963,1800,981
4900,0,0,1539.166683,2000,914
4901,0,1,823.8887571,2100,956
4902,0,0,1197.245442,3200,738
4903,0,0,523.0571448,1700,922
4904,0,49,642.9390229,1100,289
4905,0,98,94.70276083,600,229
4906,1,79,551.4384202,800,170
4907,0,12,389.8519176,500,11
4908,0,0,1259.804663,2000,858
4909,0,0,434.3464057,600,593
4910,0,53,163.2177899,200,297
4911,1,0,922.2246573,1100,219
4912,0,1,829.5757824,1100,188
4913,0,0,60.20158212,2000,990
4914,0,29,557.1102048,1200,658
4915,1,30,462.4576732,900,546
4916,0,1,1619.618078,1800,879
4917,1,30,46.13587978,400,36
4918,0,3,1513.494095,2400,689
4919,0,0,1121.204436,1600,615
4920,1,1,36.9899333,600,14
4921,0,1,130.5930295,600,731
4922,0,4,733.4589499,1600,815
4923,0,0,324.9674581,600,477
4924,0,0,273.708421,600,757
4925,1,7,188.8516395,500,117
4926,0,19,239.1860014,1100,697
4927,0,17,39.30328332,700,246
4928,0,12,565.4572489,1300,704
4929,0,1,624.8269888,700,446
4930,0,3,785.5874742,2100,928
4931,0,3,494.1132314,1600,897
4932,0,0,343.0879707,2100,901
4933,0,172,412.2862429,1700,310
4934,0,0,564.8661379,1800,634
4935,0,0,4.26548966,2500,928
4936,0,0,468.6712504,2100,813
4937,0,3,9.403782277,400,457
4938,1,13,193.9637394,800,257
4939,1,1,1467.406269,2300,809
4940,0,0,1366.740686,1400,839
4941,0,0,826.5696088,1200,393
4942,0,2,919.4451552,1000,594
4943,1,9,303.3329763,1000,95
4944,0,7,601.5663571,1100,447
4945,0,12,355.3886262,900,388
4946,0,0,533.7445298,1000,877
4947,0,6,212.1578724,2000,833
4948,0,0,164.8948499,700,404
4949,0,0,1906.200858,2300,855
4950,0,0,375.6018186,1300,666
4951,1,58,987.5266361,1200,269
4952,0,1,319.1513573,400,493
4953,0,2,136.1664221,200,68
4954,0,0,745.8661065,900,826
4955,1,0,434.1225798,1900,810
4956,1,33,236.4090502,2300,731
4957,0,0,597.0186446,3300,953
4958,0,1,562.7252417,1400,713
4959,1,2,222.0253641,600,249
4960,0,1,281.0492619,600,859
4961,1,2,482.5704539,900,298
4962,1,26,163.4986287,600,214
4963,1,0,590.5092161,1900,841
4964,1,78,617.1708109,800,220
4965,1,177,176.3099318,200,86
4966,0,14,455.741044,1400,785
4967,0,2,149.9927819,700,206
4968,1,60,1071.810407,1100,677
4969,0,1,364.0901648,1100,579
4970,0,1,385.7931231,1400,666
4971,0,0,1035.118212,1100,750
4972,0,4,1227.840792,2000,703
4973,0,17,126.0755563,400,376
4974,0,4,1111.702036,1500,502
4975,0,0,594.779219,1200,851
4976,0,6,1863.416226,2100,769
4977,1,6,95.9326235,200,29
4978,0,91,348.3778036,1000,390
4979,0,5,550.2213325,900,63
4980,0,0,207.2984226,900,403
4981,0,2,1020.8464,1500,645
4982,1,26,1951.044589,2200,810
4983,1,79,6.542149608,400,333
4984,0,8,507.242764,800,227
4985,1,4,612.4808608,800,433
4986,1,35,341.2495974,400,299
4987,1,66,22.11200768,1300,316
4988,0,5,210.7049642,300,182
4989,0,0,1005.744835,1400,606
4990,0,1,1637.33915,1800,821
4991,1,56,20.58251199,1100,50
4992,0,0,1550.931088,1600,960
4993,0,13,201.2205894,300,204
4994,0,11,124.7588179,900,287
4995,0,0,861.8110437,1600,843
4996,1,50,783.2224636,1200,683
4997,0,1,958.55595,2400,961
4998,0,19,57.22641106,200,56
4999,0,15,438.8085155,600,301
5000,1,1,173.7490985,1800,608
